step,sim_time,algorithm,avg_speed_kmh,avg_queue,avg_latency_ms,co2_total,active_vehicles
0,0.0,static,47.156,0.0406,34525.2008,2053.35,1
1,1.0,static,47.2229,0.0,34278.2,3758.4603,1
2,2.0,static,46.6331,0.0406,35401.7857,6514.853,2
3,3.0,static,46.8199,0.0,34859.5935,10975.506,2
4,4.0,static,46.3137,0.0406,35824.8934,13107.9948,3
5,5.0,static,46.5629,0.0,35148.0235,16522.5787,3
6,6.0,static,46.024,0.0406,35032.3138,21312.279,4
7,7.0,static,46.4674,0.0,34370.1771,33592.0445,4
8,8.0,static,46.2699,0.0406,34497.3089,31379.195,5
9,9.0,static,46.621,0.0,34083.1738,34740.3101,5
10,10.0,static,46.258,0.0406,35127.912,37508.7277,6
11,11.0,static,46.5718,0.0,34564.2449,32708.3437,6
12,12.0,static,46.0931,0.0406,35264.9992,40260.1683,7
13,13.0,static,46.5412,0.0,34605.9085,48503.4735,7
14,14.0,static,46.1531,0.0406,35535.2912,41116.7438,8
15,15.0,static,46.4176,0.0,35027.3272,40154.619,8
16,16.0,static,46.2421,0.0406,35270.1472,37815.8568,9
17,17.0,static,46.5539,0.0,34628.5819,42829.2357,9
18,18.0,static,46.1245,0.0406,35588.7323,40561.1507,10
19,19.0,static,46.4132,0.0,35066.2068,42924.2655,10
20,20.0,static,46.8474,0.0,34428.7793,62343.0369,10
21,21.0,static,46.7418,0.0406,35118.9611,41807.5816,11
22,22.0,static,46.388,0.0406,35788.6327,58365.3438,12
23,23.0,static,46.6585,0.0,35093.5897,34360.8519,11
24,24.0,static,46.0339,0.0406,34996.0612,52079.8323,13
25,25.0,static,46.3549,0.0,34551.561,52296.9898,13
26,26.0,static,45.7915,0.0406,35338.7503,54975.2326,14
27,27.0,static,46.0444,0.0,34840.4413,49142.7638,14
28,28.0,static,45.7542,0.0406,35761.9905,68996.6371,15
29,29.0,static,46.1648,0.0,35018.2739,63265.4024,15
30,30.0,static,46.0072,0.0406,35247.3926,48297.3393,16
31,31.0,static,46.3933,0.0,34735.3719,69899.9328,16
32,32.0,static,46.2603,0.0406,34860.2624,70098.3166,17
33,33.0,static,46.4649,0.0,34465.7659,62102.8908,17
34,34.0,static,46.2123,0.0406,34723.2853,70846.2596,18
35,35.0,static,46.6015,0.0,34285.2727,86211.1686,18
36,36.0,static,46.3175,0.0406,34813.7761,65882.3498,19
37,37.0,static,46.4061,0.0,34608.7097,69422.245,19
38,38.0,static,45.4834,0.0406,35207.3082,65239.1139,20
39,39.0,static,45.6198,0.0,35188.3684,80974.5784,20
40,40.0,static,45.0841,0.0406,35930.9321,74761.8039,21
41,41.0,static,45.2561,0.0,35432.7615,78078.5314,21
42,42.0,static,44.6128,0.0406,36270.1232,67497.7486,22
43,43.0,static,44.4302,0.0,36485.6837,81281.1193,22
44,44.0,static,43.8078,0.0812,37036.2073,77433.3838,23
45,45.0,static,44.1566,0.0812,36711.2676,111487.6697,23
46,46.0,static,44.4288,0.1219,36565.4366,109149.779,23
47,47.0,static,44.0129,0.1625,37330.6553,78228.0389,24
48,48.0,static,43.9956,0.2031,37836.2253,107144.2357,25
49,49.0,static,44.0317,0.1625,37686.7321,96276.1855,25
50,50.0,static,45.1909,0.1219,35720.2381,68778.9151,22
51,51.0,static,44.5461,0.0812,36587.3962,81435.264,23
52,52.0,static,43.6632,0.1219,37759.2232,88109.0633,25
53,53.0,static,43.9083,0.0812,37022.3406,102687.645,25
54,54.0,static,43.1597,0.1219,38489.8723,126894.9799,28
55,55.0,static,43.6714,0.0812,37327.8229,139829.8557,28
56,56.0,static,43.5037,0.1625,37349.5242,112356.5271,28
57,57.0,static,44.1307,0.1219,36473.1005,140243.6356,28
58,58.0,static,44.4831,0.1219,35991.2486,121624.7589,28
59,59.0,static,44.4237,0.1625,36167.4724,84310.8341,28
60,60.0,static,43.4973,0.1625,36620.9412,88361.9467,29
61,61.0,static,43.7777,0.1219,36282.4613,97505.8946,29
62,62.0,static,43.4437,0.1625,36620.9173,92803.6974,29
63,63.0,static,43.6532,0.1219,36385.6045,101440.1413,29
64,64.0,static,43.4399,0.1625,36827.177,106952.2011,31
65,65.0,static,43.8798,0.1219,36385.7632,135697.7712,31
66,66.0,static,44.0234,0.1625,36523.8178,111799.8805,31
67,67.0,static,44.0241,0.1219,36473.7931,116652.8822,32
68,68.0,static,43.664,0.1625,36795.801,124771.8356,33
69,69.0,static,43.7422,0.1219,36681.1381,106577.7723,33
70,70.0,static,43.2698,0.1625,37299.4951,131016.2189,33
71,71.0,static,43.1865,0.1219,37204.7564,112451.1333,33
72,72.0,static,41.9758,0.1625,7443037.7162,117527.4144,34
73,73.0,static,42.1533,0.1219,43202.5161,126874.1283,36
74,74.0,static,42.5468,0.2031,39415.7631,116695.4038,36
75,75.0,static,42.2714,0.2031,39188.3305,128057.3252,36
76,76.0,static,41.5541,0.2438,38702.3036,153225.0591,37
77,77.0,static,41.9907,0.2031,37929.8909,143223.9457,37
78,78.0,static,41.7707,0.2438,38351.618,149369.367,38
79,79.0,static,42.1539,0.2031,37871.8598,134793.6494,38
80,80.0,static,42.0512,0.2844,38099.6412,167891.9005,40
81,81.0,static,42.3445,0.2438,37720.2903,132907.9511,40
82,82.0,static,41.9205,0.2844,38670.5186,119670.7437,41
83,83.0,static,41.9586,0.2438,38826.3159,140104.748,41
84,84.0,static,42.0816,0.3656,38913.8696,165102.109,42
85,85.0,static,41.9929,0.325,38924.0234,118473.4834,42
86,86.0,static,41.6242,0.3656,39601.2223,135340.0745,43
87,87.0,static,41.3831,0.3656,40782.5616,118192.829,42
88,88.0,static,40.152,0.4062,47890.1754,111333.7062,43
89,89.0,static,39.8607,0.3656,67207.7272,107271.0026,43
90,90.0,static,44.0241,0.1219,37507.0029,135191.9784,34
91,91.0,static,44.1535,0.0406,37529.0245,96178.9537,32
92,92.0,static,43.4892,0.1219,39049.2389,136873.3563,37
93,93.0,static,43.3731,0.0812,39441.496,132767.3033,39
94,94.0,static,42.7259,0.1219,39925.0276,139927.6145,41
95,95.0,static,41.5008,0.1219,43148.3641,199345.9378,45
96,96.0,static,41.9345,0.1219,40878.5736,199448.0707,45
97,97.0,static,43.038,0.0812,39005.1881,211194.5885,44
98,98.0,static,43.0441,0.0812,38764.4442,177240.8019,45
99,99.0,static,42.5651,0.1625,39023.7874,224787.0142,48
100,100.0,static,42.1205,0.2031,39810.2641,174078.6111,49
101,101.0,static,42.0078,0.2031,40174.5281,175077.7095,49
102,102.0,static,41.5384,0.2844,41059.4377,174641.1511,49
103,103.0,static,41.8207,0.2844,41505.1278,170329.5575,49
104,104.0,static,41.7547,0.325,42320.5244,168209.909,48
105,105.0,static,41.7709,0.325,42698.734,150280.57,49
106,106.0,static,41.4038,0.4062,43660.1035,156565.8048,49
107,107.0,static,41.778,0.4469,43115.8887,179741.4046,49
108,108.0,static,41.8017,0.4469,42907.1908,169521.1753,49
109,109.0,static,41.6767,0.4875,43269.0643,167456.1566,50
110,110.0,static,40.5013,0.4875,45534.1769,132687.3054,52
111,111.0,static,40.6195,0.4469,45932.9524,178172.4001,52
112,112.0,static,40.2533,0.4875,47626.8456,182534.5884,52
113,113.0,static,40.3265,0.4875,47121.6178,187725.0518,52
114,114.0,static,39.6305,0.5688,47558.9097,114475.0743,52
115,115.0,static,39.9248,0.5281,47643.9872,188729.8305,53
116,116.0,static,39.7702,0.5688,47992.389,152974.7017,55
117,117.0,static,40.1912,0.5688,48156.34,201018.2911,55
118,118.0,static,40.2182,0.6094,48917.8673,173379.9047,56
119,119.0,static,40.2702,0.5688,49992.4893,172988.4134,56
120,120.0,static,40.1528,0.6906,51307.1162,190812.4278,55
121,121.0,static,39.968,0.65,54599.8289,147525.4266,55
122,122.0,static,39.467,0.65,60850.3556,145296.1896,56
123,123.0,static,39.554,0.6906,94592.1569,193554.2241,55
124,124.0,static,39.1141,0.6906,412677.4835,178066.392,56
125,125.0,static,39.2125,0.6906,8890282.4186,187690.7392,55
126,126.0,static,39.5209,0.6906,10118432.7566,209736.5265,55
127,127.0,static,39.8414,0.7313,53829.4782,172534.4464,57
128,128.0,static,39.1614,0.7719,52103.9152,190319.1768,58
129,129.0,static,39.4028,0.7313,50588.7485,198210.1553,58
130,130.0,static,39.2015,0.7719,50325.8792,178190.7125,58
131,131.0,static,39.6271,0.7313,50164.8012,190200.3939,57
132,132.0,static,38.1333,0.8125,52695.345,145441.9917,59
133,133.0,static,38.4764,0.7719,51397.4909,194235.7628,58
134,134.0,static,37.5751,0.8531,52432.3932,182211.4414,60
135,135.0,static,38.7401,0.65,48984.9086,190651.4603,55
136,136.0,static,39.0204,0.6906,50187.1669,222566.3473,56
137,137.0,static,38.5259,0.6094,49536.1646,185199.4484,58
138,138.0,static,38.5391,0.65,49339.1458,188153.805,58
139,139.0,static,38.2611,0.6094,49806.3094,234201.6087,59
140,140.0,static,41.6487,0.3656,41855.6839,186438.8576,52
141,141.0,static,41.6096,0.1625,41434.1226,215385.975,52
142,142.0,static,40.6758,0.1625,42144.1101,211337.6829,56
143,143.0,static,41.511,0.0812,40077.8822,249292.9433,55
144,144.0,static,41.1809,0.2031,39908.2327,185906.3639,57
145,145.0,static,40.9638,0.2031,40217.693,238013.696,60
146,146.0,static,41.743,0.2031,39019.1867,248975.722,59
147,147.0,static,42.3498,0.2844,38788.766,271518.2187,58
148,148.0,static,42.3035,0.2438,39813.2035,240043.0926,60
149,149.0,static,42.6049,0.2438,45997.286,244918.9779,60
150,150.0,static,41.5649,0.2844,424926.3216,220867.7515,64
151,151.0,static,41.6506,0.2844,4357279.3273,210382.1558,64
152,152.0,static,41.7477,0.2844,7443052.3706,250910.8094,65
153,153.0,static,42.121,0.2438,7442496.1256,264298.3114,64
154,154.0,static,41.5089,0.2844,7443420.6769,235681.247,63
155,155.0,static,41.8396,0.2438,7443179.8316,270670.6701,63
156,156.0,static,41.136,0.2844,7444661.8736,195377.159,65
157,157.0,static,41.5439,0.2438,7443974.1443,227496.0131,64
158,158.0,static,41.6838,0.2844,7443816.0216,242508.6734,65
159,159.0,static,42.0663,0.2844,7443230.0963,210738.2787,65
160,160.0,static,41.7927,0.325,7443586.4607,214051.4108,67
161,161.0,static,41.9017,0.2844,7443182.136,205124.7428,66
162,162.0,static,42.2444,0.325,7442845.5608,223937.2836,64
163,163.0,static,41.8484,0.2844,7443147.5866,171086.8377,65
164,164.0,static,41.793,0.325,7443092.2076,232851.1358,66
165,165.0,static,41.7841,0.2844,52274.0866,203807.4613,65
166,166.0,static,41.3133,0.325,43476.9966,210368.1309,67
167,167.0,static,41.3523,0.2844,41685.1354,229093.0028,68
168,168.0,static,40.9269,0.3656,41080.9927,215355.7948,67
169,169.0,static,40.9507,0.3656,40398.836,228141.6338,67
170,170.0,static,40.1737,0.4062,40361.8432,242015.0287,69
171,171.0,static,40.224,0.3656,39976.3595,256102.3064,70
172,172.0,static,40.2329,0.4469,40026.7481,216341.9853,71
173,173.0,static,40.1915,0.5281,40297.028,201501.1927,70
174,174.0,static,39.7783,0.5688,41261.1509,190897.7165,71
175,175.0,static,39.5314,0.5688,42065.6408,211026.0911,70
176,176.0,static,39.1531,0.6094,43297.3263,177662.2695,69
177,177.0,static,37.6835,0.6906,46149.2521,179677.7802,70
178,178.0,static,36.8481,0.8125,49567.5573,201674.6999,73
179,179.0,static,36.5059,0.8531,51900.8195,198926.4972,72
180,180.0,static,40.6671,0.4062,43065.1755,193996.0327,57
181,181.0,static,40.3042,0.2438,43975.0579,174293.9715,57
182,182.0,static,38.3402,0.2844,47198.4284,166140.2599,61
183,183.0,static,38.3789,0.2844,48078.067,185684.2712,64
184,184.0,static,38.5781,0.3656,47333.3417,254800.5756,63
185,185.0,static,38.521,0.2844,47177.4246,280912.6812,67
186,186.0,static,38.2357,0.3656,45799.1342,320690.8779,72
187,187.0,static,39.2335,0.325,43301.8162,337104.7722,71
188,188.0,static,40.4242,0.3656,41683.8529,333788.3909,71
189,189.0,static,41.2581,0.3656,40702.5096,333041.8277,73
190,190.0,static,41.0575,0.4062,41049.4067,285274.1904,74
191,191.0,static,41.6548,0.3656,40068.8392,296368.4036,75
192,192.0,static,42.2823,0.3656,39243.9982,323417.2449,74
193,193.0,static,42.7951,0.3656,38866.3476,269727.3374,73
194,194.0,static,42.8101,0.4062,38790.9517,264238.6561,74
195,195.0,static,42.5685,0.4062,39354.6437,269787.8739,75
196,196.0,static,42.8199,0.4062,39228.5466,248766.5879,75
197,197.0,static,42.4835,0.3656,39792.7989,209124.7594,76
198,198.0,static,41.4106,0.4062,41310.0426,253678.6554,78
199,199.0,static,42.0913,0.3656,40728.0958,267140.2336,78
200,200.0,static,42.4497,0.3656,40312.4804,264777.918,77
201,201.0,static,42.0106,0.4469,40676.0351,245575.6083,80
202,202.0,static,41.5362,0.4875,41738.935,269340.8024,80
203,203.0,static,41.9378,0.4875,40940.3638,285029.1963,79
204,204.0,static,41.5826,0.5281,41197.0569,250099.8843,80
205,205.0,static,41.4002,0.4875,41516.931,220027.1398,80
206,206.0,static,41.6168,0.5688,41273.2592,242205.0359,80
207,207.0,static,41.8735,0.6094,41003.6908,253808.8276,80
208,208.0,static,41.4258,0.65,41647.4039,226055.2895,81
209,209.0,static,41.0127,0.6094,42234.7365,230138.1869,81
210,210.0,static,40.6574,0.65,43044.6315,230042.5576,81
211,211.0,static,40.1239,0.6094,44645.2756,205564.4927,80
212,212.0,static,40.0673,0.6906,48748.2089,233450.5998,80
213,213.0,static,39.6596,0.7719,56681.3671,209716.7587,81
214,214.0,static,38.8042,0.8531,145929.1105,226888.6664,81
215,215.0,static,38.1883,0.8531,378339.5902,182577.95,80
216,216.0,static,38.1088,0.9344,1861904.8289,236513.5084,80
217,217.0,static,37.8599,0.8938,18798035.2095,212741.0699,78
218,218.0,static,36.7681,0.9344,91762.4212,237435.8089,79
219,219.0,static,35.8012,0.9344,82841.9434,210203.6675,80
220,220.0,static,35.468,1.0969,267258.283,255956.553,81
221,221.0,static,35.6058,1.1781,221518.3711,249596.3337,79
222,222.0,static,36.2429,1.2188,2337713.5455,269911.3058,79
223,223.0,static,35.566,1.1781,18805155.9308,242554.6006,80
224,224.0,static,35.6638,1.2594,18806452.5795,296362.3766,80
225,225.0,static,36.8095,1.0563,18802327.8297,259431.6985,74
226,226.0,static,36.5613,0.975,18805467.2498,236285.1199,75
227,227.0,static,36.8474,0.8531,18802880.3778,247709.3798,75
228,228.0,static,36.4476,0.8531,18801748.6727,211162.8495,74
229,229.0,static,36.6109,0.8531,18800277.3335,306295.892,77
230,230.0,static,36.9686,0.65,18795098.9776,254618.5878,71
231,231.0,static,37.5504,0.325,62278.4703,244339.4318,68
232,232.0,static,37.144,0.2844,50600.1027,270015.373,71
233,233.0,static,38.395,0.2438,44408.5098,233395.3809,68
234,234.0,static,38.9859,0.3656,43673.548,288674.0255,68
235,235.0,static,39.1901,0.3656,44198.0561,288494.8424,71
236,236.0,static,39.6393,0.4062,44390.5943,283480.1369,67
237,237.0,static,39.4552,0.325,52176.8657,311687.2142,75
238,238.0,static,38.9838,0.4062,300932.05,325169.5053,77
239,239.0,static,39.7367,0.4062,765643.4391,337400.4717,77
240,240.0,static,40.5322,0.4469,7444529.9836,344155.6562,79
241,241.0,static,40.8538,0.4062,7444371.2523,306509.3488,79
242,242.0,static,41.1073,0.4875,7444409.2455,325151.3781,79
243,243.0,static,41.0985,0.4875,7444383.9284,264829.0676,80
244,244.0,static,40.94,0.5281,7444349.799,282745.7484,78
245,245.0,static,40.9374,0.5281,7444372.2035,245536.1445,78
246,246.0,static,40.4058,0.5688,7445022.0176,231289.036,78
247,247.0,static,40.3041,0.5688,7445059.4648,262174.5174,79
248,248.0,static,40.2668,0.6094,7445263.0349,267244.376,80
249,249.0,static,40.417,0.5688,7445076.111,216804.4933,80
250,250.0,static,40.2221,0.6094,7445422.9469,266371.9918,80
251,251.0,static,40.5684,0.6094,7444908.316,264804.6746,79
252,252.0,static,40.1354,0.65,7445304.7771,244467.6241,80
253,253.0,static,40.2345,0.6094,7445149.4059,255592.5587,80
254,254.0,static,40.1764,0.65,7445398.2762,251233.6231,81
255,255.0,static,40.1815,0.6094,51255.7093,238231.2328,80
256,256.0,static,39.8858,0.7313,48388.0826,225756.9147,79
257,257.0,static,39.6673,0.7313,47898.633,214461.0505,77
258,258.0,static,38.8338,0.7719,53418.091,250522.9638,79
259,259.0,static,39.4244,0.7719,65216.7979,245618.7566,79
260,260.0,static,38.8798,0.8531,345639.6036,237719.2857,80
261,261.0,static,39.1479,0.8531,1948757.609,263226.1942,80
262,262.0,static,39.0023,0.9344,18633769.7011,220290.3627,80
263,263.0,static,39.0026,0.8938,18634816.1202,255585.2382,80
264,264.0,static,38.1052,0.9344,18637279.5072,229635.2244,79
265,265.0,static,38.2001,0.9344,77173.7656,211050.226,78
266,266.0,static,36.8573,1.0156,70065.1635,197508.9246,78
267,267.0,static,36.3976,1.0156,63348.067,209704.9792,77
268,268.0,static,35.5628,1.1375,62516.4221,186782.8115,78
269,269.0,static,35.3843,1.1781,61775.3792,221134.5246,77
270,270.0,static,37.9698,0.6094,51229.421,170647.173,59
271,271.0,static,38.1593,0.2438,50283.3949,232737.4522,61
272,272.0,static,36.9131,0.1625,54871.3501,232064.7664,67
273,273.0,static,39.1098,0.1219,53485.9653,262152.2512,60
274,274.0,static,38.2737,0.1219,47137.393,311062.9212,65
275,275.0,static,37.4515,0.2031,47060.8946,327369.9339,68
276,276.0,static,37.8642,0.2438,45717.8132,357983.5671,70
277,277.0,static,38.8109,0.2844,46345.67,337161.1952,71
278,278.0,static,38.7366,0.325,45943.2843,367266.8947,75
279,279.0,static,39.7472,0.2844,43559.5285,303053.2248,73
280,280.0,static,39.8711,0.3656,43485.0497,326706.6211,76
281,281.0,static,39.7255,0.325,43743.0461,277232.3644,80
282,282.0,static,39.8859,0.4062,43591.8145,287929.5936,80
283,283.0,static,40.215,0.3656,43515.1339,293615.5731,79
284,284.0,static,39.9656,0.4062,43651.6593,246057.8773,79
285,285.0,static,40.0149,0.3656,42782.9573,299215.9868,79
286,286.0,static,40.3645,0.4469,42330.5898,292405.1943,80
287,287.0,static,41.177,0.4469,41444.0456,282989.8933,78
288,288.0,static,40.9917,0.4875,42000.7384,274236.1254,80
289,289.0,static,41.4493,0.4469,41243.9745,276284.1074,79
290,290.0,static,41.5431,0.4875,41774.3697,239929.5546,78
291,291.0,static,41.653,0.4469,41268.7254,249750.2961,79
292,292.0,static,41.7683,0.4875,41267.8745,274556.1209,78
293,293.0,static,41.9316,0.4469,40990.3181,221290.1866,77
294,294.0,static,41.8084,0.4875,40965.0099,246039.0918,77
295,295.0,static,41.7548,0.4469,41054.532,250646.9851,77
296,296.0,static,41.3837,0.4875,41952.6175,190801.7429,77
297,297.0,static,41.3247,0.4875,41817.9141,274818.2556,76
298,298.0,static,41.7765,0.5281,41043.3892,286225.6079,77
299,299.0,static,41.5718,0.5688,41282.7583,241298.1636,77
300,300.0,static,41.0568,0.5688,41328.5384,253332.9904,78
301,301.0,static,40.9489,0.5281,41486.8083,208009.7697,78
302,302.0,static,40.8375,0.5688,42049.7253,229062.7215,77
303,303.0,static,40.8857,0.5281,42246.4453,257587.8389,78
304,304.0,static,40.4805,0.5688,43127.6153,204026.5164,77
305,305.0,static,40.1536,0.5688,43612.0816,244848.9737,78
306,306.0,static,39.7006,0.6094,46239.3926,218420.8007,78
307,307.0,static,40.3342,0.5688,45712.71,242009.4414,76
308,308.0,static,39.3998,0.6906,48115.2388,218527.2425,78
309,309.0,static,39.1223,0.65,48050.7797,240083.4773,76
310,310.0,static,38.2043,0.6906,50041.4742,217993.767,77
311,311.0,static,38.7192,0.7719,50023.887,219148.5426,73
312,312.0,static,38.4942,0.8125,54778.4434,218787.6706,76
313,313.0,static,38.3166,0.8531,61691.9155,238396.6613,76
314,314.0,static,38.1863,0.8938,89517.4676,245200.8507,76
315,315.0,static,38.2777,0.6906,48903.5342,182971.3361,71
316,316.0,static,37.7741,0.6094,50669.0795,196208.5582,71
317,317.0,static,37.4689,0.5281,52048.5635,255562.1641,72
318,318.0,static,38.1904,0.65,51931.0193,238157.4536,69
319,319.0,static,38.1243,0.7313,53342.221,219978.3369,70
320,320.0,static,38.9633,0.4469,44822.9582,255439.141,65
321,321.0,static,40.1549,0.2031,43339.0984,272286.755,62
322,322.0,static,39.9329,0.2031,44072.6177,265288.7467,63
323,323.0,static,39.9461,0.1625,43611.1806,273979.9308,63
324,324.0,static,39.1039,0.2031,43744.0364,289559.8864,68
325,325.0,static,39.7403,0.2031,42936.4669,340499.4996,70
326,326.0,static,40.9675,0.2844,42140.9889,339322.7739,70
327,327.0,static,41.7315,0.2438,49169.0993,325134.6422,71
328,328.0,static,41.4157,0.3656,277767.6173,301608.5769,74
329,329.0,static,42.0823,0.325,405662.2904,303192.0619,74
330,330.0,static,42.2348,0.325,7443545.4506,279908.9743,74
331,331.0,static,42.1811,0.3656,7443679.5404,281130.2002,75
332,332.0,static,42.7381,0.325,7443137.5922,267530.1502,75
333,333.0,static,43.0603,0.2844,7442638.8338,276261.2505,74
334,334.0,static,42.5273,0.325,7443168.0009,276036.2277,76
335,335.0,static,42.5617,0.2438,7443098.2152,262643.1818,77
336,336.0,static,42.6004,0.325,7443037.8951,244853.9097,76
337,337.0,static,42.4181,0.2844,7443258.2699,216799.5147,76
338,338.0,static,42.4144,0.3656,7443134.2283,243775.6318,76
339,339.0,static,42.1916,0.325,7443275.0334,250402.7193,77
340,340.0,static,41.3631,0.3656,7444418.1805,239627.4397,78
341,341.0,static,41.7184,0.4062,7443946.7601,256363.8193,77
342,342.0,static,41.6862,0.4469,7443780.5149,275052.2,76
343,343.0,static,41.6255,0.4062,7443756.3498,222517.889,75
344,344.0,static,41.3551,0.4469,7444322.6464,283990.7529,76
345,345.0,static,41.0688,0.4469,7444623.6628,207931.6352,77
346,346.0,static,40.4179,0.4875,7445177.2049,237946.5938,75
347,347.0,static,40.0506,0.4469,7445981.1069,260944.9667,75
348,348.0,static,39.7041,0.4875,7447106.5856,226736.052,76
349,349.0,static,39.7273,0.4469,7448557.2776,245814.8234,75
350,350.0,static,38.8323,0.5688,7451961.9507,211517.4845,75
351,351.0,static,38.7062,0.5688,7453688.9142,206541.9577,74
352,352.0,static,37.4736,0.65,7459642.7358,186923.9556,75
353,353.0,static,37.251,0.7313,7489614.3459,202613.5474,73
354,354.0,static,36.6171,0.8125,7609993.7382,188099.4496,73
355,355.0,static,36.7298,0.8531,8325946.8253,220594.9133,72
356,356.0,static,36.3124,0.8938,9165494.5098,187935.5319,74
357,357.0,static,35.9435,1.0156,13991440.5005,210232.2648,75
358,358.0,static,35.2299,1.0563,30413825.2922,251549.9237,75
359,359.0,static,34.9795,1.0563,33453287.7845,223128.7744,75
360,360.0,static,39.2627,0.4875,18636467.0288,190667.5264,56
361,361.0,static,39.4077,0.1625,52735.8911,179990.2668,56
362,362.0,static,38.6711,0.0406,47843.1803,226974.6861,61
363,363.0,static,40.3687,0.0406,41801.93,229192.4299,55
364,364.0,static,40.1733,0.0812,40839.8429,277005.6509,59
365,365.0,static,40.7769,0.0812,40491.0149,308480.4723,63
366,366.0,static,41.9137,0.2031,39112.3965,331401.7585,61
367,367.0,static,42.2591,0.2438,39657.7158,340156.7655,63
368,368.0,static,41.6439,0.2438,41216.5157,316272.0038,67
369,369.0,static,42.083,0.2844,40773.8691,364183.2928,70
370,370.0,static,41.3713,0.3656,42619.0195,271246.4156,73
371,371.0,static,41.9161,0.2438,41718.8786,281346.4874,71
372,372.0,static,41.8379,0.2844,41907.43,271395.5505,75
373,373.0,static,42.3404,0.3656,41320.1224,303798.0044,75
374,374.0,static,42.2812,0.4469,41357.4826,218047.7755,75
375,375.0,static,42.2592,0.4062,41251.444,255070.8897,73
376,376.0,static,41.8037,0.4469,42597.9389,255147.9599,75
377,377.0,static,42.1992,0.4469,42935.0228,280594.2914,74
378,378.0,static,42.3384,0.4875,44958.4145,258613.3055,74
379,379.0,static,42.3549,0.4875,48214.9984,238489.9911,74
380,380.0,static,42.085,0.5688,48034.0577,222462.3545,75
381,381.0,static,41.8079,0.5688,48647.3452,298741.4245,76
382,382.0,static,41.955,0.5688,49705.4236,259958.941,76
383,383.0,static,41.9702,0.6094,55219.1292,216201.585,76
384,384.0,static,41.2425,0.65,70892.2921,178913.8965,76
385,385.0,static,41.2343,0.6094,253406.9874,283871.6098,78
386,386.0,static,41.2411,0.6094,565391.6267,226845.065,77
387,387.0,static,40.851,0.6906,1592293.3701,219495.1473,77
388,388.0,static,39.7905,0.7313,10237140.6826,217428.2568,79
389,389.0,static,39.663,0.7719,18792785.7721,252903.2886,80
390,390.0,static,39.1255,0.8125,18792908.9246,261648.6052,80
391,391.0,static,39.0609,0.7719,18793227.4355,202585.6149,79
392,392.0,static,39.2897,0.8125,18793689.5505,275052.9353,79
393,393.0,static,38.9266,0.8531,18794357.1558,199799.8192,77
394,394.0,static,39.0812,0.8938,18795663.1598,253837.4237,78
395,395.0,static,38.9253,0.8531,18795391.8185,229243.6618,79
396,396.0,static,38.6212,0.8938,18797785.5293,246483.8163,79
397,397.0,static,38.8549,0.9344,18796791.3762,243306.4025,79
398,398.0,static,38.5379,0.975,18797116.6539,243147.3118,79
399,399.0,static,38.5444,0.9344,18797288.4045,234441.4272,76
400,400.0,static,38.4269,1.0156,18797531.294,226914.8923,75
401,401.0,static,37.9554,0.975,18798767.2369,230714.1522,79
402,402.0,static,37.9748,1.0156,18799244.9524,211467.5084,79
403,403.0,static,37.7719,1.0563,18799949.9343,250611.8022,78
404,404.0,static,37.0089,1.1375,18803328.4791,234076.5814,81
405,405.0,static,37.3292,0.9344,97813.9471,257456.0919,73
406,406.0,static,35.7359,0.8938,78266.2468,217727.2448,74
407,407.0,static,35.9727,0.7719,68726.8392,225731.844,73
408,408.0,static,36.4244,0.8531,61914.6685,224954.4128,72
409,409.0,static,36.7098,0.8938,59372.6742,239651.0407,71
410,410.0,static,38.3516,0.65,51942.3026,268890.5045,72
411,411.0,static,39.3153,0.5281,47504.9518,283010.4538,69
412,412.0,static,38.7815,0.4875,45604.2263,283845.6697,73
413,413.0,static,37.5554,0.4469,45146.0859,281037.5633,73
414,414.0,static,37.506,0.5281,44702.5105,334867.9517,79
415,415.0,static,38.2838,0.4875,43413.2552,335695.7725,80
416,416.0,static,39.6712,0.4875,41324.6555,313801.8787,77
417,417.0,static,39.9826,0.5281,40933.3956,321492.5554,77
418,418.0,static,40.2371,0.5281,40968.9547,311541.1179,80
419,419.0,static,40.2474,0.5688,41351.0951,328300.0861,80
420,420.0,static,40.7144,0.6094,40717.5383,283799.1949,81
421,421.0,static,40.6926,0.5688,40659.7437,309505.8348,83
422,422.0,static,40.1433,0.6094,40916.1948,291218.0736,85
423,423.0,static,39.9178,0.5688,41391.5187,277549.7863,85
424,424.0,static,40.428,0.65,41327.819,274520.8019,86
425,425.0,static,40.4836,0.6094,41113.8218,280343.9371,86
426,426.0,static,40.3877,0.65,41178.2621,278194.7595,86
427,427.0,static,40.4312,0.6094,40994.6647,234199.7463,84
428,428.0,static,40.4343,0.65,41072.1435,277953.7279,83
429,429.0,static,40.9211,0.6094,40919.8827,278471.8066,83
430,430.0,static,40.4103,0.6906,41790.7123,265676.8042,83
431,431.0,static,40.4721,0.6906,41914.1949,255692.0054,82
432,432.0,static,40.3465,0.7719,42752.9401,213783.2813,82
433,433.0,static,40.5158,0.7313,42441.4186,259894.6642,82
434,434.0,static,39.8282,0.7719,44049.9889,230958.4897,83
435,435.0,static,39.9227,0.7313,43854.1371,241185.0374,83
436,436.0,static,39.8158,0.8125,44010.4723,239470.5541,83
437,437.0,static,39.8499,0.8531,44128.291,254652.3126,83
438,438.0,static,39.9917,0.8531,44289.0204,229801.2009,82
439,439.0,static,39.8255,0.8938,44540.5884,247030.1863,83
440,440.0,static,39.7505,0.9344,44667.9047,249886.7196,83
441,441.0,static,39.5841,0.9344,44954.7111,246376.3137,85
442,442.0,static,38.6037,0.975,46815.4372,247584.9116,84
443,443.0,static,38.9546,0.9344,47257.6349,197778.6867,79
444,444.0,static,38.2639,0.975,47533.3863,197751.663,83
445,445.0,static,38.3129,0.9344,48539.1213,228917.6155,82
446,446.0,static,37.6269,1.0563,50433.0941,250467.6467,82
447,447.0,static,36.9662,1.0563,52045.6271,221180.7009,84
448,448.0,static,36.7077,1.1375,54123.1825,241098.9523,85
449,449.0,static,36.1108,1.1781,55895.7236,231196.9515,85
450,450.0,static,38.4317,0.7313,47113.1113,203161.0278,70
451,451.0,static,38.4437,0.4469,47802.0544,219649.1788,70
452,452.0,static,37.0881,0.4062,50532.4228,266089.7863,76
453,453.0,static,37.5365,0.325,49177.5354,253899.3361,71
454,454.0,static,35.8961,0.2844,50007.2277,326738.6862,78
455,455.0,static,36.2669,0.2438,50295.5627,332133.586,83
456,456.0,static,37.062,0.3656,49658.4528,358135.4541,82
457,457.0,static,38.5041,0.325,47642.3131,410989.9311,81
458,458.0,static,39.2493,0.4062,45907.3435,337902.9649,81
459,459.0,static,39.6454,0.3656,45608.3573,360442.2052,83
460,460.0,static,39.5306,0.4469,45882.481,329645.7015,85
461,461.0,static,39.9956,0.4062,45413.9093,337869.2958,83
462,462.0,static,39.7162,0.4469,45655.546,322530.7974,84
463,463.0,static,40.2486,0.4469,45091.0165,311112.2228,85
464,464.0,static,40.6221,0.5688,45021.4693,332342.7442,86
465,465.0,static,40.8151,0.5281,44609.6472,275268.5413,85
466,466.0,static,40.9944,0.5688,44682.5972,297400.649,87
467,467.0,static,41.5554,0.4875,43922.9306,297452.6948,84
468,468.0,static,41.6794,0.5281,43667.6889,297076.5359,85
469,469.0,static,41.2788,0.4875,44326.25,229872.6092,85
470,470.0,static,41.1014,0.5281,44337.0641,265587.5817,84
471,471.0,static,41.1004,0.4875,44535.4,286613.3322,84
472,472.0,static,40.8978,0.4875,45510.5632,247156.4327,83
473,473.0,static,40.5872,0.5688,46174.3268,301685.0012,84
474,474.0,static,40.6728,0.5281,46377.5984,259707.7243,83
475,475.0,static,40.718,0.5688,46816.6081,264713.8481,84
476,476.0,static,40.2926,0.6094,51331.9962,281684.1411,86
477,477.0,static,40.4486,0.5688,50391.2269,265788.9282,85
478,478.0,static,40.7639,0.6094,50093.9297,331136.4939,84
479,479.0,static,40.3544,0.6906,50906.603,271889.5719,85
480,480.0,static,40.1335,0.6906,51163.026,301642.6444,87
481,481.0,static,39.8218,0.6906,51328.0886,238520.9142,86
482,482.0,static,39.0868,0.7719,53736.6039,265886.908,86
483,483.0,static,39.6974,0.6906,52044.4467,262263.9291,85
484,484.0,static,39.6102,0.6906,52040.0545,278438.5063,86
485,485.0,static,39.8666,0.6906,51386.934,287074.6265,83
486,486.0,static,38.9858,0.7313,52255.2698,258082.0769,83
487,487.0,static,38.7337,0.7313,52815.6567,262514.4591,83
488,488.0,static,39.0732,0.7719,52178.0898,236002.0269,82
489,489.0,static,39.3598,0.8125,52920.6307,240393.2995,83
490,490.0,static,39.3618,0.8125,52856.1409,278358.2029,81
491,491.0,static,39.6193,0.8938,53665.0146,265188.7528,81
492,492.0,static,39.8376,0.8125,51573.2444,280614.3392,81
493,493.0,static,39.155,0.8938,51615.9678,247799.7166,82
494,494.0,static,39.0347,0.8938,51519.0325,258330.4252,81
495,495.0,static,40.2116,0.7313,49390.3539,285998.0923,75
496,496.0,static,39.4648,0.7313,52597.7955,255183.7974,78
497,497.0,static,39.036,0.7313,52071.1701,253409.1926,78
498,498.0,static,38.5451,0.7719,51498.6926,224514.1729,78
499,499.0,static,38.6943,0.7719,51168.5052,231041.356,77
500,500.0,static,39.8519,0.5281,45575.9035,191706.0332,69
501,501.0,static,40.1503,0.2438,44379.3817,271704.4232,70
502,502.0,static,40.0843,0.2438,43796.0488,272743.6747,70
503,503.0,static,40.6322,0.2031,42716.5983,233322.4681,66
504,504.0,static,40.7458,0.2031,42459.3296,281788.7377,71
505,505.0,static,41.2989,0.2438,41746.233,312466.889,73
506,506.0,static,42.3019,0.2844,39556.2608,335432.9059,70
507,507.0,static,42.3824,0.325,39237.0517,307594.0167,71
508,508.0,static,42.7826,0.2844,38580.687,330836.4227,72
509,509.0,static,42.6677,0.2844,38812.0859,254686.3593,74
510,510.0,static,42.8046,0.2844,38494.5621,305573.067,76
511,511.0,static,42.8628,0.3656,38373.5023,258711.8879,76
512,512.0,static,42.0563,0.4875,39901.2503,279197.2311,79
513,513.0,static,42.1289,0.4469,39701.884,239813.8247,79
514,514.0,static,42.5858,0.4875,39096.1777,283040.7284,76
515,515.0,static,42.1431,0.5281,40216.9567,234627.9859,77
516,516.0,static,41.7792,0.5688,40436.2415,252368.0763,78
517,517.0,static,41.3678,0.5688,40949.8164,242344.9604,79
518,518.0,static,41.6568,0.5688,40528.3757,268013.4691,80
519,519.0,static,41.1768,0.5281,41093.7247,224763.3783,82
520,520.0,static,40.7757,0.6094,41318.2027,264742.5369,83
521,521.0,static,41.1203,0.6094,40930.5754,283513.833,82
522,522.0,static,40.7133,0.65,42109.2622,279537.1302,82
523,523.0,static,41.5725,0.65,41120.5461,275773.1207,80
524,524.0,static,41.6951,0.65,41134.281,268694.4963,79
525,525.0,static,41.6473,0.65,41474.024,249805.3924,79
526,526.0,static,41.0473,0.6906,42014.7868,223493.6387,80
527,527.0,static,41.1483,0.65,42194.9889,245804.7294,81
528,528.0,static,40.9189,0.7313,42979.5331,243723.1853,81
529,529.0,static,40.84,0.6906,43388.0636,211002.2349,81
530,530.0,static,40.4869,0.7313,43963.0137,256835.23,77
531,531.0,static,40.7687,0.7313,43849.0732,213890.8103,75
532,532.0,static,39.9148,0.7719,45272.8217,180262.6267,78
533,533.0,static,39.1409,0.8125,48379.0634,204877.6991,78
534,534.0,static,38.5881,0.8125,50632.0549,244967.9396,81
535,535.0,static,38.5548,0.9344,52806.975,259978.2779,81
536,536.0,static,38.5498,1.0156,54525.442,214437.2542,78
537,537.0,static,38.5408,1.0563,55111.2411,247428.2167,79
538,538.0,static,37.4102,1.1375,55807.9442,219562.2779,81
539,539.0,static,37.0483,1.2594,57039.4159,248118.7923,81
540,540.0,static,38.2868,0.7313,49177.9641,215121.1496,68
541,541.0,static,38.3398,0.4062,47847.5617,206234.0177,67
542,542.0,static,37.4783,0.2438,48150.6884,226387.8176,69
543,543.0,static,38.2718,0.2031,46273.6979,264635.4895,68
544,544.0,static,37.389,0.2031,46836.5367,288040.865,73
545,545.0,static,38.4644,0.2031,45407.5815,330751.0519,77
546,546.0,static,38.8873,0.2844,43945.2903,335087.1531,74
547,547.0,static,39.6711,0.2844,43055.51,321693.3947,73
548,548.0,static,39.7956,0.2844,43152.7414,374797.3719,77
549,549.0,static,40.3179,0.325,42712.764,325145.0636,75
550,550.0,static,40.5954,0.3656,42420.7009,300559.2528,76
551,551.0,static,40.8374,0.3656,42613.2906,315216.6185,77
552,552.0,static,40.1714,0.4875,44218.1955,308021.2102,78
553,553.0,static,40.3914,0.4062,44158.7881,369317.176,79
554,554.0,static,39.9094,0.4469,45120.9301,275972.0523,82
555,555.0,static,40.3525,0.4062,44321.8901,326895.9535,83
556,556.0,static,40.1266,0.4875,44520.4188,278693.3243,81
557,557.0,static,40.9592,0.4469,44244.5695,230110.6481,79
558,558.0,static,40.8385,0.4875,44560.5413,283515.0077,81
559,559.0,static,40.7966,0.4469,45034.5725,271912.1591,83
560,560.0,static,40.7153,0.4875,45590.847,275669.8108,84
561,561.0,static,40.9785,0.4469,46055.3051,283862.617,84
562,562.0,static,40.9265,0.5281,46669.6847,286303.2512,84
563,563.0,static,41.1167,0.4875,46331.6453,263191.4641,82
564,564.0,static,40.6284,0.5281,46936.3231,241439.1503,82
565,565.0,static,40.4123,0.4875,47244.4066,234543.2004,83
566,566.0,static,39.5639,0.5688,48677.1319,234719.0965,84
567,567.0,static,39.8958,0.6094,48830.7279,249854.8538,82
568,568.0,static,39.7962,0.6906,49866.4498,237575.6598,82
569,569.0,static,39.6977,0.6906,49791.158,187435.2325,80
570,570.0,static,39.4292,0.7313,50282.6251,264121.3963,82
571,571.0,static,39.6466,0.7313,49969.6423,224308.0613,80
572,572.0,static,39.8588,0.7313,49882.5952,229016.1689,79
573,573.0,static,39.1021,0.7313,52904.936,206869.6669,80
574,574.0,static,38.9116,0.7313,53225.5583,236410.0757,80
575,575.0,static,38.3402,0.7719,54284.5804,220816.7116,79
576,576.0,static,37.951,0.8125,56077.4869,197027.5853,80
577,577.0,static,37.2853,0.8531,57263.1362,283024.2745,83
578,578.0,static,36.7565,0.8531,58855.6796,228207.0048,82
579,579.0,static,36.9437,0.8531,59836.7696,268963.7327,82
580,580.0,static,36.951,0.975,59769.3694,281009.0959,85
581,581.0,static,37.3075,0.975,57778.8486,285843.5743,81
582,582.0,static,37.5048,1.1781,57676.1865,299501.2581,82
583,583.0,static,37.5841,1.1375,57076.2214,233529.4672,81
584,584.0,static,36.7676,1.1781,57854.6105,273764.6713,83
585,585.0,static,37.264,0.975,55555.2316,232897.6414,77
586,586.0,static,37.0086,0.8531,57347.6007,263669.6363,78
587,587.0,static,36.8979,0.6906,64783.5831,247371.3834,80
588,588.0,static,37.6701,0.6906,83661.0659,285207.3263,78
589,589.0,static,38.1005,0.6906,567126.2107,236899.0443,76
590,590.0,static,39.7097,0.3656,439848.3114,214509.7055,70
591,591.0,static,40.1833,0.3656,58625.174,239758.0787,69
592,592.0,static,39.026,0.325,49041.4844,282966.5721,75
593,593.0,static,41.3694,0.2844,41086.2661,302154.1636,71
594,594.0,static,42.2677,0.325,40259.9009,306459.1199,74
595,595.0,static,41.9232,0.2844,40172.758,317930.4825,77
596,596.0,static,41.9735,0.325,40531.5197,315539.3354,81
597,597.0,static,43.069,0.2844,38491.9722,377654.8354,79
598,598.0,static,41.7209,0.325,39772.0308,370920.1572,83
599,599.0,static,42.0925,0.2844,39112.276,350773.9838,85
600,600.0,static,42.1161,0.325,38945.1022,355906.4337,87
601,601.0,static,42.2972,0.2844,38744.8595,327211.882,87
602,602.0,static,42.4953,0.2844,38774.8606,305398.1887,87
603,603.0,static,42.5066,0.2844,38804.0984,253026.9054,88
604,604.0,static,42.212,0.4062,39289.7677,283477.7101,88
605,605.0,static,42.8983,0.4062,38393.6163,311104.3647,85
606,606.0,static,43.1775,0.4875,38195.28,311320.5444,86
607,607.0,static,42.7131,0.4469,38688.3022,257756.8703,87
608,608.0,static,42.0999,0.4875,39253.3545,283322.216,88
609,609.0,static,42.2155,0.4875,39087.3757,327696.9608,87
610,610.0,static,42.5062,0.5281,38936.9894,283331.9326,86
611,611.0,static,42.6125,0.5688,38861.2298,326558.5337,86
612,612.0,static,41.7207,0.6094,39851.5292,274349.1955,89
613,613.0,static,41.6155,0.5688,40137.9557,290221.7198,89
614,614.0,static,40.8329,0.6094,42006.438,283974.5751,90
615,615.0,static,40.6305,0.5688,42366.3934,272614.5375,88
616,616.0,static,40.3687,0.6094,43498.6124,297886.3773,88
617,617.0,static,40.9395,0.6906,43043.227,321485.1415,88
618,618.0,static,41.192,0.7313,43062.3071,305191.3882,89
619,619.0,static,41.2179,0.7313,43816.7692,226336.1096,90
620,620.0,static,40.9415,0.7313,45542.2738,273769.1857,91
621,621.0,static,41.2888,0.6906,47432.2985,257095.7202,88
622,622.0,static,40.8969,0.7313,59373.8895,290380.6302,89
623,623.0,static,40.5713,0.7313,103486.1247,237905.6802,88
624,624.0,static,39.9604,0.8125,459740.9416,249681.9208,87
625,625.0,static,39.5855,0.8125,1654153.2708,227877.9286,86
626,626.0,static,39.282,0.8938,54949.7698,251038.5417,87
627,627.0,static,38.887,0.975,59951.1396,223799.3125,89
628,628.0,static,38.4962,1.0156,66790.8663,288769.9831,90
629,629.0,static,38.0848,1.1375,99668.7716,258298.4535,90
630,630.0,static,39.2478,0.7719,50525.7478,243148.4435,76
631,631.0,static,38.9639,0.4469,48911.0839,229489.7179,76
632,632.0,static,37.6788,0.325,49503.246,314711.0127,82
633,633.0,static,38.5745,0.2438,46961.2251,269226.9345,76
634,634.0,static,38.3077,0.2844,46041.8448,279274.5543,75
635,635.0,static,38.1152,0.2438,46594.6608,297597.1535,79
636,636.0,static,39.3449,0.2438,45026.1242,322177.3309,74
637,637.0,static,39.131,0.325,45804.4119,376427.6595,78
638,638.0,static,39.1236,0.3656,46580.5632,383469.0767,81
639,639.0,static,39.7278,0.325,45270.304,383151.278,81
640,640.0,static,39.553,0.4062,44747.5943,319001.8784,82
641,641.0,static,40.3746,0.3656,43575.0606,328286.7483,82
642,642.0,static,40.4125,0.4469,43442.2119,305323.5772,84
643,643.0,static,40.9491,0.3656,42634.385,305387.0745,84
644,644.0,static,40.7581,0.4469,42216.4047,347455.0904,85
645,645.0,static,40.8609,0.4469,42017.3437,301809.4045,83
646,646.0,static,40.7652,0.4469,42339.4465,245192.5974,84
647,647.0,static,40.2381,0.4875,43932.4627,266573.2252,86
648,648.0,static,40.2585,0.5281,44866.5748,313490.6787,87
649,649.0,static,40.4691,0.5281,46537.7364,281688.9464,86
650,650.0,static,40.4432,0.6094,48134.4702,273026.1827,87
651,651.0,static,40.4926,0.5688,47449.3314,282327.1524,87
652,652.0,static,40.3255,0.6094,46674.9495,262835.8415,86
653,653.0,static,40.5257,0.6094,46715.8239,303206.8134,87
654,654.0,static,40.0885,0.6094,47405.93,244493.9713,86
655,655.0,static,40.8787,0.65,45803.488,296432.5494,83
656,656.0,static,39.9456,0.6906,46487.3475,292980.9892,88
657,657.0,static,40.048,0.65,46048.137,277083.1083,88
658,658.0,static,39.7023,0.7313,47097.9133,267710.0826,89
659,659.0,static,39.8196,0.6906,46951.5858,284735.9217,88
660,660.0,static,39.8567,0.7719,46946.0743,280032.9198,91
661,661.0,static,39.7154,0.7313,47168.7932,257635.1309,91
662,662.0,static,38.8308,0.7719,47606.0761,265381.0375,90
663,663.0,static,39.185,0.8125,50353.5578,261249.7589,91
664,664.0,static,39.3015,0.8938,49418.1533,313113.2164,90
665,665.0,static,39.3218,0.8531,49366.1323,274762.9735,91
666,666.0,static,39.3334,0.8531,49028.7727,265931.7669,89
667,667.0,static,38.8219,0.8938,18796313.2634,293538.4768,88
668,668.0,static,38.5866,0.8938,61410.229,262943.0069,87
669,669.0,static,38.6729,0.8938,54374.5093,306235.3269,87
670,670.0,static,38.2002,1.0156,51819.9003,228476.1488,87
671,671.0,static,38.1068,1.0156,51079.4167,253300.3133,86
672,672.0,static,37.4784,1.0563,50800.9667,233920.6936,86
673,673.0,static,37.1826,1.0969,51269.2364,233233.7475,85
674,674.0,static,36.2228,1.1375,53162.5526,203639.6676,85
675,675.0,static,36.6657,0.975,50301.7235,215403.3806,76
676,676.0,static,35.8391,0.9344,52999.6435,192002.9583,80
677,677.0,static,35.8055,0.8938,52443.4011,283621.3738,80
678,678.0,static,35.8603,1.0156,53076.4231,243275.8421,79
679,679.0,static,36.1402,1.0156,52552.6622,307336.0453,80
680,680.0,static,37.7712,0.8531,46916.2113,243487.0861,74
681,681.0,static,37.7581,0.5688,46841.8849,265890.7283,75
682,682.0,static,38.6331,0.3656,44579.6853,290139.2626,74
683,683.0,static,38.9189,0.3656,45309.7228,264343.2614,70
684,684.0,static,38.949,0.3656,44578.8753,332552.9364,75
685,685.0,static,38.2771,0.4062,44811.8915,339510.8881,80
686,686.0,static,38.6387,0.3656,43592.842,367435.9348,80
687,687.0,static,38.9908,0.4062,42964.2742,350100.6238,81
688,688.0,static,38.6245,0.4875,43656.8419,404502.2656,85
689,689.0,static,38.8931,0.4469,45610.435,359752.1312,86
690,690.0,static,38.9543,0.5688,728059.877,340967.1781,86
691,691.0,static,39.5231,0.5281,1222160.6942,279946.4925,85
692,692.0,static,39.9463,0.5281,7445351.2804,318632.9083,85
693,693.0,static,40.4214,0.5688,7445061.8737,328791.2952,85
694,694.0,static,40.3916,0.5688,7445308.1971,337181.7562,86
695,695.0,static,39.9869,0.5281,7445683.395,230331.1484,87
696,696.0,static,40.0807,0.5688,7445584.9627,291408.2452,86
697,697.0,static,40.4293,0.5281,7445051.8588,330904.1821,86
698,698.0,static,40.5858,0.5688,7444919.9629,282784.1425,85
699,699.0,static,40.6827,0.5281,7444821.284,275069.0371,86
700,700.0,static,40.8226,0.5688,7444676.975,256960.1541,86
701,701.0,static,41.0175,0.5281,7444324.1746,251667.3724,84
702,702.0,static,40.4936,0.5688,7445429.8753,323583.2794,84
703,703.0,static,40.3738,0.5281,7445508.3263,225000.1959,84
704,704.0,static,40.182,0.5688,7445850.9038,268975.9228,84
705,705.0,static,40.286,0.5281,7446008.9187,235006.7903,83
706,706.0,static,39.5115,0.6094,7447154.077,253623.0661,83
707,707.0,static,39.6965,0.5688,7447325.896,298003.5707,83
708,708.0,static,39.3664,0.6094,7447464.5103,255707.723,83
709,709.0,static,39.3654,0.6094,7447875.3994,269440.56,83
710,710.0,static,39.1467,0.65,7449046.0501,251300.0733,82
711,711.0,static,39.0848,0.65,7450441.4629,266663.0213,83
712,712.0,static,38.8945,0.7313,7451919.02,256667.3603,81
713,713.0,static,38.8554,0.8125,7453442.708,262347.6126,83
714,714.0,static,38.4936,0.8125,7453991.1831,217124.7617,82
715,715.0,static,38.718,0.8938,7454078.7664,270725.0257,82
716,716.0,static,38.3927,0.8531,7456232.1208,239291.9246,80
717,717.0,static,38.0285,0.8531,7456515.283,215238.877,82
718,718.0,static,37.0543,1.0156,7458928.6992,240632.9998,82
719,719.0,static,36.9356,1.0156,7459209.0433,219858.007,82
720,720.0,static,40.3857,0.4875,44218.2935,180946.0516,64
721,721.0,static,40.5782,0.1625,43181.1561,198120.635,64
722,722.0,static,40.109,0.1219,43590.1484,215040.5072,67
723,723.0,static,41.0793,0.1625,41598.7795,223276.2239,62
724,724.0,static,39.9123,0.2031,41809.1263,312085.6836,68
725,725.0,static,39.4734,0.2438,42753.6983,303231.9817,73
726,726.0,static,39.8297,0.325,43006.1663,376778.8446,76
727,727.0,static,40.806,0.2438,41543.2116,336893.4899,73
728,728.0,static,41.3709,0.3656,41317.1142,351326.3674,75
729,729.0,static,41.4598,0.325,41012.6589,305684.3206,77
730,730.0,static,41.7069,0.3656,40361.5992,281327.4695,79
731,731.0,static,42.3608,0.2844,39573.0021,321527.5288,78
732,732.0,static,41.3946,0.325,40388.5168,268608.4306,80
733,733.0,static,41.7013,0.2844,39915.7209,285853.0409,78
734,734.0,static,41.673,0.3656,40323.1237,277038.6919,79
735,735.0,static,42.0707,0.3656,39976.3296,273079.3709,78
736,736.0,static,41.3785,0.4062,40822.1693,239715.4061,79
737,737.0,static,41.2375,0.3656,41059.3387,274794.215,80
738,738.0,static,41.3467,0.4469,41729.7672,239273.2062,79
739,739.0,static,41.9861,0.4875,41049.1008,260639.1847,78
740,740.0,static,41.3882,0.5281,42919.7375,254558.1967,81
741,741.0,static,41.6577,0.5281,42391.6022,305025.2077,80
742,742.0,static,41.4845,0.5688,43140.986,235881.0384,81
743,743.0,static,41.3701,0.5281,43019.4841,241304.0143,82
744,744.0,static,41.4201,0.65,43127.5158,258884.2336,82
745,745.0,static,41.4512,0.6906,43597.8489,256784.1418,81
746,746.0,static,40.9965,0.6906,46475.4017,258525.8418,82
747,747.0,static,40.6629,0.65,47115.3861,215179.0572,82
748,748.0,static,40.4189,0.6906,47823.8617,265960.758,82
749,749.0,static,40.2749,0.6906,49291.6157,254017.7869,83
750,750.0,static,39.8841,0.7719,49524.1233,247530.8473,84
751,751.0,static,39.6029,0.7719,49029.2237,256930.3654,83
752,752.0,static,39.5238,0.8125,48658.9026,249854.8713,85
753,753.0,static,39.5531,0.7719,48195.6991,242864.8711,83
754,754.0,static,38.8299,0.8531,48524.7094,242288.1439,82
755,755.0,static,38.4446,0.8125,49238.8112,231524.0133,81
756,756.0,static,38.3033,0.8938,49650.2768,256018.1647,82
757,757.0,static,37.9058,0.8531,51210.6885,262051.2541,82
758,758.0,static,38.3297,0.8531,52971.0755,282607.9136,81
759,759.0,static,38.1934,0.8531,51183.3102,262523.8657,82
760,760.0,static,37.8407,0.9344,53581.7031,238285.609,80
761,761.0,static,37.8138,1.0156,53424.9423,262491.8451,80
762,762.0,static,37.6815,1.0156,55072.6366,200246.8378,79
763,763.0,static,36.437,1.0969,61354.4824,263145.8218,77
764,764.0,static,36.7969,1.0969,61555.9385,235871.696,77
765,765.0,static,37.5845,1.0563,58155.481,213522.6131,69
766,766.0,static,38.0032,1.0563,56424.799,222427.4884,69
767,767.0,static,37.8876,0.975,54302.4514,265661.6411,75
768,768.0,static,37.434,0.975,53848.6834,250286.5723,74
769,769.0,static,37.7752,0.8938,51032.0819,261276.2768,74
770,770.0,static,39.9502,0.5281,44722.8223,193497.4389,66
771,771.0,static,39.8317,0.2438,44102.2573,236014.9438,65
772,772.0,static,39.782,0.1625,43587.3904,298647.7172,68
773,773.0,static,41.1117,0.2031,41132.0406,277236.4842,65
774,774.0,static,40.8856,0.325,41200.7405,288014.2741,70
775,775.0,static,40.6606,0.2438,41666.8715,275694.5926,72
776,776.0,static,41.6062,0.325,40332.9379,312626.7217,70
777,777.0,static,42.0373,0.2844,39810.5446,327617.1808,71
778,778.0,static,42.6439,0.325,38958.6055,296805.8352,72
779,779.0,static,43.1694,0.2844,38275.4021,318196.7131,72
780,780.0,static,42.8244,0.3656,38676.5468,256931.4895,74
781,781.0,static,42.992,0.325,38539.5147,303372.12,74
782,782.0,static,42.4162,0.3656,39740.3372,256721.8765,75
783,783.0,static,42.905,0.325,38931.5544,315850.9587,75
784,784.0,static,42.2814,0.4469,40502.2222,275810.1826,76
785,785.0,static,42.4053,0.4469,40405.7923,262233.346,75
786,786.0,static,42.4183,0.4875,40795.1747,269405.1048,74
787,787.0,static,42.499,0.4469,41571.8432,231986.2753,73
788,788.0,static,42.2899,0.5281,41843.3759,243220.3556,74
789,789.0,static,42.3571,0.4875,41828.4173,207519.1372,74
790,790.0,static,41.927,0.5281,41880.7794,261928.1633,74
791,791.0,static,42.0148,0.5281,41825.4249,209629.5663,73
792,792.0,static,40.9346,0.5688,42674.2641,210387.9693,72
793,793.0,static,41.3041,0.5688,40648.7396,234221.7788,73
794,794.0,static,41.0584,0.6094,41333.9702,252594.2224,74
795,795.0,static,41.602,0.5688,40826.2268,218634.8909,72
796,796.0,static,41.6803,0.6094,41417.7797,220685.8291,73
797,797.0,static,41.3753,0.6094,41672.6789,207056.4037,74
798,798.0,static,41.2874,0.65,42437.6952,223736.694,73
799,799.0,static,41.3703,0.6094,42203.1374,258387.1289,74
800,800.0,static,40.8068,0.6906,43397.2122,221196.3044,75
801,801.0,static,40.2809,0.65,44842.2081,205247.7361,76
802,802.0,static,39.4982,0.7719,49803.7567,222371.5944,74
803,803.0,static,39.3542,0.7719,132544.3814,209620.0665,73
804,804.0,static,38.8979,0.8531,7451995.5185,200119.8284,73
805,805.0,static,38.9547,0.8531,7452491.0848,201827.2271,73
806,806.0,static,38.5033,0.975,7454141.3882,161766.4441,72
807,807.0,static,37.6881,0.975,7455386.9118,183544.2329,72
808,808.0,static,37.0741,1.0969,7458890.9744,207390.1003,74
809,809.0,static,36.2585,1.2188,7462231.833,173068.577,75
810,810.0,static,39.1949,0.5688,52147.0053,153276.9574,60
811,811.0,static,39.3755,0.2438,52979.864,204732.9595,61
812,812.0,static,36.5487,0.2438,53219.2462,230796.0101,67
813,813.0,static,37.7758,0.1625,47658.5523,238397.8314,61
814,814.0,static,38.1925,0.1625,45755.3871,318779.5147,68
815,815.0,static,39.137,0.2844,44023.8533,330943.9144,68
816,816.0,static,39.2487,0.2844,44508.5299,343878.6516,71
817,817.0,static,39.4596,0.2844,44518.5231,370393.2005,72
818,818.0,static,40.0351,0.3656,44681.1171,368137.215,73
819,819.0,static,41.0629,0.4062,43564.464,321003.1759,73
820,820.0,static,40.8365,0.3656,43786.4752,275368.7942,77
821,821.0,static,41.555,0.2844,43033.7083,316820.5325,76
822,822.0,static,41.8782,0.3656,48861.1127,340287.045,78
823,823.0,static,42.1226,0.325,49789.3309,348391.6911,80
824,824.0,static,41.3781,0.4062,55522.3033,339279.153,80
825,825.0,static,41.888,0.3656,51337.0725,327053.0774,79
826,826.0,static,41.6071,0.4469,49857.3018,277264.3629,78
827,827.0,static,42.2893,0.4062,46372.6077,295929.9558,77
828,828.0,static,42.3362,0.4469,44721.0457,280478.2896,78
829,829.0,static,42.5831,0.4062,44360.3084,241000.9494,77
830,830.0,static,42.2686,0.4469,43845.28,286326.9555,79
831,831.0,static,42.1313,0.4062,44130.644,246480.5414,80
832,832.0,static,41.7319,0.4469,44964.3794,221531.4319,81
833,833.0,static,42.0632,0.4469,44461.4106,266756.1428,81
834,834.0,static,42.2468,0.4875,44264.5615,230575.429,80
835,835.0,static,42.2426,0.4875,44351.6491,221536.8602,80
836,836.0,static,42.0628,0.5688,46627.5037,235645.0867,79
837,837.0,static,42.6674,0.4875,44816.2469,256186.0995,79
838,838.0,static,42.2564,0.5281,44203.5267,292194.2521,81
839,839.0,static,41.568,0.4875,44503.1044,238301.7479,82
840,840.0,static,41.3743,0.5281,44396.8597,256088.4486,83
841,841.0,static,40.9832,0.4875,45095.975,237490.266,83
842,842.0,static,40.7507,0.5281,46032.027,248733.9858,83
843,843.0,static,40.61,0.5688,46204.7963,251848.2707,82
844,844.0,static,40.4109,0.6906,47088.6189,243139.5011,82
845,845.0,static,40.259,0.6906,46647.3101,267471.9055,83
846,846.0,static,39.3511,0.7719,47676.1988,207532.5474,82
847,847.0,static,39.1998,0.7719,47256.6667,279003.1307,82
848,848.0,static,38.9163,0.8531,48343.551,245747.931,81
849,849.0,static,38.8147,0.8531,49819.0258,250960.1072,80
850,850.0,static,37.4813,0.8938,51048.9085,245262.8176,83
851,851.0,static,37.8373,0.9344,50864.5554,300294.326,81
852,852.0,static,36.7101,1.0969,54315.0714,259880.2286,84
853,853.0,static,36.8731,1.0563,55903.6761,250648.7653,81
854,854.0,static,36.83,1.1781,55352.2223,271908.4847,80
855,855.0,static,37.0516,0.975,52134.8908,259163.5958,74
856,856.0,static,37.4234,0.8125,50955.23,252934.7015,75
857,857.0,static,37.575,0.65,50314.6909,247125.9758,77
858,858.0,static,37.2953,0.6906,49957.005,244698.1046,77
859,859.0,static,37.9569,0.65,48143.1603,277541.3164,77
860,860.0,static,40.2311,0.4469,42574.0218,263388.679,69
861,861.0,static,41.3669,0.2438,40952.5073,291746.4107,68
862,862.0,static,41.2026,0.2438,41324.4072,302955.787,71
863,863.0,static,41.6845,0.2031,40157.5839,261212.0708,72
864,864.0,static,41.2568,0.2438,41067.9284,268608.1979,74
865,865.0,static,41.912,0.2031,40349.2852,359626.4402,75
866,866.0,static,42.1754,0.2438,39706.0479,316549.9956,77
867,867.0,static,42.6358,0.2031,38780.3439,362080.2073,78
868,868.0,static,42.9226,0.2844,38961.8952,358711.8504,79
869,869.0,static,43.3677,0.2438,38053.5278,350191.8284,77
870,870.0,static,42.6528,0.2844,38541.4815,245525.407,81
871,871.0,static,42.7159,0.2844,38290.7777,355448.6803,82
872,872.0,static,41.9526,0.3656,39268.1637,246876.9746,83
873,873.0,static,42.4052,0.325,38650.9332,307774.8443,82
874,874.0,static,42.2649,0.4062,38730.8853,316094.3606,86
875,875.0,static,42.1775,0.3656,39030.0493,242782.9472,84
876,876.0,static,41.9474,0.4062,39628.9538,293524.4518,84
877,877.0,static,41.6155,0.3656,40801.2842,298277.164,85
878,878.0,static,41.6891,0.4875,40653.0029,273999.5358,85
879,879.0,static,41.8459,0.4469,39798.6458,288135.4628,83
880,880.0,static,41.2579,0.4875,40753.9729,312538.1782,83
881,881.0,static,41.018,0.4469,40837.7786,261874.8723,82
882,882.0,static,41.1377,0.5281,40402.7757,306662.0498,80
883,883.0,static,41.2287,0.4875,40193.6679,242055.1062,79
884,884.0,static,41.1019,0.5281,40407.0503,264099.8165,81
885,885.0,static,41.1487,0.5281,40279.8343,247366.6702,82
886,886.0,static,41.0339,0.5688,40485.5824,252004.2548,80
887,887.0,static,41.3348,0.5688,40034.2599,285813.0657,79
888,888.0,static,40.9044,0.6094,41424.8416,254954.6651,77
889,889.0,static,40.603,0.5688,42488.3128,233133.1514,78
890,890.0,static,40.5489,0.6094,44875.3072,247653.2249,79
891,891.0,static,40.1512,0.6094,60144.6634,248857.3371,81
892,892.0,static,39.0005,0.65,192156.6061,265381.1982,82
893,893.0,static,38.8434,0.65,1684361.1028,249510.882,79
894,894.0,static,38.5283,0.6906,7451854.5199,221850.9578,80
895,895.0,static,38.2769,0.8125,7453443.2764,226421.6037,81
896,896.0,static,37.9772,0.8938,7455059.007,221764.2817,81
897,897.0,static,37.501,0.8938,7456782.6763,214790.0233,82
898,898.0,static,36.2622,1.0563,7457747.0508,221058.7597,84
899,899.0,static,35.8073,1.0969,7459227.0963,241857.136,85
900,900.0,static,38.385,0.4875,43927.5324,211172.1964,66
901,901.0,static,38.5611,0.1219,43639.6391,226122.1667,67
902,902.0,static,38.6368,0.1219,43415.1239,259511.6746,69
903,903.0,static,38.9204,0.1219,43409.6494,246204.9689,67
904,904.0,static,38.4568,0.1219,43519.6187,288252.2762,71
905,905.0,static,37.9941,0.2438,45394.4116,307688.749,76
906,906.0,static,38.5397,0.4062,45069.184,378003.9879,81
907,907.0,static,39.503,0.4875,44712.3203,387815.615,82
908,908.0,static,39.711,0.5281,44987.9032,390837.504,84
909,909.0,static,40.5435,0.4062,43899.8378,309158.4081,82
910,910.0,static,40.817,0.4062,42967.3603,320671.451,83
911,911.0,static,40.5176,0.3656,42990.0414,325795.1691,86
912,912.0,static,41.0154,0.4469,42813.512,338342.9763,86
913,913.0,static,41.2121,0.4062,42419.6727,356296.0107,86
914,914.0,static,40.7406,0.4875,43134.6202,282258.9336,89
915,915.0,static,41.2898,0.4469,42296.0282,336392.3329,87
916,916.0,static,41.2191,0.4875,42332.2374,271202.9003,86
917,917.0,static,41.2771,0.4469,42188.7747,273561.497,84
918,918.0,static,41.2048,0.4875,43482.956,299572.8469,84
919,919.0,static,41.2191,0.4469,43496.2028,285222.9715,85
920,920.0,static,41.0457,0.4469,43796.4707,253525.3265,85
921,921.0,static,41.095,0.5688,44540.0018,305180.0833,85
922,922.0,static,41.149,0.5688,44205.9612,308005.0176,86
923,923.0,static,40.9815,0.5688,44394.0426,238232.2005,84
924,924.0,static,40.8799,0.6094,45794.9145,306127.6427,85
925,925.0,static,40.7031,0.5688,46782.6013,239471.2302,86
926,926.0,static,40.6639,0.6906,45370.4824,253194.3064,86
927,927.0,static,40.5155,0.6906,45674.3459,237105.4685,86
928,928.0,static,39.9837,0.7313,46750.7784,243155.6191,86
929,929.0,static,39.6462,0.6906,47352.0346,247952.8583,87
930,930.0,static,38.9231,0.7719,49463.434,228095.7836,87
931,931.0,static,38.327,0.7719,50269.2392,235468.1115,88
932,932.0,static,38.0828,0.8531,51076.458,239753.3015,87
933,933.0,static,38.3768,0.8125,51568.333,286748.5858,85
934,934.0,static,38.2206,0.8531,52490.5418,244211.9995,88
935,935.0,static,38.6122,0.8125,51594.254,306783.3919,87
936,936.0,static,37.9017,0.8938,52749.259,242552.0112,87
937,937.0,static,38.3703,0.9344,51864.9324,286391.7619,83
938,938.0,static,38.7366,0.975,52706.8024,292400.9457,84
939,939.0,static,38.7692,0.9344,51976.7654,219918.9197,83
940,940.0,static,38.2985,0.9344,51937.2476,238582.0053,84
941,941.0,static,37.7507,0.975,53232.7875,251923.3232,84
942,942.0,static,37.911,0.975,52733.0637,239707.7956,80
943,943.0,static,37.9632,0.975,52527.253,257287.7942,80
944,944.0,static,37.7073,1.0563,52217.0965,256847.8481,82
945,945.0,static,38.301,0.8531,50385.5484,248926.2714,79
946,946.0,static,37.8445,0.8531,49396.452,272218.3203,79
947,947.0,static,37.8732,0.7719,48869.6265,274340.8833,77
948,948.0,static,37.4613,0.7719,48352.322,257978.0954,75
949,949.0,static,37.5098,0.7719,48476.6741,226187.5718,77
950,950.0,static,38.7805,0.6094,45603.1874,203556.8383,71
951,951.0,static,39.1716,0.4062,45127.4647,229307.211,68
952,952.0,static,39.0247,0.4469,44749.6933,241694.204,69
953,953.0,static,39.3374,0.3656,43840.313,276754.7249,72
954,954.0,static,40.412,0.4062,42048.7579,262947.2677,70
955,955.0,static,40.6888,0.4469,41664.3318,352848.2477,75
956,956.0,static,40.9998,0.4469,41901.703,295034.4239,73
957,957.0,static,41.3127,0.4062,41667.3032,344065.196,76
958,958.0,static,42.5661,0.4469,40030.6591,276949.6924,74
959,959.0,static,42.8817,0.4062,39552.3404,318894.4192,76
960,960.0,static,42.429,0.4469,39934.1702,260547.4661,78
961,961.0,static,42.3482,0.4062,40004.556,289937.8013,78
962,962.0,static,41.6069,0.4469,40720.4844,276093.8539,78
963,963.0,static,41.729,0.4469,40345.9605,272659.2355,78
964,964.0,static,40.3893,0.4875,42119.6834,244872.6409,80
965,965.0,static,40.3525,0.4875,42186.3164,275389.7771,80
966,966.0,static,40.3026,0.6094,42651.2957,264859.8872,80
967,967.0,static,40.2823,0.6094,43644.1588,245716.9999,81
968,968.0,static,40.0636,0.6906,45265.9349,233615.1009,80
969,969.0,static,39.8915,0.65,50600.8796,223437.6667,79
970,970.0,static,39.4662,0.7719,60932.7924,226162.4155,80
971,971.0,static,39.7067,0.7313,126659.25,230476.44,78
972,972.0,static,39.0147,0.8531,7454962.7812,250946.2218,80
973,973.0,static,39.4316,0.7719,59263.2583,258563.0522,81
974,974.0,static,39.6018,0.8125,52183.9114,277349.017,83
975,975.0,static,39.7282,0.7719,54366.9055,270568.3199,83
976,976.0,static,39.1655,0.8531,297063.754,220680.9861,82
977,977.0,static,39.3907,0.8125,818652.3315,286039.8041,81
978,978.0,static,39.4263,0.8125,1862412.9121,233100.9641,80
979,979.0,static,39.3871,0.8125,2940366.3364,218402.8469,80
980,980.0,static,38.0911,0.8531,7456621.7143,235470.8714,81
981,981.0,static,38.2489,0.8531,7456025.2676,258791.3057,81
982,982.0,static,37.9068,0.8938,7456725.0095,245387.5422,82
983,983.0,static,38.2479,0.8938,7456832.9903,238748.8445,81
984,984.0,static,37.74,0.975,7458471.5123,256413.9386,81
985,985.0,static,37.9816,0.9344,7457690.7753,262994.0669,81
986,986.0,static,37.5125,0.975,7458511.5433,197310.8768,80
987,987.0,static,37.3896,0.9344,7460029.4548,223604.8063,78
988,988.0,static,37.0707,1.0156,7462597.0328,232735.4686,81
989,989.0,static,36.9054,1.0563,7464471.3767,227810.7552,81
990,990.0,static,40.444,0.5281,44936.2418,169910.6907,65
991,991.0,static,39.9856,0.2031,46449.5084,197561.5293,65
992,992.0,static,39.2173,0.1219,46972.6466,234936.6376,71
993,993.0,static,39.9924,0.0812,43596.7012,278120.7705,68
994,994.0,static,39.1527,0.1625,43269.9342,280051.5644,73
995,995.0,static,39.3106,0.1219,43119.1589,362076.4347,78
996,996.0,static,40.4121,0.2438,41360.0193,372816.1277,76
997,997.0,static,41.3969,0.2844,40171.7415,405051.1158,77
998,998.0,static,41.6259,0.325,39633.5128,390468.1631,81
999,999.0,static,41.8668,0.325,39568.0206,338335.6786,83
1000,1000.0,static,41.8277,0.3656,39842.4487,344711.3999,84
1001,1001.0,static,42.0034,0.325,39831.4616,313738.6866,84
1002,1002.0,static,41.689,0.3656,40905.5278,264822.2004,84
1003,1003.0,static,42.0667,0.3656,40858.7309,303064.9349,84
1004,1004.0,static,41.7017,0.4062,41930.6553,292306.5449,87
1005,1005.0,static,42.0045,0.4469,41672.4312,301504.4642,84
1006,1006.0,static,41.8477,0.5281,43143.4001,278475.9321,81
1007,1007.0,static,41.8167,0.4875,45095.3871,261643.2957,82
1008,1008.0,static,41.5898,0.5281,58239.5802,266225.9844,81
1009,1009.0,static,41.5019,0.4875,74152.5269,214532.6964,80
1010,1010.0,static,40.7886,0.5281,58414.1274,248792.1596,81
1011,1011.0,static,40.9515,0.6094,53997.2728,283021.3925,81
1012,1012.0,static,40.7477,0.6906,50914.9558,244798.6535,81
1013,1013.0,static,40.5562,0.65,49506.9813,255198.7424,80
1014,1014.0,static,39.5512,0.6906,50186.2801,241746.7158,81
1015,1015.0,static,39.3786,0.65,49921.2254,218506.3967,80
1016,1016.0,static,38.4897,0.7313,51656.8894,252299.0146,84
1017,1017.0,static,38.5815,0.7313,51682.1694,245685.9203,84
1018,1018.0,static,38.5062,0.8531,52003.5603,248237.0501,84
1019,1019.0,static,38.6376,0.8125,51793.7097,284214.647,85
1020,1020.0,static,38.5101,0.8938,52871.881,284615.8998,85
1021,1021.0,static,38.6846,0.8531,53480.8238,242084.8696,84
1022,1022.0,static,38.2989,0.8938,55488.3038,241573.0284,85
1023,1023.0,static,38.6933,0.8531,58526.172,251798.5881,85
1024,1024.0,static,38.0559,0.9344,63152.9428,241264.6621,85
1025,1025.0,static,38.089,0.9344,63227.5971,233649.9766,83
1026,1026.0,static,37.5256,1.0156,66084.4077,234247.5367,86
1027,1027.0,static,37.5119,0.975,64833.0716,245039.5694,84
1028,1028.0,static,37.3676,1.0156,71244.3166,233939.6373,84
1029,1029.0,static,37.4241,1.0156,75238.6503,259434.1748,86
1030,1030.0,static,37.2685,1.0969,84019.6627,263915.4732,86
1031,1031.0,static,37.6459,1.0969,82630.2504,303891.0603,87
1032,1032.0,static,38.1652,1.1375,76040.9871,248576.5347,84
1033,1033.0,static,38.3051,1.0969,66266.562,305405.8936,87
1034,1034.0,static,38.3036,1.1375,64175.2756,238335.3425,85
1035,1035.0,static,38.8138,0.8938,54670.2751,270012.1842,79
1036,1036.0,static,38.0113,0.7719,53304.7752,246087.7232,81
1037,1037.0,static,38.5916,0.6906,50374.3469,235168.1676,76
1038,1038.0,static,37.4369,0.7313,50751.5212,233972.0513,79
1039,1039.0,static,37.366,0.65,49858.2611,268530.3592,80
1040,1040.0,static,39.1527,0.3656,44295.8958,278353.0264,75
1041,1041.0,static,39.4213,0.2438,43362.9308,324068.4711,75
1042,1042.0,static,39.4607,0.2844,42998.5739,329858.0683,79
1043,1043.0,static,39.3744,0.325,42457.6521,317250.9756,81
1044,1044.0,static,40.2191,0.3656,41029.9424,364982.823,80
1045,1045.0,static,40.285,0.325,40928.2304,324916.0229,83
1046,1046.0,static,40.4488,0.3656,40889.6066,351350.1052,83
1047,1047.0,static,40.73,0.325,40567.464,292790.3273,82
1048,1048.0,static,39.7538,0.4062,41436.0121,314091.7832,86
1049,1049.0,static,39.7421,0.4062,41659.8262,280787.6474,88
1050,1050.0,static,40.2699,0.4875,41105.4795,317149.6204,88
1051,1051.0,static,40.7686,0.4875,40346.0763,332690.3115,86
1052,1052.0,static,39.6587,0.5281,42329.6623,281997.811,90
1053,1053.0,static,40.3892,0.4875,41247.5406,313716.1091,87
1054,1054.0,static,39.8966,0.5688,41299.7836,327588.8402,90
1055,1055.0,static,40.1364,0.5281,40933.4029,296610.963,90
1056,1056.0,static,40.8608,0.5688,40213.2546,307490.7731,89
1057,1057.0,static,40.8423,0.5281,40395.3262,269579.1153,88
1058,1058.0,static,41.3008,0.5688,40066.7496,292637.805,86
1059,1059.0,static,40.8396,0.5281,40707.4871,250239.1737,87
1060,1060.0,static,40.2613,0.6094,41097.2786,278849.7738,86
1061,1061.0,static,40.3568,0.5688,41329.2495,261345.3807,86
1062,1062.0,static,39.9431,0.6094,41963.0717,280607.9825,86
1063,1063.0,static,40.3013,0.5688,42003.5624,258643.7497,84
1064,1064.0,static,39.9395,0.65,43032.662,268021.4791,85
1065,1065.0,static,39.5969,0.6094,43442.5775,263392.1091,85
1066,1066.0,static,39.2597,0.7313,43406.196,258332.8784,87
1067,1067.0,static,39.3179,0.6906,43284.6471,255601.908,86
1068,1068.0,static,38.832,0.7719,44589.257,294141.917,86
1069,1069.0,static,38.8178,0.8125,45168.914,229785.3832,84
1070,1070.0,static,38.1015,0.8531,49190.7119,242962.4141,85
1071,1071.0,static,38.1545,0.8125,134996.3281,220744.0881,83
1072,1072.0,static,37.0266,0.8938,614531.2683,248108.6896,86
1073,1073.0,static,36.7626,0.8531,4423216.5782,220950.294,86
1074,1074.0,static,36.1042,1.0156,7460577.7708,212370.3307,87
1075,1075.0,static,35.8508,1.0563,7463415.6031,180667.6876,85
1076,1076.0,static,34.5315,1.0969,7474808.818,216644.8584,87
1077,1077.0,static,34.1849,1.0969,7493839.6308,227543.1483,88
1078,1078.0,static,33.7969,1.3812,8014096.4759,219408.17,90
1079,1079.0,static,33.7078,1.4625,15849750.9062,249086.2298,89
1080,1080.0,static,38.7683,0.8125,49388.3045,238024.9923,69
1081,1081.0,static,38.6916,0.4875,48177.7662,221404.7084,69
1082,1082.0,static,37.4652,0.325,49518.8609,240452.1265,74
1083,1083.0,static,38.0309,0.1219,47386.3475,272626.2655,71
1084,1084.0,static,37.3371,0.2031,47152.4878,342000.9124,77
1085,1085.0,static,37.8743,0.2031,46557.5402,348121.1192,78
1086,1086.0,static,39.0883,0.2844,44223.2609,388043.5276,77
1087,1087.0,static,39.9227,0.2438,42868.8142,324339.0974,75
1088,1088.0,static,40.0338,0.2438,42868.9458,396974.5819,80
1089,1089.0,static,40.4447,0.2031,42261.647,352004.108,82
1090,1090.0,static,40.4699,0.2438,41651.6121,349950.194,80
1091,1091.0,static,40.7763,0.2031,41234.9077,328693.0175,82
1092,1092.0,static,41.1062,0.2438,42100.4696,354773.5027,82
1093,1093.0,static,41.879,0.2438,41039.5833,274865.8048,82
1094,1094.0,static,41.7666,0.2844,40917.0963,322544.1357,85
1095,1095.0,static,41.9268,0.2438,40655.8836,305596.0779,87
1096,1096.0,static,42.2037,0.2438,40512.2376,299893.8576,83
1097,1097.0,static,42.1126,0.2844,40328.4469,264920.7164,83
1098,1098.0,static,42.1773,0.325,40246.4607,242751.5244,83
1099,1099.0,static,42.438,0.2844,39981.0253,289914.2417,82
1100,1100.0,static,42.2303,0.325,40409.4059,248048.3663,83
1101,1101.0,static,42.0728,0.2844,40951.1545,268749.7952,84
1102,1102.0,static,41.9319,0.2844,41905.1237,301412.7665,85
1103,1103.0,static,42.0226,0.3656,42986.0265,308711.4428,85
1104,1104.0,static,41.2984,0.3656,45267.6784,266042.0768,86
1105,1105.0,static,41.0864,0.3656,47256.9616,283911.0131,86
1106,1106.0,static,39.9816,0.4469,48733.5276,218191.4468,87
1107,1107.0,static,39.9157,0.4062,49131.9189,254567.5043,86
1108,1108.0,static,39.8529,0.4469,49637.8036,250444.8863,86
1109,1109.0,static,39.4314,0.5281,50921.4788,267238.3308,86
1110,1110.0,static,38.9956,0.5281,53159.2903,225979.5855,85
1111,1111.0,static,39.3273,0.5281,56511.5917,240446.3904,81
1112,1112.0,static,39.0386,0.6094,74895.9877,225650.5033,80
1113,1113.0,static,39.2744,0.5688,256463.3899,249028.494,80
1114,1114.0,static,39.0464,0.65,1015935.6552,243975.0275,79
1115,1115.0,static,39.1295,0.6094,79163.774,240727.8573,81
1116,1116.0,static,39.1438,0.65,65328.7344,278142.1603,82
1117,1117.0,static,39.5141,0.65,58645.6641,247537.0004,79
1118,1118.0,static,39.0662,0.6094,55938.6893,255969.4684,81
1119,1119.0,static,38.7102,0.65,54804.3742,287683.3089,83
1120,1120.0,static,38.9298,0.6906,52144.8675,234308.2758,82
1121,1121.0,static,39.0931,0.65,51182.6179,272107.3015,80
1122,1122.0,static,38.728,0.7313,51170.2616,288417.6299,82
1123,1123.0,static,38.5871,0.7719,51516.7464,258329.8883,83
1124,1124.0,static,38.3824,0.7719,52350.0233,260536.2881,83
1125,1125.0,static,40.0265,0.5281,44613.4178,218393.511,76
1126,1126.0,static,39.4486,0.5688,44626.0656,261431.14,75
1127,1127.0,static,38.732,0.4875,46205.7714,225528.3205,77
1128,1128.0,static,38.4924,0.5688,46573.8984,267544.2233,76
1129,1129.0,static,38.5717,0.6094,46741.6613,248472.8553,79
1130,1130.0,static,40.4795,0.325,42124.8989,239166.8186,72
1131,1131.0,static,41.633,0.2438,41183.2036,252651.8786,68
1132,1132.0,static,40.7236,0.2031,43354.4292,304342.1852,73
1133,1133.0,static,40.0964,0.2438,42515.2923,315973.363,75
1134,1134.0,static,40.1442,0.2844,42414.0039,326985.6807,77
1135,1135.0,static,40.7417,0.2438,42003.9046,339880.8824,79
1136,1136.0,static,41.9559,0.2844,39270.7914,361679.3599,79
1137,1137.0,static,42.1298,0.2438,39632.2092,357379.3841,80
1138,1138.0,static,42.8853,0.2844,38400.1185,328950.0633,82
1139,1139.0,static,42.9414,0.2844,38279.6752,251601.8241,82
1140,1140.0,static,42.7814,0.325,38537.1259,299491.8835,83
1141,1141.0,static,42.9838,0.325,38255.6677,267249.5813,81
1142,1142.0,static,42.9834,0.3656,38264.7215,294166.6244,81
1143,1143.0,static,42.4971,0.325,39162.4566,277195.8133,83
1144,1144.0,static,42.1694,0.3656,39735.1126,234269.7543,82
1145,1145.0,static,42.408,0.3656,38877.3744,252870.6941,81
1146,1146.0,static,42.8759,0.4062,38464.7872,257510.5262,78
1147,1147.0,static,41.9629,0.4062,39425.8537,249176.4919,81
1148,1148.0,static,41.4121,0.4469,40340.7688,278552.6205,82
1149,1149.0,static,41.4124,0.4469,40202.5143,272488.7426,83
1150,1150.0,static,41.1222,0.4469,40371.2259,311115.166,85
1151,1151.0,static,40.6983,0.4469,40863.9046,242157.9117,83
1152,1152.0,static,40.435,0.5281,41286.8615,265564.9266,84
1153,1153.0,static,40.4149,0.4875,41772.8206,253422.4645,83
1154,1154.0,static,40.62,0.5281,41590.15,250372.9344,83
1155,1155.0,static,40.6332,0.65,41735.3047,264408.1003,85
1156,1156.0,static,40.766,0.65,42031.3364,250493.6423,86
1157,1157.0,static,40.9218,0.65,41933.2814,304945.6482,86
1158,1158.0,static,40.8678,0.6906,41936.1216,268249.1608,85
1159,1159.0,static,41.3146,0.65,41548.281,231765.3927,83
1160,1160.0,static,41.0038,0.6906,42311.9284,237450.12,84
1161,1161.0,static,41.2336,0.6906,41922.7853,268760.9142,83
1162,1162.0,static,40.8485,0.7313,43267.9166,264447.4589,85
1163,1163.0,static,40.5459,0.7313,43476.6228,241299.1749,82
1164,1164.0,static,39.9809,0.7313,43981.5951,230935.2675,80
1165,1165.0,static,39.4211,0.7719,44309.5223,179863.5506,77
1166,1166.0,static,38.7651,0.8531,47050.4255,236165.7924,81
1167,1167.0,static,38.6086,0.8531,48311.1341,237224.7245,81
1168,1168.0,static,38.2318,0.9344,49219.379,209932.7967,84
1169,1169.0,static,38.299,1.0156,49074.6547,263256.9666,84
1170,1170.0,static,41.1172,0.6094,42268.1026,277179.8702,72
1171,1171.0,static,41.477,0.2844,41516.6236,265262.6558,72
1172,1172.0,static,40.5724,0.1219,42321.0044,248367.709,73
1173,1173.0,static,40.966,0.0812,40915.5427,255304.0827,69
1174,1174.0,static,39.7891,0.1219,41997.7236,266665.0818,73
1175,1175.0,static,40.0958,0.0812,41904.3728,313681.4229,76
1176,1176.0,static,40.683,0.1219,41092.8633,332365.8127,75
1177,1177.0,static,41.5595,0.1219,40098.3522,306406.1549,75
1178,1178.0,static,41.6058,0.1219,40042.0224,312908.7993,78
1179,1179.0,static,41.3312,0.1625,40595.9593,264961.3632,78
1180,1180.0,static,41.466,0.2031,40726.0015,285949.1313,79
1181,1181.0,static,41.1164,0.1625,41646.7402,289252.9991,83
1182,1182.0,static,41.1433,0.2031,42710.6515,326008.5366,83
1183,1183.0,static,41.5426,0.1625,45080.7821,290688.3705,80
1184,1184.0,static,41.282,0.2844,52347.2578,229539.9392,79
1185,1185.0,static,41.6177,0.2844,49969.9787,292071.4649,81
1186,1186.0,static,41.3888,0.3656,46177.1698,276282.462,80
1187,1187.0,static,41.6411,0.325,43849.9687,284757.7299,81
1188,1188.0,static,41.7262,0.3656,42808.6984,274993.3536,81
1189,1189.0,static,41.5415,0.325,42407.9426,224163.788,81
1190,1190.0,static,41.5767,0.3656,42507.6225,305838.2767,81
1191,1191.0,static,41.8696,0.325,42582.0141,247843.0551,80
1192,1192.0,static,41.5807,0.4062,43186.332,225681.0838,81
1193,1193.0,static,41.6707,0.4062,43391.9521,261264.2572,81
1194,1194.0,static,41.7051,0.4469,43822.6412,239996.8186,80
1195,1195.0,static,41.4271,0.4062,44875.3804,224493.1717,80
1196,1196.0,static,40.8964,0.4469,47368.7207,205301.5812,82
1197,1197.0,static,40.5528,0.4469,47740.7549,234897.8547,80
1198,1198.0,static,39.7307,0.6094,48509.3607,239777.71,81
1199,1199.0,static,39.3893,0.5688,50309.0461,223986.2903,80
1200,1200.0,static,39.1436,0.6906,52666.9127,215271.6814,81
1201,1201.0,static,39.0828,0.6906,52858.1628,244081.0492,81
1202,1202.0,static,38.3464,0.7313,53796.4015,223996.712,83
1203,1203.0,static,38.835,0.7313,51898.4344,233772.9238,76
1204,1204.0,static,38.2922,0.8125,51966.8399,239144.3273,80
1205,1205.0,static,38.3371,0.8125,51950.0952,250602.6582,80
1206,1206.0,static,38.3521,0.8531,52014.7094,294889.9708,80
1207,1207.0,static,38.6492,0.8125,52645.9163,246769.7277,79
1208,1208.0,static,37.2668,0.8938,56901.2075,271318.3687,83
1209,1209.0,static,37.5661,0.8531,56061.7633,289120.344,83
1210,1210.0,static,37.6091,0.975,54900.3194,251586.257,81
1211,1211.0,static,38.0701,0.9344,53611.9254,296067.3671,81
1212,1212.0,static,37.7198,0.975,53035.5469,246036.3712,80
1213,1213.0,static,37.4798,0.9344,53162.6258,258831.7829,82
1214,1214.0,static,37.6317,0.9344,52392.7984,271665.8714,81
1215,1215.0,static,37.3204,0.8938,52845.9651,265387.9005,80
1216,1216.0,static,36.9134,0.8125,55458.4968,254310.2163,80
1217,1217.0,static,37.2293,0.8125,56786.7835,297363.5098,80
1218,1218.0,static,37.7696,0.975,64775.7873,238378.6544,79
1219,1219.0,static,37.813,0.9344,60924.9336,262181.0245,79
1220,1220.0,static,40.1071,0.6094,50806.2931,241636.783,72
1221,1221.0,static,40.2987,0.4062,48845.9467,275912.6778,74
1222,1222.0,static,39.6023,0.325,48111.0145,290164.7591,76
1223,1223.0,static,39.8643,0.2438,46460.5586,266831.4686,74
1224,1224.0,static,39.6124,0.2844,45648.9565,318308.3932,76
1225,1225.0,static,40.1932,0.2031,43670.2238,365694.2207,81
1226,1226.0,static,41.2368,0.2031,40879.4939,354800.2854,78
1227,1227.0,static,41.9652,0.2438,39949.2323,398424.8926,81
1228,1228.0,static,42.1568,0.2438,39092.9524,300167.1365,81
1229,1229.0,static,42.6619,0.2031,38321.8683,343543.4558,82
1230,1230.0,static,42.1993,0.325,38833.6214,288222.6102,84
1231,1231.0,static,42.0645,0.2844,641479.0276,293653.7032,83
1232,1232.0,static,42.0019,0.2844,43837.3681,268152.681,83
1233,1233.0,static,42.6446,0.2438,39610.789,281254.8047,83
1234,1234.0,static,42.365,0.2438,78245.5398,259431.5753,84
1235,1235.0,static,41.978,0.325,761014.7402,275672.5495,82
1236,1236.0,static,41.6545,0.325,7444049.8924,259485.5401,81
1237,1237.0,static,41.5244,0.2844,7444102.9339,269693.253,80
1238,1238.0,static,41.0866,0.2844,7444379.4095,238804.3572,81
1239,1239.0,static,40.7171,0.325,7444802.281,207273.6702,82
1240,1240.0,static,40.1801,0.4062,7445817.285,225686.4036,82
1241,1241.0,static,40.39,0.3656,7445752.8388,273896.5475,79
1242,1242.0,static,40.4793,0.4062,7446355.0081,251276.5952,77
1243,1243.0,static,40.3598,0.4875,7447046.3562,217758.6351,77
1244,1244.0,static,40.5217,0.5281,7446109.9666,260944.1052,78
1245,1245.0,static,40.3092,0.5281,7446420.457,240703.6993,80
1246,1246.0,static,39.7387,0.5688,7447331.2798,300301.6138,81
1247,1247.0,static,39.7565,0.5281,7447421.1021,239809.4301,80
1248,1248.0,static,39.4017,0.6094,7448184.428,243893.1947,81
1249,1249.0,static,40.0171,0.5688,7447673.7644,272161.5644,79
1250,1250.0,static,39.1704,0.65,7449830.8554,232615.2433,79
1251,1251.0,static,39.2052,0.6094,7449863.7086,243051.6263,78
1252,1252.0,static,38.7523,0.65,7450861.3336,206665.1039,79
1253,1253.0,static,38.8827,0.65,7451500.807,236095.0,79
1254,1254.0,static,38.8839,0.7313,7452839.0286,211637.2853,78
1255,1255.0,static,38.834,0.6906,58771.287,231598.347,78
1256,1256.0,static,38.6676,0.7313,59516.8583,207635.3424,77
1257,1257.0,static,39.1001,0.7719,67034.878,213799.2841,74
1258,1258.0,static,37.8567,0.8938,63598.7209,189872.2461,76
1259,1259.0,static,37.5684,0.8938,69621.2819,209041.5803,76
1260,1260.0,static,41.3613,0.4062,43826.2144,187492.4674,60
1261,1261.0,static,41.7277,0.2031,42152.5914,189108.4233,59
1262,1262.0,static,40.6977,0.1219,42656.5332,263394.9264,66
1263,1263.0,static,40.4214,0.1625,42357.6187,255258.2725,66
1264,1264.0,static,40.646,0.2438,41891.7317,311946.0795,69
1265,1265.0,static,40.0117,0.1625,42557.4709,332430.6379,75
1266,1266.0,static,40.6469,0.2031,42494.5001,328258.4426,73
1267,1267.0,static,40.88,0.2031,42396.5847,315283.4977,75
1268,1268.0,static,41.0656,0.3656,43740.5809,311441.4933,75
1269,1269.0,static,41.1873,0.3656,45573.9555,311831.7067,74
1270,1270.0,static,40.8029,0.4062,59457.2645,283731.9232,77
1271,1271.0,static,40.8825,0.325,82863.9618,251027.7281,76
1272,1272.0,static,40.4945,0.325,327951.7639,226323.59,76
1273,1273.0,static,39.9805,0.325,1000559.4706,261247.945,78
1274,1274.0,static,39.7689,0.3656,18792695.8362,228008.5671,77
1275,1275.0,static,39.1758,0.3656,18794077.352,231440.7911,79
1276,1276.0,static,38.9164,0.5281,18795648.8138,247149.2881,80
1277,1277.0,static,39.2772,0.5281,18795710.0524,264580.6987,78
1278,1278.0,static,38.8577,0.6094,18797149.214,247731.1838,80
1279,1279.0,static,39.3389,0.5688,18796749.2919,268890.4768,78
1280,1280.0,static,39.8343,0.5688,18795924.935,246934.6604,77
1281,1281.0,static,39.9371,0.6094,18797463.7145,306122.9894,80
1282,1282.0,static,39.7273,0.6906,18800437.3168,238545.0294,81
1283,1283.0,static,40.0649,0.6094,77025.1137,263281.5674,80
1284,1284.0,static,40.1322,0.6906,61334.1038,262488.6062,80
1285,1285.0,static,40.1072,0.65,57028.1889,246634.4201,80
1286,1286.0,static,39.3351,0.6906,56126.1463,288171.4389,83
1287,1287.0,static,39.2027,0.7719,54963.2216,251386.7952,83
1288,1288.0,static,39.3001,0.8125,56508.737,316008.2745,84
1289,1289.0,static,39.3197,0.7719,64570.3898,241475.5486,84
1290,1290.0,static,38.9876,0.8125,145102.328,228645.2879,85
1291,1291.0,static,39.0687,0.7719,479433.8759,253390.8871,82
1292,1292.0,static,38.2274,0.8531,891319.8434,214912.5502,83
1293,1293.0,static,38.2771,0.8125,1534728.5986,236251.872,82
1294,1294.0,static,37.1184,0.8531,12711956.965,205026.7111,84
1295,1295.0,static,37.3829,0.8125,18803085.6952,245047.2871,82
1296,1296.0,static,36.5595,0.8531,18806118.0762,199871.8689,82
1297,1297.0,static,36.2984,0.8531,18811017.2951,196141.1926,80
1298,1298.0,static,36.3443,0.8938,18818069.7024,262993.1445,82
1299,1299.0,static,35.8444,0.9344,18821005.9772,231115.9028,84
1300,1300.0,static,36.791,1.0156,86929.7524,240465.8439,81
1301,1301.0,static,37.4947,0.975,74317.1431,292927.3697,80
1302,1302.0,static,37.2815,1.0563,69272.2257,266682.6993,81
1303,1303.0,static,37.0382,1.0156,64068.1883,306017.4387,82
1304,1304.0,static,36.4511,1.1781,61729.0772,261825.3879,82
1305,1305.0,static,36.8271,0.9344,54617.4095,261815.1196,78
1306,1306.0,static,36.5068,0.8125,53921.63,247427.5904,77
1307,1307.0,static,36.4265,0.8125,53777.8383,248434.074,78
1308,1308.0,static,36.8973,0.8531,52393.7906,260534.3925,74
1309,1309.0,static,36.9561,1.0156,51854.7411,240144.4051,76
1310,1310.0,static,37.8437,0.65,46097.013,224549.6686,70
1311,1311.0,static,38.7623,0.4062,43885.6291,228851.0217,68
1312,1312.0,static,37.9346,0.4062,43950.8308,292386.9967,73
1313,1313.0,static,38.9888,0.325,42558.8295,244624.459,69
1314,1314.0,static,38.6234,0.4062,43465.8479,251078.499,72
1315,1315.0,static,38.0974,0.3656,44254.5899,320981.0559,78
1316,1316.0,static,38.3782,0.4469,43676.4493,286533.6804,80
1317,1317.0,static,39.399,0.4875,42060.3143,353879.9504,79
1318,1318.0,static,39.3645,0.4875,41970.3887,317643.605,81
1319,1319.0,static,39.4859,0.5281,42244.9383,303746.7512,82
1320,1320.0,static,39.4777,0.5281,42240.1238,306916.8283,83
1321,1321.0,static,39.4807,0.5281,42237.3361,355809.8823,84
1322,1322.0,static,39.4258,0.5688,43469.0175,275347.939,84
1323,1323.0,static,39.0637,0.5281,43041.5644,275969.2288,85
1324,1324.0,static,38.7459,0.5688,44129.4795,277439.0487,86
1325,1325.0,static,38.8309,0.5281,43994.2978,269282.1963,86
1326,1326.0,static,38.9982,0.5688,43868.4289,317394.1506,87
1327,1327.0,static,39.2036,0.5688,44251.993,278978.6715,85
1328,1328.0,static,39.1078,0.6094,47246.4712,282091.4781,86
1329,1329.0,static,39.4363,0.6094,3042113.8148,275121.5192,85
1330,1330.0,static,38.7998,0.65,7448268.2849,258578.1717,86
1331,1331.0,static,39.0066,0.65,7447613.0959,300856.3356,87
1332,1332.0,static,38.9852,0.6906,7447706.9455,278326.3539,88
1333,1333.0,static,39.2289,0.6906,7447135.2613,263620.3567,86
1334,1334.0,static,39.172,0.7313,7447159.3331,293273.0815,86
1335,1335.0,static,39.3426,0.6906,7446958.4309,267382.3816,84
1336,1336.0,static,39.3025,0.7313,7447450.0297,219913.4292,83
1337,1337.0,static,39.0025,0.6906,7448848.2891,206956.5235,80
1338,1338.0,static,38.7507,0.7313,7449012.6686,231475.2469,79
1339,1339.0,static,38.1098,0.7313,7450455.1425,194557.228,81
1340,1340.0,static,37.6512,0.8531,7451673.1283,222722.2504,80
1341,1341.0,static,37.9477,0.8531,7450482.3899,226622.245,78
1342,1342.0,static,37.0897,0.8938,7453559.0064,250313.7949,78
1343,1343.0,static,36.9397,0.975,7454254.2622,267622.7122,80
1344,1344.0,static,36.6569,1.0156,7455540.4548,247023.8482,83
1345,1345.0,static,36.8538,1.0563,7456396.2203,232761.2802,80
1346,1346.0,static,37.1502,1.1375,7457159.0826,254494.0817,81
1347,1347.0,static,37.2673,1.0969,62759.5294,233119.8805,82
1348,1348.0,static,36.8731,1.1375,61143.0365,200436.3761,83
1349,1349.0,static,36.6483,1.2188,60434.8918,242053.675,84
1350,1350.0,static,40.0857,0.65,50412.5541,191656.8427,69
1351,1351.0,static,40.4687,0.2438,46295.2933,231209.7871,69
1352,1352.0,static,38.1449,0.2438,46864.2161,236789.5925,73
1353,1353.0,static,38.8594,0.2031,44149.9537,241737.5514,68
1354,1354.0,static,38.027,0.3656,44567.0636,329581.0006,76
1355,1355.0,static,39.199,0.325,43579.2956,346051.1819,76
1356,1356.0,static,40.418,0.2844,42999.645,315909.077,75
1357,1357.0,static,40.6869,0.325,42942.6956,360722.9512,78
1358,1358.0,static,40.266,0.3656,43230.4168,338948.8325,81
1359,1359.0,static,40.7907,0.3656,42961.0613,348601.8966,81
1360,1360.0,static,39.7103,0.4469,45717.9865,274480.9342,85
1361,1361.0,static,39.8859,0.3656,44862.7384,274635.4151,83
1362,1362.0,static,39.3674,0.4875,46730.4891,295088.4728,86
1363,1363.0,static,39.3361,0.4469,48381.6149,270590.1372,85
1364,1364.0,static,38.3976,0.5281,51348.0085,227431.5876,87
1365,1365.0,static,38.8069,0.65,51278.7712,286009.2003,87
1366,1366.0,static,38.3772,0.7313,50940.2855,270714.033,87
1367,1367.0,static,38.7761,0.6906,50427.3292,297165.454,87
1368,1368.0,static,38.9457,0.7313,49751.2869,246572.8411,85
1369,1369.0,static,38.9955,0.6906,49061.9411,258362.6984,86
1370,1370.0,static,39.3212,0.7313,50246.5796,288888.3054,86
1371,1371.0,static,39.7661,0.6906,48915.235,266663.9407,85
1372,1372.0,static,39.612,0.7313,48913.1433,251608.4501,86
1373,1373.0,static,39.8904,0.6906,48153.7356,290364.4395,87
1374,1374.0,static,39.4852,0.7313,49420.5167,270464.8427,89
1375,1375.0,static,39.7867,0.7313,49988.5509,276574.23,87
1376,1376.0,static,39.7798,0.8125,50097.8304,240338.2008,89
1377,1377.0,static,39.5861,0.7719,50580.8067,251645.3069,88
1378,1378.0,static,39.1108,0.8531,51126.8956,234427.4467,88
1379,1379.0,static,39.3847,0.8531,51062.8641,292266.1523,88
1380,1380.0,static,38.5492,0.9344,51330.5563,218226.0275,85
1381,1381.0,static,38.8077,0.8938,51553.9683,254146.2724,85
1382,1382.0,static,37.7759,0.9344,57686.3151,268106.8022,89
1383,1383.0,static,37.7277,0.8938,58549.6158,254908.0599,85
1384,1384.0,static,37.7297,0.9344,57741.9479,241208.2495,86
1385,1385.0,static,37.9736,0.9344,59203.6409,312204.4952,86
1386,1386.0,static,37.757,0.975,63761.6975,242768.3822,88
1387,1387.0,static,37.3139,0.9344,66071.5475,211507.2942,87
1388,1388.0,static,37.2428,1.0156,67517.7259,264216.5258,87
1389,1389.0,static,37.2747,0.975,67201.4594,275183.3345,87
1390,1390.0,static,37.3475,1.0563,66558.1414,296228.7151,86
1391,1391.0,static,37.4891,1.0156,65552.8421,276924.6813,85
1392,1392.0,static,37.4968,1.0969,67071.3058,255690.7836,82
1393,1393.0,static,37.4621,1.0563,65402.1537,252011.4664,83
1394,1394.0,static,36.9526,1.0969,66401.0348,233908.2614,86
1395,1395.0,static,37.7737,0.8531,60562.6229,271551.6278,79
1396,1396.0,static,37.4413,0.8531,58232.8198,270364.3203,80
1397,1397.0,static,37.6798,0.7313,55741.452,276082.7086,79
1398,1398.0,static,37.9316,0.8531,53348.6545,226359.059,74
1399,1399.0,static,37.9375,0.8125,53318.5499,272955.4963,78
1400,1400.0,static,39.6986,0.4875,46606.3423,300185.0974,72
1401,1401.0,static,40.2156,0.2438,44996.6787,280770.8756,72
1402,1402.0,static,40.0702,0.2438,43726.7673,387304.572,79
1403,1403.0,static,41.4563,0.1625,41233.0965,325776.7103,74
1404,1404.0,static,41.1262,0.2031,41011.0104,280481.4418,79
1405,1405.0,static,41.7843,0.2031,39704.3996,335904.9896,79
1406,1406.0,static,41.5645,0.2438,39306.7108,348565.8404,79
1407,1407.0,static,42.1673,0.2031,38560.8928,412894.0581,82
1408,1408.0,static,42.4194,0.2438,38157.8006,330365.2327,83
1409,1409.0,static,43.2515,0.2031,37118.3526,345192.8522,84
1410,1410.0,static,43.3535,0.2438,37000.7013,349959.0858,84
1411,1411.0,static,43.6834,0.2031,36666.5341,307328.7812,85
1412,1412.0,static,43.7787,0.2438,36651.9997,339619.6332,87
1413,1413.0,static,43.5251,0.2438,36955.9186,264920.8047,87
1414,1414.0,static,43.6012,0.2844,37171.5861,297399.4691,85
1415,1415.0,static,43.563,0.2438,37523.4833,285737.856,83
1416,1416.0,static,43.5626,0.2844,37609.876,277502.9915,83
1417,1417.0,static,43.7325,0.325,37431.7252,277544.982,84
1418,1418.0,static,42.3846,0.3656,38204.7112,270784.4951,86
1419,1419.0,static,42.6677,0.325,37759.8205,284114.556,85
1420,1420.0,static,42.2698,0.3656,38442.4655,261177.9826,86
1421,1421.0,static,41.9686,0.325,38848.9187,277169.6776,86
1422,1422.0,static,41.2998,0.3656,39060.3506,240988.6586,86
1423,1423.0,static,41.3524,0.325,38887.5711,302402.7771,86
1424,1424.0,static,41.075,0.3656,39676.9032,272564.0245,88
1425,1425.0,static,41.3634,0.3656,39325.8144,306927.7084,88
1426,1426.0,static,40.9531,0.4875,40150.1792,261565.375,88
1427,1427.0,static,41.1709,0.4469,39919.7197,260556.7063,87
1428,1428.0,static,40.4494,0.5281,41529.0465,255541.4883,89
1429,1429.0,static,40.2493,0.4875,42040.6962,283762.9315,87
1430,1430.0,static,39.9373,0.5281,43126.0966,247797.6641,86
1431,1431.0,static,39.7386,0.5688,44270.4192,241105.9109,84
1432,1432.0,static,39.7742,0.6094,45337.6245,249654.2512,85
1433,1433.0,static,39.8886,0.65,45740.2281,264728.4245,85
1434,1434.0,static,39.3278,0.7313,47192.1846,236911.2537,85
1435,1435.0,static,38.8327,0.7313,48349.1559,201937.3081,81
1436,1436.0,static,37.7872,0.7719,50971.5747,188061.8827,80
1437,1437.0,static,37.0219,0.8125,54708.2658,212122.6214,81
1438,1438.0,static,35.8413,0.9344,60689.5227,207218.0159,84
1439,1439.0,static,35.2553,1.0563,65476.6602,199514.7485,83
1440,1440.0,static,39.5246,0.65,49698.5615,180019.1223,65
1441,1441.0,static,39.6373,0.4469,46368.3771,212529.6366,64
1442,1442.0,static,38.8469,0.4875,47532.9384,243695.6537,71
1443,1443.0,static,38.4675,0.4062,47287.9852,247221.2732,72
1444,1444.0,static,37.9201,0.5281,47614.6141,294068.7495,75
1445,1445.0,static,38.3165,0.6094,47026.3346,333386.8435,79
1446,1446.0,static,38.9433,0.65,47411.2142,354730.6839,81
1447,1447.0,static,39.4574,0.5281,46018.2731,351179.0226,81
1448,1448.0,static,40.3136,0.5688,44778.6487,330251.3629,80
1449,1449.0,static,40.4074,0.5688,44482.4347,283066.5487,81
1450,1450.0,static,40.1786,0.5688,44973.0343,287758.1623,83
1451,1451.0,static,41.118,0.5281,43604.2549,274052.7385,79
1452,1452.0,static,41.0744,0.5688,43414.2565,284090.0365,80
1453,1453.0,static,40.9714,0.6906,43851.7577,243201.8651,82
1454,1454.0,static,40.9996,0.6906,43775.1615,297183.4827,83
1455,1455.0,static,41.355,0.65,43627.2783,307663.1873,83
1456,1456.0,static,41.4588,0.6906,44181.4362,273965.7798,83
1457,1457.0,static,41.491,0.6906,44220.6708,238627.7988,83
1458,1458.0,static,41.3953,0.7719,44611.3239,232291.8133,83
1459,1459.0,static,41.3053,0.7719,44583.8233,246775.0298,83
1460,1460.0,static,40.5876,0.8125,46436.0972,223553.3238,84
1461,1461.0,static,41.0186,0.7719,46429.1737,268929.3257,82
1462,1462.0,static,39.7528,0.8938,47776.58,247924.1297,84
1463,1463.0,static,39.8728,0.8531,47555.4977,271808.7626,83
1464,1464.0,static,39.2632,0.975,49079.4945,255001.1645,82
1465,1465.0,static,38.879,0.975,49640.9143,246249.9501,83
1466,1466.0,static,38.6168,1.0156,50509.7263,255029.9408,84
1467,1467.0,static,38.7255,0.975,51346.7934,265648.6422,84
1468,1468.0,static,37.9114,1.0156,54026.8222,226517.1098,84
1469,1469.0,static,37.8143,1.0563,54722.2725,233720.5778,85
1470,1470.0,static,37.2007,1.0969,55179.8303,206918.5732,85
1471,1471.0,static,37.6792,1.0969,55629.2248,228828.2715,84
1472,1472.0,static,37.3268,1.1375,55963.9902,259451.4314,86
1473,1473.0,static,37.7444,1.0969,55712.714,212861.7633,84
1474,1474.0,static,37.4003,1.1375,56795.3019,288602.5265,86
1475,1475.0,static,37.8732,1.1375,55643.924,246547.4913,86
1476,1476.0,static,37.1355,1.1781,57779.5593,275360.8394,85
1477,1477.0,static,37.4283,1.1781,57596.4247,262958.3479,84
1478,1478.0,static,37.7154,1.1781,58070.6793,236176.5609,83
1479,1479.0,static,37.1266,1.2594,61221.6325,242459.3268,85
1480,1480.0,static,36.938,1.3,64302.5669,219700.8141,85
1481,1481.0,static,37.2831,1.3,63649.9842,285372.6922,85
1482,1482.0,static,36.8308,1.3812,65501.3901,220268.3106,83
1483,1483.0,static,35.3274,1.4219,68169.1938,223024.8345,85
1484,1484.0,static,35.2215,1.4625,71246.651,240034.5527,85
1485,1485.0,static,34.9288,1.1781,98868.4432,176272.5703,77
1486,1486.0,static,34.8469,1.0563,193568.0104,239540.6578,80
1487,1487.0,static,35.0551,0.9344,540945.7685,273792.176,81
1488,1488.0,static,34.653,0.9344,1155483.6711,213721.1807,77
1489,1489.0,static,34.976,0.9344,7462389.6242,270090.707,77
1490,1490.0,static,36.7214,0.7313,7454046.1923,272902.1733,73
1491,1491.0,static,37.6419,0.4875,55336.6258,308185.2208,72
1492,1492.0,static,37.6665,0.4875,50347.5351,348152.2249,77
1493,1493.0,static,38.7674,0.4062,46417.7951,307853.0074,75
1494,1494.0,static,38.8252,0.3656,43960.4065,334836.8788,79
1495,1495.0,static,38.744,0.4469,43714.6547,353653.8843,83
1496,1496.0,static,39.192,0.4469,42252.2428,377123.3731,81
1497,1497.0,static,39.1975,0.4469,42278.0366,337266.8503,82
1498,1498.0,static,39.7,0.4469,41278.8136,374093.0247,82
1499,1499.0,static,40.1791,0.4469,40824.499,283939.8336,80
1500,1500.0,static,40.2275,0.5281,40566.602,358265.9079,85
1501,1501.0,static,40.9277,0.4875,39768.5245,353962.4451,84
1502,1502.0,static,41.1907,0.6094,39631.3166,308935.3397,84
1503,1503.0,static,40.7423,0.5281,40558.289,330714.2317,87
1504,1504.0,static,40.8631,0.5688,40912.7172,321138.2589,88
1505,1505.0,static,41.1951,0.5281,41440.6309,319208.2051,88
1506,1506.0,static,40.5097,0.5688,48628.0009,318118.4286,88
1507,1507.0,static,40.5546,0.5281,132591.5161,285468.1479,88
1508,1508.0,static,40.6781,0.65,322881.9272,334235.1634,89
1509,1509.0,static,40.4028,0.6094,501313.5575,248150.1352,89
1510,1510.0,static,40.2616,0.65,1421673.2138,263038.5459,89
1511,1511.0,static,40.0724,0.6906,3299969.6724,277130.9184,89
1512,1512.0,static,39.4872,0.7719,7192830.2143,260947.76,88
1513,1513.0,static,39.2641,0.7719,9027337.6483,261557.1058,88
1514,1514.0,static,39.4126,0.8125,14850721.5454,247511.5741,89
1515,1515.0,static,39.4923,0.8125,14850500.6221,295122.835,89
1516,1516.0,static,38.6216,0.8531,14852026.5217,295054.6067,90
1517,1517.0,static,39.0396,0.8125,14851499.8548,280921.8791,89
1518,1518.0,static,39.0965,0.8531,14851620.263,267067.5981,88
1519,1519.0,static,39.3442,0.8125,14851632.9986,283474.6477,87
1520,1520.0,static,38.6948,0.8531,14853664.675,240179.2167,88
1521,1521.0,static,38.4196,0.8938,14854770.7446,229739.651,89
1522,1522.0,static,37.9383,0.975,14858242.4439,284344.0113,89
1523,1523.0,static,37.7977,1.0156,14864685.908,218112.5443,89
1524,1524.0,static,37.9304,1.1375,14865682.6842,263259.1759,90
1525,1525.0,static,37.245,1.3,14866997.0536,233053.1132,91
1526,1526.0,static,37.232,1.3812,14859996.1551,238787.0041,90
1527,1527.0,static,36.9831,1.3812,14860675.4167,246079.4715,89
1528,1528.0,static,36.5997,1.4219,14862130.6667,246124.1181,92
1529,1529.0,static,36.9494,1.4625,14861225.1041,272004.2532,92
1530,1530.0,static,40.6926,0.8531,45509.5076,189021.2268,74
1531,1531.0,static,40.6836,0.5281,44351.9262,236168.9375,74
1532,1532.0,static,39.6552,0.325,44769.8076,273867.756,77
1533,1533.0,static,40.2102,0.2031,43540.527,270326.6019,76
1534,1534.0,static,39.3412,0.2438,43805.3668,334914.6791,81
1535,1535.0,static,39.5747,0.1625,44490.4353,366261.0254,84
1536,1536.0,static,39.2063,0.2844,44137.626,384714.6307,87
1537,1537.0,static,40.3585,0.2844,42173.8057,350664.4147,86
1538,1538.0,static,40.1973,0.3656,42419.9102,413982.3766,90
1539,1539.0,static,41.0878,0.2844,40713.0268,341671.6744,87
1540,1540.0,static,41.0397,0.2844,40754.9296,382564.1718,89
1541,1541.0,static,41.0648,0.2438,40881.436,338591.3275,90
1542,1542.0,static,41.0014,0.2844,41982.6756,382820.1929,91
1543,1543.0,static,41.6071,0.2438,40755.9087,323239.0802,90
1544,1544.0,static,41.3331,0.2844,41828.3874,346684.3562,94
1545,1545.0,static,41.9956,0.2844,41281.2139,369843.1864,92
1546,1546.0,static,40.8462,0.3656,42505.4138,312278.2657,94
1547,1547.0,static,40.7593,0.3656,42712.8166,290212.3996,95
1548,1548.0,static,40.3257,0.4875,42700.218,334665.0207,95
1549,1549.0,static,40.659,0.4469,42858.9718,325586.3565,94
1550,1550.0,static,40.9004,0.5281,42814.86,349626.4483,95
1551,1551.0,static,40.6877,0.5281,42772.6932,279283.6452,94
1552,1552.0,static,40.3849,0.5688,43049.3924,288052.9591,95
1553,1553.0,static,40.472,0.5281,43026.0181,281766.7535,96
1554,1554.0,static,40.722,0.5281,42947.353,294586.3237,94
1555,1555.0,static,40.5224,0.5688,43352.7003,289117.9013,97
1556,1556.0,static,39.816,0.5688,44476.0543,346663.8662,98
1557,1557.0,static,40.3345,0.5688,44237.5995,309234.3857,95
1558,1558.0,static,39.4572,0.6094,45955.8545,308071.8196,97
1559,1559.0,static,39.7979,0.5688,45984.6266,302213.2943,95
1560,1560.0,static,39.8349,0.65,46400.6182,299117.2974,97
1561,1561.0,static,39.7118,0.65,47614.328,302662.3128,96
1562,1562.0,static,39.749,0.65,49578.5486,337945.3178,97
1563,1563.0,static,39.1403,0.6906,62339.198,309920.5324,98
1564,1564.0,static,38.3022,0.6906,354795.579,303616.1547,99
1565,1565.0,static,37.8975,0.6906,894954.4917,257352.1602,100
1566,1566.0,static,37.9141,0.7719,2008721.8632,317492.0123,99
1567,1567.0,static,38.032,0.7313,8858325.845,277423.5239,97
1568,1568.0,static,38.2614,0.8531,18797794.6042,317117.3718,97
1569,1569.0,static,38.0828,0.8531,18797951.3386,300869.0385,98
1570,1570.0,static,37.9477,0.9344,18799080.5993,264682.118,94
1571,1571.0,static,38.0897,0.9344,18799632.2916,331414.6799,94
1572,1572.0,static,37.5644,0.9344,18800606.883,265434.0508,91
1573,1573.0,static,37.5308,0.9344,18799918.8799,321324.9421,92
1574,1574.0,static,37.4752,1.0156,18799294.9356,293997.5554,92
1575,1575.0,static,37.9039,0.8531,18796708.4354,279307.5089,88
1576,1576.0,static,38.1151,0.7719,18796011.2786,266056.8088,86
1577,1577.0,static,37.6775,0.6094,18796251.8466,302953.9878,88
1578,1578.0,static,37.0375,0.6094,37543432.8426,258546.685,83
1579,1579.0,static,37.3017,0.5281,75263.692,290480.0923,87
1580,1580.0,static,40.1746,0.1625,43102.7533,285234.603,80
1581,1581.0,static,41.1285,0.1219,41114.2799,354661.7108,80
1582,1582.0,static,40.7711,0.1625,41381.7348,341958.6524,85
1583,1583.0,static,41.7125,0.1219,39573.5387,312450.6346,82
1584,1584.0,static,41.5022,0.1625,39787.6438,340576.727,84
1585,1585.0,static,40.9968,0.1625,40682.0489,295630.1608,85
1586,1586.0,static,40.926,0.2438,40789.2635,349841.8762,86
1587,1587.0,static,41.7531,0.2031,39884.4798,395377.1923,85
1588,1588.0,static,41.3945,0.2031,40694.786,298814.705,87
1589,1589.0,static,41.8021,0.325,40400.1877,342572.5655,86
1590,1590.0,static,40.652,0.3656,7445906.0477,305083.8828,87
1591,1591.0,static,40.7648,0.2844,47147.3639,305519.5434,87
1592,1592.0,static,40.8448,0.325,43666.2822,320470.9571,90
1593,1593.0,static,40.5446,0.3656,66009.0265,284866.3214,91
1594,1594.0,static,40.133,0.4062,81648.5144,291979.1459,90
1595,1595.0,static,40.4877,0.4062,153137.3361,271692.4724,89
1596,1596.0,static,40.533,0.5281,1642350.1996,310819.1383,89
1597,1597.0,static,40.9958,0.4875,7447252.0066,294876.9002,86
1598,1598.0,static,40.7863,0.5281,7447509.7245,282501.7787,87
1599,1599.0,static,41.2262,0.4875,7447113.1436,248374.7932,86
1600,1600.0,static,40.3312,0.5281,7447666.4637,297826.7889,89
1601,1601.0,static,40.6352,0.4875,7447379.5524,316736.0052,89
1602,1602.0,static,40.1955,0.5281,7448134.7666,305461.6108,89
1603,1603.0,static,39.8848,0.4875,7448493.4602,249636.7267,89
1604,1604.0,static,39.6832,0.5281,7449150.6531,283187.1863,89
1605,1605.0,static,39.8678,0.4875,7448788.5924,254764.2253,90
1606,1606.0,static,39.7911,0.5688,7448794.6184,254245.0901,90
1607,1607.0,static,39.7295,0.5281,7448480.5336,286855.6833,90
1608,1608.0,static,39.8254,0.6094,7448254.7609,286200.4375,89
1609,1609.0,static,39.5018,0.6094,7448442.1408,267034.8274,87
1610,1610.0,static,39.2509,0.65,7449105.8438,273273.5506,88
1611,1611.0,static,38.8127,0.65,7449576.2655,243967.5161,86
1612,1612.0,static,38.5071,0.6906,7450406.0031,231967.6636,86
1613,1613.0,static,38.0347,0.65,7451620.423,246711.8436,88
1614,1614.0,static,37.7557,0.7719,7452847.0292,220951.6582,89
1615,1615.0,static,37.8305,0.8531,7453419.6555,345274.8924,91
1616,1616.0,static,37.6105,0.975,7453930.5996,281159.9957,91
1617,1617.0,static,37.3998,1.0563,7454113.4532,283494.2996,89
1618,1618.0,static,36.6394,1.1781,7459609.6816,221748.4151,88
1619,1619.0,static,36.8281,1.1781,7458234.3071,289311.0906,88
1620,1620.0,static,41.3031,0.4875,45901.4909,208115.4425,70
1621,1621.0,static,41.0905,0.3656,44738.3062,225525.3371,70
1622,1622.0,static,40.4205,0.1625,44545.443,278225.6786,73
1623,1623.0,static,40.7063,0.0812,42604.5015,208493.3862,69
1624,1624.0,static,39.1203,0.1625,43615.7653,332926.1029,76
1625,1625.0,static,39.2305,0.2031,44194.8698,359298.0066,79
1626,1626.0,static,40.5927,0.2031,42901.2989,406558.7257,79
1627,1627.0,static,41.2684,0.2031,42374.3713,380506.1573,78
1628,1628.0,static,41.0368,0.2438,42689.7858,375471.6352,80
1629,1629.0,static,41.9236,0.2438,41483.1005,352597.174,80
1630,1630.0,static,41.6645,0.325,41571.5639,337341.1868,84
1631,1631.0,static,42.266,0.2438,40828.5212,314656.5848,83
1632,1632.0,static,42.8128,0.2844,40231.4234,373233.951,84
1633,1633.0,static,42.8765,0.2844,40393.8142,301492.0693,85
1634,1634.0,static,42.4771,0.325,40289.177,320114.6188,85
1635,1635.0,static,42.847,0.325,40144.2852,293737.8444,81
1636,1636.0,static,42.7261,0.3656,40300.1385,271726.3413,83
1637,1637.0,static,43.0421,0.325,40059.3062,295233.865,82
1638,1638.0,static,42.7177,0.4062,40766.077,262186.5226,82
1639,1639.0,static,42.1122,0.325,41693.5301,213479.1299,82
1640,1640.0,static,41.0009,0.3656,44119.8376,221100.6231,78
1641,1641.0,static,40.7562,0.325,44781.1054,192773.5608,76
1642,1642.0,static,40.2552,0.4062,45394.8571,271382.613,79
1643,1643.0,static,40.6399,0.3656,44701.6621,291603.3502,80
1644,1644.0,static,40.8058,0.4875,44555.6709,283040.7409,81
1645,1645.0,static,40.921,0.5281,44455.4664,294512.8492,82
1646,1646.0,static,41.1644,0.5688,45340.7221,294676.2539,82
1647,1647.0,static,41.103,0.5281,45953.2597,223622.6864,82
1648,1648.0,static,40.1305,0.5688,48659.1626,232127.6184,82
1649,1649.0,static,39.996,0.5281,49605.3442,254085.883,83
1650,1650.0,static,39.3664,0.65,50511.0744,250914.254,85
1651,1651.0,static,39.2919,0.7313,50834.1665,278874.9299,85
1652,1652.0,static,38.8156,0.8531,51877.7444,257393.9579,84
1653,1653.0,static,38.5761,0.8531,53215.4946,228681.1559,81
1654,1654.0,static,38.0706,0.8938,55480.2424,213959.4258,81
1655,1655.0,static,37.7815,0.8938,59060.5475,209623.5077,80
1656,1656.0,static,37.4098,0.9344,147304.6818,240571.5351,83
1657,1657.0,static,37.4684,0.9344,358508.3823,234016.4248,82
1658,1658.0,static,36.0471,1.0156,741003.258,252159.0658,84
1659,1659.0,static,36.408,1.0156,838383.3376,290900.2074,83
1660,1660.0,static,35.803,1.0563,16579453.4104,211677.7453,80
1661,1661.0,static,36.0374,1.0563,19736873.803,232737.3599,78
1662,1662.0,static,35.2477,1.0969,37415603.7419,241825.8233,82
1663,1663.0,static,35.4234,1.0969,37511971.3287,230413.2452,81
1664,1664.0,static,35.5283,1.1781,37629084.7449,254560.1074,82
1665,1665.0,static,36.5476,1.0563,19245468.6859,219377.7798,76
1666,1666.0,static,36.4121,1.0563,20792901.0303,217248.0487,76
1667,1667.0,static,36.1478,0.975,18862353.1337,239503.2774,77
1668,1668.0,static,35.7596,1.0156,18834415.7429,246921.7165,80
1669,1669.0,static,35.8855,0.975,18821330.6307,254248.0284,79
1670,1670.0,static,38.9469,0.6094,57697.8088,252038.0229,72
1671,1671.0,static,39.238,0.4062,52153.552,258142.5206,72
1672,1672.0,static,38.5622,0.325,49384.3105,289289.8882,77
1673,1673.0,static,39.5944,0.2844,45660.1178,302608.3094,75
1674,1674.0,static,39.8107,0.2844,43435.4869,305585.3612,75
1675,1675.0,static,39.9917,0.325,42356.2215,314818.4766,75
1676,1676.0,static,41.3714,0.325,39545.7584,342119.1163,72
1677,1677.0,static,41.3042,0.3656,39356.713,329540.0747,76
1678,1678.0,static,41.6298,0.3656,38967.9179,314778.425,76
1679,1679.0,static,40.9902,0.4062,39560.2742,277706.5361,77
1680,1680.0,static,40.5684,0.5281,40204.7763,314380.2647,80
1681,1681.0,static,41.2764,0.4469,39373.0772,324971.9206,80
1682,1682.0,static,41.3052,0.4875,39687.6593,308561.1579,80
1683,1683.0,static,41.013,0.4875,40287.6037,316398.9772,82
1684,1684.0,static,40.7067,0.4875,40604.6406,222515.1701,81
1685,1685.0,static,40.8397,0.4875,40713.0568,246287.9998,81
1686,1686.0,static,40.2708,0.5281,41456.5369,257285.7433,81
1687,1687.0,static,39.8283,0.5688,41820.5298,270216.5121,84
1688,1688.0,static,39.7833,0.65,42359.8821,299947.7047,84
1689,1689.0,static,40.0887,0.6094,42005.0513,294200.8288,85
1690,1690.0,static,40.618,0.65,41101.167,306680.5934,84
1691,1691.0,static,41.1145,0.6094,40299.9887,323130.8727,85
1692,1692.0,static,40.9115,0.65,40510.0516,229684.9499,84
1693,1693.0,static,40.6987,0.6094,41416.9383,262042.984,84
1694,1694.0,static,40.9866,0.65,40614.0086,288786.7603,84
1695,1695.0,static,40.8806,0.6094,40671.8133,248640.5024,84
1696,1696.0,static,40.0977,0.65,41994.3687,281279.3079,86
1697,1697.0,static,40.1987,0.6094,41817.6392,280517.2679,86
1698,1698.0,static,39.8626,0.65,42433.9422,291972.0951,87
1699,1699.0,static,39.9736,0.6094,42742.8829,254739.4124,85
1700,1700.0,static,38.6753,0.7313,45925.45,231794.2626,87
1701,1701.0,static,38.5389,0.7313,47845.741,212005.8982,84
1702,1702.0,static,37.7647,0.8125,52518.9655,233560.2086,83
1703,1703.0,static,37.1247,0.8938,240729.2019,180803.7788,83
1704,1704.0,static,37.0554,0.9344,4186824.1695,217413.1899,84
1705,1705.0,static,37.1352,1.0156,7457993.1172,236603.4373,82
1706,1706.0,static,36.9055,1.0563,7459651.5091,222534.3327,84
1707,1707.0,static,37.1178,1.0969,7463785.0676,252548.9009,82
1708,1708.0,static,36.3778,1.2594,7463211.8325,209311.3329,84
1709,1709.0,static,36.2928,1.2594,7465236.8772,239190.507,85
1710,1710.0,static,40.1253,0.7313,45506.7503,231336.5668,66
1711,1711.0,static,40.1072,0.325,45169.1495,222953.3671,66
1712,1712.0,static,40.6649,0.2031,44055.4286,273411.6253,67
1713,1713.0,static,41.4123,0.0812,42280.6753,232961.5939,65
1714,1714.0,static,39.9863,0.1625,42416.0768,304382.6263,72
1715,1715.0,static,39.4875,0.1625,43995.2777,344249.8633,76
1716,1716.0,static,39.1216,0.0812,43729.24,383021.5651,78
1717,1717.0,static,40.479,0.0406,41770.065,386740.9592,75
1718,1718.0,static,40.827,0.1219,41593.5292,361215.1476,77
1719,1719.0,static,41.4914,0.0812,40866.4185,336059.0201,80
1720,1720.0,static,41.4943,0.1625,40506.5498,298650.5124,81
1721,1721.0,static,41.8962,0.2031,40217.7873,312793.657,79
1722,1722.0,static,41.481,0.2438,41466.0783,318667.2832,81
1723,1723.0,static,41.8443,0.2031,41123.8483,325994.3793,81
1724,1724.0,static,42.3181,0.2844,40955.0596,321923.9621,80
1725,1725.0,static,41.911,0.2438,41340.0039,294985.2532,79
1726,1726.0,static,41.3607,0.325,42490.9999,267619.4253,81
1727,1727.0,static,41.9616,0.325,41918.7838,302182.0492,79
1728,1728.0,static,42.0388,0.3656,41833.3939,279027.7693,79
1729,1729.0,static,41.6766,0.4062,42575.8055,242627.1381,80
1730,1730.0,static,41.6376,0.4062,43393.7938,233919.6086,80
1731,1731.0,static,41.5077,0.4062,43910.3445,276546.8115,80
1732,1732.0,static,41.2673,0.4469,44984.916,255143.8069,82
1733,1733.0,static,41.4423,0.4062,44276.7012,249506.1252,80
1734,1734.0,static,41.687,0.4875,43742.6144,282122.3778,80
1735,1735.0,static,41.2837,0.4469,44172.0914,258713.9631,81
1736,1736.0,static,40.5046,0.5281,44090.7282,243451.2267,82
1737,1737.0,static,40.4646,0.4875,44126.9043,229312.5262,81
1738,1738.0,static,39.998,0.5281,45013.5081,204159.3699,81
1739,1739.0,static,39.5454,0.4875,46273.3513,245323.9478,82
1740,1740.0,static,39.648,0.5281,46446.3409,249566.8257,80
1741,1741.0,static,39.4171,0.5281,46479.6011,255484.7005,82
1742,1742.0,static,39.435,0.5688,46499.2645,281249.8988,81
1743,1743.0,static,39.51,0.5281,50207.7405,251218.3085,83
1744,1744.0,static,39.013,0.5688,49449.7851,323186.9236,84
1745,1745.0,static,39.0679,0.5688,49253.9016,299673.3609,84
1746,1746.0,static,39.5233,0.65,48680.0142,289115.3022,83
1747,1747.0,static,39.6615,0.65,48981.7524,242839.8351,80
1748,1748.0,static,38.8567,0.6906,49312.7814,273173.8537,83
1749,1749.0,static,39.1547,0.65,48886.0358,273356.1362,83
1750,1750.0,static,38.4307,0.7313,50278.3162,276703.5674,82
1751,1751.0,static,38.1906,0.6906,50424.8065,233387.851,80
1752,1752.0,static,37.8489,0.7719,51647.4757,260503.0563,79
1753,1753.0,static,37.5008,0.7313,52641.2521,214576.3106,79
1754,1754.0,static,37.3545,0.8125,52475.0038,234835.916,79
1755,1755.0,static,38.4517,0.65,47666.0053,224063.962,73
1756,1756.0,static,38.0111,0.6094,48920.915,241095.527,73
1757,1757.0,static,37.7221,0.5688,49869.1785,226839.6746,75
1758,1758.0,static,37.5444,0.5688,49209.6789,220148.5605,76
1759,1759.0,static,38.1044,0.6094,47868.8657,250378.5213,74
1760,1760.0,static,39.3061,0.4469,45143.4699,216823.4329,67
1761,1761.0,static,39.6377,0.325,44045.3554,288054.1756,69
1762,1762.0,static,39.46,0.2438,43355.971,240146.305,71
1763,1763.0,static,39.909,0.2844,42167.7493,241286.9584,69
1764,1764.0,static,39.9001,0.3656,41770.2773,265494.049,72
1765,1765.0,static,40.0969,0.2844,41795.1925,269752.4697,74
1766,1766.0,static,41.1237,0.2844,40110.7628,275280.2707,73
1767,1767.0,static,41.172,0.3656,40025.6658,259399.8046,75
1768,1768.0,static,41.2178,0.3656,39723.4295,291567.7412,77
1769,1769.0,static,41.146,0.3656,39577.865,311226.9516,79
1770,1770.0,static,40.8157,0.4062,40382.3283,252542.5313,80
1771,1771.0,static,41.1512,0.3656,39743.6787,251925.4629,79
1772,1772.0,static,40.9234,0.4062,40101.0345,262788.8794,79
1773,1773.0,static,40.8889,0.3656,40080.6145,252852.3747,80
1774,1774.0,static,40.5126,0.4469,40515.7752,261096.4058,82
1775,1775.0,static,40.5196,0.4469,40432.7528,248237.3431,79
1776,1776.0,static,40.0967,0.4875,41765.8294,270290.335,79
1777,1777.0,static,39.645,0.4469,42213.8304,264129.8563,80
1778,1778.0,static,39.4648,0.4875,42620.9379,263062.6079,80
1779,1779.0,static,39.9781,0.4875,41984.016,242034.1602,78
1780,1780.0,static,38.5275,0.5688,43787.8031,263450.9339,80
1781,1781.0,static,38.4765,0.5281,44036.7319,246835.7734,80
1782,1782.0,static,39.1258,0.6094,43212.7498,302007.7686,80
1783,1783.0,static,39.5758,0.6094,42467.4622,276926.6934,79
1784,1784.0,static,39.9165,0.6906,41949.4137,277545.2748,81
1785,1785.0,static,40.3166,0.65,41398.1826,255208.7708,80
1786,1786.0,static,40.4232,0.6906,41462.5488,252841.9031,82
1787,1787.0,static,40.6848,0.65,41350.8669,250087.9991,80
1788,1788.0,static,40.537,0.6906,41824.428,251724.277,81
1789,1789.0,static,40.4187,0.65,42245.0271,240923.7389,79
1790,1790.0,static,40.1292,0.6906,43043.0159,236914.8388,80
1791,1791.0,static,39.7429,0.7313,43785.5884,207364.6511,82
1792,1792.0,static,39.3683,0.8531,44318.0131,243270.0468,83
1793,1793.0,static,39.1876,0.8125,44884.5047,250596.3411,83
1794,1794.0,static,38.8466,0.9344,46361.7298,247186.0238,83
1795,1795.0,static,38.4745,0.8938,48047.103,199311.2344,81
1796,1796.0,static,37.6206,0.975,48616.1903,212709.0687,80
1797,1797.0,static,37.1158,0.975,49240.0056,213609.6074,80
1798,1798.0,static,37.1167,1.0156,49043.7714,223703.3223,81
1799,1799.0,static,36.4317,1.0156,50053.2185,228383.0179,80
1800,1800.0,static,40.2169,0.4875,42818.8067,188590.4473,61
1801,1801.0,static,40.5293,0.2438,42141.9586,173589.0886,61
1802,1802.0,static,37.9921,0.1625,45336.9557,207096.9793,67
1803,1803.0,static,38.7626,0.2031,44268.5644,268099.3048,66
1804,1804.0,static,38.4719,0.3656,44829.9175,286302.3679,70
1805,1805.0,static,39.0341,0.325,44155.7436,305614.915,72
1806,1806.0,static,40.3353,0.4062,42211.6789,341327.7916,73
1807,1807.0,static,40.3966,0.4062,42300.2741,341606.058,74
1808,1808.0,static,40.6596,0.4875,42392.5022,309651.349,77
1809,1809.0,static,41.257,0.4875,41516.4115,303022.272,77
1810,1810.0,static,41.4222,0.4875,41699.3881,281014.1784,77
1811,1811.0,static,41.3694,0.4875,41797.1362,257950.2045,77
1812,1812.0,static,40.5176,0.5688,42790.9024,244304.3047,78
1813,1813.0,static,41.0184,0.5281,42783.966,274838.9461,77
1814,1814.0,static,39.8318,0.5688,47721.7478,241395.9424,79
1815,1815.0,static,40.0358,0.5281,46561.8123,283607.8785,79
1816,1816.0,static,39.5058,0.5688,46161.1146,229626.6806,79
1817,1817.0,static,40.1115,0.4469,43979.0989,285921.0361,78
1818,1818.0,static,39.2223,0.4875,44318.103,228149.0165,80
1819,1819.0,static,39.5447,0.4469,44393.911,237946.3133,79
1820,1820.0,static,39.2504,0.4875,46202.8763,277119.8023,81
1821,1821.0,static,39.4365,0.5281,47129.4749,260377.5388,80
1822,1822.0,static,39.2982,0.5688,48602.6269,298264.3681,82
1823,1823.0,static,39.8228,0.5281,48287.1773,277716.3228,80
1824,1824.0,static,39.852,0.65,48316.9462,269639.2323,80
1825,1825.0,static,39.9795,0.6906,48101.0949,257858.2345,82
1826,1826.0,static,39.6061,0.6906,48511.1603,253041.0867,82
1827,1827.0,static,39.9183,0.65,48262.9404,271001.1132,80
1828,1828.0,static,39.5288,0.7313,48336.4393,228735.5655,80
1829,1829.0,static,39.5468,0.6906,47882.6348,284913.9591,84
1830,1830.0,static,39.5311,0.7313,47748.86,260463.7879,85
1831,1831.0,static,39.9008,0.6906,47621.923,245262.0973,83
1832,1832.0,static,39.0813,0.7719,48470.5033,272221.9853,83
1833,1833.0,static,39.0727,0.7313,48686.0592,234500.5585,81
1834,1834.0,static,38.5738,0.7719,49720.1448,209732.0831,82
1835,1835.0,static,38.6374,0.8125,50003.9865,244388.4855,81
1836,1836.0,static,37.7517,0.8531,50964.1753,256594.9032,80
1837,1837.0,static,37.9518,0.8125,51527.3327,249265.0574,80
1838,1838.0,static,37.2249,0.8531,52756.0429,260028.2283,82
1839,1839.0,static,37.2918,0.8531,53514.555,248158.1836,81
1840,1840.0,static,36.5478,0.8938,54885.8734,246953.2569,81
1841,1841.0,static,36.7524,0.8938,54519.7346,311274.6247,81
1842,1842.0,static,36.3848,0.975,54769.298,252827.9419,82
1843,1843.0,static,36.7199,0.975,53772.6455,268404.9337,80
1844,1844.0,static,36.1626,1.0156,53479.5973,266688.5465,82
1845,1845.0,static,36.8738,0.7719,50728.9954,257982.6296,79
1846,1846.0,static,36.9702,0.7313,52580.2435,270101.1732,78
1847,1847.0,static,36.2625,0.6906,55202.7585,201501.4478,79
1848,1848.0,static,35.4513,0.7719,56204.7549,215011.9846,78
1849,1849.0,static,34.5258,0.8125,58788.6337,216447.7756,81
1850,1850.0,static,36.6685,0.5688,53381.0408,226239.8623,72
1851,1851.0,static,37.1808,0.4062,339723.6641,263327.5232,70
1852,1852.0,static,37.3056,0.2844,521932.2849,315628.9478,72
1853,1853.0,static,38.1998,0.4875,5622097.8945,264679.7024,72
1854,1854.0,static,38.4777,0.4469,7447538.6107,302543.3816,74
1855,1855.0,static,38.3997,0.5281,7447730.1484,330537.9079,79
1856,1856.0,static,38.9225,0.5281,7447024.3715,350926.6757,78
1857,1857.0,static,39.5006,0.5281,7446023.5907,312868.019,79
1858,1858.0,static,39.1795,0.4875,7446278.5595,325444.0991,81
1859,1859.0,static,39.7385,0.4875,7445824.6843,316007.919,79
1860,1860.0,static,39.5573,0.5688,7446888.4472,311669.2167,81
1861,1861.0,static,39.5433,0.6094,7451180.4818,305725.8485,82
1862,1862.0,static,38.6892,0.7313,7494754.8003,268002.3166,85
1863,1863.0,static,39.0364,0.6906,11113156.769,326709.6846,85
1864,1864.0,static,38.7417,0.7719,14851526.2787,260782.419,85
1865,1865.0,static,38.734,0.7719,14851865.521,278242.8771,85
1866,1866.0,static,37.8726,0.8531,14853057.1983,253845.184,85
1867,1867.0,static,38.2943,0.8125,14852403.6808,283806.7523,83
1868,1868.0,static,38.117,0.8531,14852680.8282,263534.3532,85
1869,1869.0,static,37.906,0.8125,14852890.5413,240762.0218,85
1870,1870.0,static,38.1354,0.8531,14852643.9507,302658.5776,84
1871,1871.0,static,38.5348,0.8125,14852178.4483,280556.6789,84
1872,1872.0,static,38.3479,0.8531,14852300.1563,245835.7372,85
1873,1873.0,static,38.7709,0.8125,14851672.8066,282752.9466,85
1874,1874.0,static,38.0582,0.8531,14852692.832,241923.8293,85
1875,1875.0,static,38.2949,0.8125,14852263.9389,267283.5555,85
1876,1876.0,static,38.1252,0.8531,14852884.4378,225176.7468,84
1877,1877.0,static,38.3909,0.8125,14852812.6586,270244.4897,84
1878,1878.0,static,37.936,0.8531,14853926.2015,222745.2306,85
1879,1879.0,static,38.0333,0.8125,14854280.1316,235152.354,84
1880,1880.0,static,38.1311,0.8938,14855258.5231,272150.315,85
1881,1881.0,static,38.0327,0.8531,14856436.7993,236280.9894,84
1882,1882.0,static,37.9116,0.975,14859168.593,229048.1235,82
1883,1883.0,static,37.0456,0.975,7478069.3201,195320.0154,81
1884,1884.0,static,36.607,1.0969,7475960.5504,189558.6881,83
1885,1885.0,static,36.3158,1.1375,7476042.2641,213700.9135,81
1886,1886.0,static,36.201,1.1781,7474250.6358,187364.742,78
1887,1887.0,static,36.1599,1.2594,7470072.5781,223575.744,78
1888,1888.0,static,35.5946,1.4219,7461352.1549,194347.1837,82
1889,1889.0,static,35.7145,1.4219,7461405.7476,236886.2358,82
1890,1890.0,static,40.4219,0.8125,47470.464,202657.9294,66
1891,1891.0,static,40.8606,0.6094,45942.9898,240304.2215,64
1892,1892.0,static,39.1229,0.5281,47675.2172,221855.9546,71
1893,1893.0,static,39.0394,0.4062,47440.0997,247234.3342,70
1894,1894.0,static,38.0891,0.4469,49260.8143,330456.7783,76
1895,1895.0,static,39.4978,0.2844,45882.0338,380870.5941,78
1896,1896.0,static,40.0671,0.325,44743.2086,351072.7266,78
1897,1897.0,static,40.583,0.2438,43433.5067,392240.508,80
1898,1898.0,static,40.3174,0.2438,43852.1314,340585.68,79
1899,1899.0,static,40.4635,0.2438,44100.6928,316583.0183,80
1900,1900.0,static,40.5276,0.325,43708.1772,332615.4355,82
1901,1901.0,static,40.9916,0.325,43005.9274,311825.124,81
1902,1902.0,static,40.3796,0.3656,42990.2924,284985.7271,83
1903,1903.0,static,40.8643,0.3656,42149.3414,288523.8955,84
1904,1904.0,static,40.8422,0.4062,41958.2353,278142.2943,83
1905,1905.0,static,40.5872,0.3656,42251.2696,243305.2435,84
1906,1906.0,static,39.9341,0.4469,43451.4841,292409.8259,83
1907,1907.0,static,40.1516,0.3656,43248.0809,244609.9998,80
1908,1908.0,static,39.9417,0.4062,43928.9675,277740.3818,80
1909,1909.0,static,40.2347,0.3656,44089.3928,274616.9971,80
1910,1910.0,static,39.8601,0.4062,46107.1797,277886.2612,81
1911,1911.0,static,40.423,0.4469,45387.1045,278387.2377,79
1912,1912.0,static,40.0475,0.5281,46010.5335,230809.4431,83
1913,1913.0,static,40.6266,0.4875,45306.3465,294078.3614,81
1914,1914.0,static,40.1678,0.6094,46317.2108,240495.5474,83
1915,1915.0,static,40.1816,0.5688,45966.1383,224247.2533,83
1916,1916.0,static,40.3161,0.6094,46875.7316,263060.2822,81
1917,1917.0,static,40.1044,0.5688,47544.5854,230600.1003,80
1918,1918.0,static,39.8347,0.65,47814.0688,244396.9986,82
1919,1919.0,static,40.0203,0.6094,47784.1073,263732.2417,84
1920,1920.0,static,39.9289,0.6906,48019.2452,263943.5788,85
1921,1921.0,static,40.1855,0.6906,47237.2627,254857.9769,85
1922,1922.0,static,39.845,0.7313,47397.4798,242927.1979,86
1923,1923.0,static,39.4067,0.6906,49061.7036,249988.7096,84
1924,1924.0,static,38.922,0.7313,49574.4677,304446.9307,84
1925,1925.0,static,38.5808,0.6906,51247.2669,242765.7991,83
1926,1926.0,static,39.0249,0.8125,52438.1092,208679.0118,79
1927,1927.0,static,38.5856,0.8125,53497.4973,259171.554,82
1928,1928.0,static,38.2873,0.8125,54768.8091,252575.6226,82
1929,1929.0,static,39.6294,0.8531,53450.8881,268246.1433,77
1930,1930.0,static,39.6801,0.8531,53626.2148,222594.7951,78
1931,1931.0,static,38.9959,0.8938,55625.1455,237190.6737,80
1932,1932.0,static,38.3683,1.0156,56015.1675,256399.8775,82
1933,1933.0,static,38.2266,0.8938,55576.9032,226948.0455,81
1934,1934.0,static,37.8994,0.9344,54844.3108,260088.9704,82
1935,1935.0,static,38.5041,0.7719,49642.1646,227256.9791,76
1936,1936.0,static,38.138,0.7313,48907.307,259109.1771,78
1937,1937.0,static,38.3096,0.6094,47805.3924,281726.1986,80
1938,1938.0,static,39.1743,0.6094,46033.9838,270082.0369,76
1939,1939.0,static,38.9267,0.7313,45867.7672,292123.9231,81
1940,1940.0,static,40.5393,0.4469,42341.707,300946.7486,75
1941,1941.0,static,39.9008,0.2438,42639.7857,247792.3267,76
1942,1942.0,static,39.9458,0.2031,42493.2001,331255.3324,81
1943,1943.0,static,40.8088,0.1625,41061.1451,269540.0081,77
1944,1944.0,static,40.6072,0.2438,41949.655,329006.1174,78
1945,1945.0,static,40.847,0.2438,42087.8407,295469.8641,79
1946,1946.0,static,41.2138,0.325,41617.0682,339788.5406,78
1947,1947.0,static,42.385,0.2844,38487.1471,358061.1946,78
1948,1948.0,static,41.6301,0.325,38858.7182,350869.8904,83
1949,1949.0,static,42.0079,0.2844,38364.9884,296023.7338,82
1950,1950.0,static,42.0974,0.3656,38455.6878,346222.8399,84
1951,1951.0,static,42.2976,0.325,38205.2527,292057.7775,81
1952,1952.0,static,42.217,0.3656,38723.1085,297978.5574,81
1953,1953.0,static,42.2564,0.325,38425.5821,289616.3898,83
1954,1954.0,static,42.0211,0.325,39284.4379,263546.6946,83
1955,1955.0,static,42.3121,0.3656,41347.0985,317330.4911,83
1956,1956.0,static,42.0237,0.4062,83426.5994,288373.1908,83
1957,1957.0,static,41.9985,0.4062,124485.6988,242993.4021,83
1958,1958.0,static,42.0438,0.4469,190400.6265,306118.7128,85
1959,1959.0,static,41.6701,0.4062,1506681.7669,244228.2061,85
1960,1960.0,static,41.3433,0.4875,4845962.4913,309381.8018,85
1961,1961.0,static,41.054,0.4875,7446008.3699,236801.8983,84
1962,1962.0,static,39.681,0.5281,7447334.0331,266890.6061,84
1963,1963.0,static,39.6545,0.4875,7446603.6206,252300.4149,82
1964,1964.0,static,39.0409,0.5688,7448625.6961,264924.8323,83
1965,1965.0,static,39.2173,0.5688,7446571.5472,259352.3882,84
1966,1966.0,static,38.568,0.6094,7447544.5302,222457.3194,86
1967,1967.0,static,38.3274,0.6906,7448054.4902,265159.2675,86
1968,1968.0,static,37.8937,0.7313,7449506.7841,275912.3727,85
1969,1969.0,static,37.832,0.6906,7451314.6934,225746.8044,85
1970,1970.0,static,37.1869,0.8125,7455256.1371,258477.1628,85
1971,1971.0,static,37.1759,0.8125,7464041.8241,252381.3727,84
1972,1972.0,static,36.3263,0.8938,7513335.1275,216043.7436,83
1973,1973.0,static,36.7357,0.9344,7894299.3713,263559.8287,85
1974,1974.0,static,36.0388,1.0563,8612548.7114,222339.3581,85
1975,1975.0,static,36.3225,1.0563,9799403.6921,196487.8504,84
1976,1976.0,static,35.9227,1.0969,18843968.6359,237715.8182,85
1977,1977.0,static,35.622,1.1375,26044564.8546,217157.3406,84
1978,1978.0,static,35.1338,1.1781,26046292.1561,214049.2716,85
1979,1979.0,static,34.971,1.1781,26048382.3625,214907.9344,86
1980,1980.0,static,38.8334,0.6906,50434.6967,208573.4477,70
1981,1981.0,static,39.1777,0.2844,48014.0948,219319.9784,69
1982,1982.0,static,38.0456,0.0812,47829.3622,237689.7886,75
1983,1983.0,static,38.6856,0.0406,46035.3367,273581.5745,72
1984,1984.0,static,37.3471,0.1625,47493.2578,322456.7011,78
1985,1985.0,static,37.6942,0.2844,47156.9913,369267.9895,82
1986,1986.0,static,39.5994,0.2844,44524.3088,368192.326,77
1987,1987.0,static,40.0658,0.3656,45054.4542,409253.0577,80
1988,1988.0,static,40.5303,0.3656,45281.5924,404657.8085,83
1989,1989.0,static,41.5135,0.3656,45664.2028,356478.3685,83
1990,1990.0,static,41.3853,0.4469,46535.9131,289735.3645,85
1991,1991.0,static,41.8243,0.4875,44259.5179,373080.2317,87
1992,1992.0,static,42.1561,0.5281,43279.8957,313162.6391,87
1993,1993.0,static,42.4558,0.5281,42010.1579,341646.3275,88
1994,1994.0,static,41.9623,0.5281,42550.4064,326771.0198,90
1995,1995.0,static,41.85,0.4875,42550.323,293800.3094,91
1996,1996.0,static,41.5659,0.5281,42899.966,287414.2774,89
1997,1997.0,static,41.629,0.4875,43175.824,288032.3652,89
1998,1998.0,static,41.5219,0.65,43593.2949,267659.3237,90
1999,1999.0,static,41.6589,0.6094,44067.0461,282978.353,89
2000,2000.0,static,41.4454,0.65,45658.0096,270764.7976,89
2001,2001.0,static,41.1598,0.6094,47763.8497,286813.8747,88
2002,2002.0,static,40.558,0.6906,49687.095,231419.0963,90
2003,2003.0,static,40.5109,0.7313,50330.8342,293348.8412,90
2004,2004.0,static,40.2742,0.8125,52954.9851,250774.9966,89
2005,2005.0,static,40.3252,0.8125,52846.6158,260637.5134,89
2006,2006.0,static,39.4664,0.9344,53340.9617,259617.2274,90
2007,2007.0,static,39.6409,0.8938,53087.5928,246856.0819,89
2008,2008.0,static,39.3401,0.975,55045.0377,262411.3396,91
2009,2009.0,static,39.2836,0.9344,54424.78,243104.7151,90
2010,2010.0,static,39.3926,0.975,52836.5719,261034.3972,89
2011,2011.0,static,39.1135,0.975,53186.3009,223900.8151,88
2012,2012.0,static,38.046,1.0563,54134.0031,250758.1815,88
2013,2013.0,static,37.82,1.0156,56337.6316,231704.0088,87
2014,2014.0,static,37.175,1.0563,57632.2793,242001.5966,87
2015,2015.0,static,38.0504,1.0969,56546.6266,291815.4229,87
2016,2016.0,static,38.2992,1.2188,55471.1335,303760.0276,89
2017,2017.0,static,38.227,1.1781,55598.1002,247271.5997,88
2018,2018.0,static,38.1336,1.2188,55477.9544,308991.0586,90
2019,2019.0,static,38.4233,1.1781,54891.3921,294353.6562,89
2020,2020.0,static,37.7896,1.2594,55083.4107,252180.6828,88
2021,2021.0,static,37.6919,1.2594,54822.6225,282370.7992,90
2022,2022.0,static,37.12,1.3,55668.2438,252680.9504,89
2023,2023.0,static,37.3383,1.2594,55077.2105,252508.1511,86
2024,2024.0,static,36.554,1.3812,59710.945,242414.8779,86
2025,2025.0,static,36.6364,1.0969,58058.239,277414.017,80
2026,2026.0,static,36.8594,1.0563,55572.4342,245784.6219,81
2027,2027.0,static,36.4245,1.0156,54936.4244,280376.9605,83
2028,2028.0,static,36.3003,0.975,54582.8347,255592.8902,82
2029,2029.0,static,36.0429,1.0156,56329.9635,249216.4931,81
2030,2030.0,static,37.2511,0.8531,53376.2363,260907.5731,77
2031,2031.0,static,37.62,0.6094,50769.9429,250840.1497,74
2032,2032.0,static,37.4055,0.5281,49373.0307,275510.2623,79
2033,2033.0,static,37.7431,0.4062,46959.5865,331591.3459,81
2034,2034.0,static,37.6867,0.4062,45030.3351,280662.3317,79
2035,2035.0,static,38.6653,0.4469,43542.2646,321623.6825,80
2036,2036.0,static,38.7772,0.4875,43105.9959,375775.2222,84
2037,2037.0,static,39.7341,0.4469,42253.7991,415963.9155,85
2038,2038.0,static,39.6356,0.5281,42791.0403,376924.4889,85
2039,2039.0,static,40.4858,0.4469,41471.0715,368374.2052,87
2040,2040.0,static,40.3171,0.4875,41811.6723,359405.4185,89
2041,2041.0,static,41.045,0.4469,40425.7538,339266.0962,88
2042,2042.0,static,41.0199,0.4469,40103.1374,313913.7146,90
2043,2043.0,static,41.4326,0.4469,39497.066,291855.2274,88
2044,2044.0,static,41.1564,0.4875,39801.0445,321849.3559,90
2045,2045.0,static,40.9008,0.5281,40317.3093,283643.2725,92
2046,2046.0,static,41.2895,0.5281,39536.6856,308098.4536,91
2047,2047.0,static,41.6883,0.5281,39154.4752,312035.0844,91
2048,2048.0,static,41.3645,0.5688,39767.6317,300178.9785,92
2049,2049.0,static,41.9794,0.5281,39198.2516,302733.8675,89
2050,2050.0,static,41.2471,0.5688,40280.3769,267035.322,90
2051,2051.0,static,41.6313,0.5281,39813.9019,305511.1219,89
2052,2052.0,static,41.5738,0.6094,40150.7106,283011.6955,87
2053,2053.0,static,40.9872,0.5688,41154.8899,264804.4,87
2054,2054.0,static,40.2695,0.6094,41342.4549,283087.4152,88
2055,2055.0,static,40.6342,0.5688,40964.8665,292369.6346,85
2056,2056.0,static,40.0291,0.6906,42720.0809,248081.1416,87
2057,2057.0,static,39.9349,0.6906,42941.8807,281901.9441,88
2058,2058.0,static,39.9952,0.7313,43456.8652,335008.0904,86
2059,2059.0,static,40.1409,0.6906,44585.1261,282553.415,87
2060,2060.0,static,40.501,0.7313,44440.1741,299947.4556,87
2061,2061.0,static,40.5699,0.7313,45099.3986,234347.7411,86
2062,2062.0,static,40.6852,0.7313,45827.0461,263744.6633,84
2063,2063.0,static,39.9468,0.7719,49345.206,185790.1008,85
2064,2064.0,static,39.8666,0.8531,50035.2796,226279.2165,85
2065,2065.0,static,39.637,0.8531,52693.022,258093.278,83
2066,2066.0,static,38.3506,1.0563,56500.2822,244710.1222,82
2067,2067.0,static,38.1993,1.1375,59733.7523,236655.2786,83
2068,2068.0,static,37.7492,1.0969,58795.7112,244421.0132,87
2069,2069.0,static,36.1458,1.2188,59501.4425,229783.7093,86
2070,2070.0,static,40.0034,0.65,48514.1122,192023.7178,67
2071,2071.0,static,39.8571,0.325,46678.2111,268224.1394,69
2072,2072.0,static,37.8842,0.325,49244.491,263471.4448,76
2073,2073.0,static,38.8213,0.1625,46243.7063,276013.5429,71
2074,2074.0,static,37.188,0.2438,46709.5718,318308.4829,79
2075,2075.0,static,37.0876,0.2844,46677.4409,362022.8545,85
2076,2076.0,static,38.6476,0.325,46399.2122,385067.5213,79
2077,2077.0,static,39.0082,0.3656,45912.0971,403072.1043,82
2078,2078.0,static,40.0353,0.325,43739.5895,394683.1601,82
2079,2079.0,static,40.4073,0.3656,43022.9742,332861.9482,83
2080,2080.0,static,40.2033,0.3656,43122.141,384965.7835,87
2081,2081.0,static,40.6548,0.3656,42440.1459,313314.0159,85
2082,2082.0,static,40.0379,0.3656,43475.2238,318897.5812,88
2083,2083.0,static,40.1274,0.3656,43507.0824,350113.2239,90
2084,2084.0,static,39.8304,0.4469,44342.1205,271839.2597,90
2085,2085.0,static,39.7817,0.4875,44467.0587,329693.8118,92
2086,2086.0,static,39.7641,0.5688,44778.2824,324994.5515,92
2087,2087.0,static,40.113,0.5688,44733.3599,293982.8574,87
2088,2088.0,static,40.1754,0.65,45127.2716,282293.9427,87
2089,2089.0,static,40.1563,0.6094,45303.0297,307097.3748,89
2090,2090.0,static,39.8344,0.65,46208.132,251103.2838,90
2091,2091.0,static,39.8622,0.6094,47091.5954,292638.0211,91
2092,2092.0,static,39.6177,0.6906,49087.3989,278173.6015,91
2093,2093.0,static,39.5528,0.65,52267.2942,292745.3123,91
2094,2094.0,static,39.109,0.7313,101172.5296,261198.9093,92
2095,2095.0,static,39.2977,0.7719,833772.3236,271845.4589,91
2096,2096.0,static,39.7848,0.7719,8996642.2595,296085.7632,89
2097,2097.0,static,39.354,0.8125,18794240.8993,282766.5828,91
2098,2098.0,static,38.9767,0.8125,18795648.3152,273948.6223,93
2099,2099.0,static,38.8444,0.7719,18798202.7797,284486.0363,93
2100,2100.0,static,38.3454,0.8125,18803905.9115,241246.1119,95
2101,2101.0,static,38.469,0.8125,18826430.9974,291426.8879,92
2102,2102.0,static,38.3115,0.8531,19112198.0572,254432.081,91
2103,2103.0,static,37.6924,0.8531,18871562.4853,251560.1424,93
2104,2104.0,static,37.5056,0.8938,18826784.7616,267386.5246,93
2105,2105.0,static,37.5415,0.8531,18879308.2256,287663.0775,93
2106,2106.0,static,37.6594,0.8938,19487592.273,250672.6992,93
2107,2107.0,static,37.5897,0.9344,20439267.5746,290967.2662,94
2108,2108.0,static,37.7994,0.975,3763699.5285,281607.7183,93
2109,2109.0,static,38.2992,0.9344,106667.3534,278635.0835,92
2110,2110.0,static,37.6795,0.975,84166.3579,277058.2948,95
2111,2111.0,static,37.4993,1.0563,74655.9068,311370.3482,96
2112,2112.0,static,38.1803,1.0563,67787.6707,310411.0083,93
2113,2113.0,static,38.6475,1.0969,59276.8328,310506.8057,92
2114,2114.0,static,38.4718,1.1781,57195.2695,286114.2021,92
2115,2115.0,static,38.792,0.8938,51054.2669,271501.7751,86
2116,2116.0,static,39.0576,0.6906,49119.888,323180.6588,85
2117,2117.0,static,38.5886,0.5688,48767.8151,270843.6521,87
2118,2118.0,static,39.622,0.6094,46289.5825,285334.9228,81
2119,2119.0,static,39.2104,0.65,46452.4539,281144.1164,84
2120,2120.0,static,41.3824,0.3656,41012.303,328510.3057,78
2121,2121.0,static,41.4446,0.3656,40869.1716,301567.8766,79
2122,2122.0,static,41.1646,0.2844,40684.9573,366845.2613,84
2123,2123.0,static,42.3143,0.325,38944.9196,298264.4497,80
2124,2124.0,static,42.0863,0.4062,39450.485,377580.4346,87
2125,2125.0,static,42.1085,0.325,39545.4162,342997.0632,90
2126,2126.0,static,42.9991,0.325,38336.4481,371408.0259,86
2127,2127.0,static,43.0957,0.325,38151.6176,348087.8114,86
2128,2128.0,static,43.3092,0.3656,37992.2622,372324.4845,88
2129,2129.0,static,43.3105,0.4062,38006.1081,277812.087,89
2130,2130.0,static,42.4477,0.4469,38478.4104,310203.2463,91
2131,2131.0,static,43.1891,0.4062,37697.5794,355930.5072,90
2132,2132.0,static,42.4547,0.5281,38822.9574,305568.2348,91
2133,2133.0,static,42.5599,0.4469,38731.3656,270841.3465,91
2134,2134.0,static,42.7133,0.4875,38657.0738,309471.2954,91
2135,2135.0,static,42.0756,0.6094,39774.8046,283969.73,90
2136,2136.0,static,41.6968,0.5688,40439.2313,265056.1228,90
2137,2137.0,static,42.0502,0.5688,39567.7007,308748.0972,89
2138,2138.0,static,41.8497,0.65,40233.8739,251552.2487,88
2139,2139.0,static,41.2686,0.6094,41089.1843,255797.4181,89
2140,2140.0,static,41.9734,0.5688,40622.2269,308796.3536,88
2141,2141.0,static,42.0103,0.65,40948.0834,265943.864,87
2142,2142.0,static,40.9715,0.7313,41764.8448,335289.9417,89
2143,2143.0,static,41.3918,0.7313,41281.1967,327031.1506,89
2144,2144.0,static,41.6593,0.8125,41104.9082,268289.1308,89
2145,2145.0,static,41.7053,0.8125,41040.7407,265381.8872,87
2146,2146.0,static,41.416,0.8531,41400.7076,285848.7335,89
2147,2147.0,static,41.2267,0.8125,41977.894,251961.7095,90
2148,2148.0,static,40.4871,0.9344,43608.7974,266325.2531,90
2149,2149.0,static,40.533,0.8938,44318.1291,252459.0599,88
2150,2150.0,static,39.935,1.0563,46968.2779,206279.7531,90
2151,2151.0,static,39.1508,1.0563,49629.4186,239715.1787,90
2152,2152.0,static,38.4329,1.0969,51490.8966,223716.7892,89
2153,2153.0,static,38.2335,1.1781,53798.1164,200443.5839,88
2154,2154.0,static,38.169,1.2188,55914.1916,214140.0232,86
2155,2155.0,static,38.3899,1.3812,58505.6334,240881.5938,84
2156,2156.0,static,38.3279,1.5031,61397.0155,229412.2702,84
2157,2157.0,static,38.4273,1.5844,64997.0858,207318.4498,84
2158,2158.0,static,37.7288,1.6656,64909.1814,237395.7207,87
2159,2159.0,static,37.3962,1.6656,65593.1834,262230.2384,88
2160,2160.0,static,39.3044,1.0563,54600.0718,215331.2603,70
2161,2161.0,static,39.7757,0.4469,50140.5737,251261.0227,70
2162,2162.0,static,38.6817,0.1625,48759.7051,326265.6447,79
2163,2163.0,static,39.7291,0.0406,44814.6053,269198.4716,69
2164,2164.0,static,38.1594,0.0812,43742.2572,342328.5425,71
2165,2165.0,static,37.9963,0.0406,43707.2299,350722.2345,77
2166,2166.0,static,39.0006,0.2031,42538.2811,426756.4972,78
2167,2167.0,static,39.4143,0.2438,42412.3514,374476.4307,82
2168,2168.0,static,40.0122,0.2438,42306.904,403089.1601,81
2169,2169.0,static,41.2168,0.2438,40868.11,376474.0047,79
2170,2170.0,static,40.7905,0.2844,40999.6738,301695.5981,81
2171,2171.0,static,41.1418,0.2438,40892.3089,296012.7466,82
2172,2172.0,static,41.5305,0.325,41068.6362,307723.746,83
2173,2173.0,static,41.8396,0.2844,40576.9875,345423.7724,84
2174,2174.0,static,41.8636,0.3656,40811.5517,307406.6459,86
2175,2175.0,static,41.9423,0.3656,40486.3692,334560.8442,86
2176,2176.0,static,42.0513,0.4469,40530.6907,328819.9111,85
2177,2177.0,static,42.1967,0.4062,40890.6634,314355.6347,84
2178,2178.0,static,41.9458,0.4062,41910.3086,227473.6219,83
2179,2179.0,static,41.6419,0.3656,43180.8695,246880.3797,82
2180,2180.0,static,41.0364,0.4062,43789.3628,309940.6192,84
2181,2181.0,static,41.4544,0.4469,43864.5439,240692.8686,83
2182,2182.0,static,42.0104,0.4469,43363.6518,310923.9921,84
2183,2183.0,static,40.6226,0.4469,45009.5209,276842.0203,85
2184,2184.0,static,40.5608,0.4875,45739.9754,314926.6536,84
2185,2185.0,static,40.4898,0.4875,50282.7003,285238.0489,83
2186,2186.0,static,40.1891,0.4875,69343.723,275488.0271,83
2187,2187.0,static,40.6765,0.4875,909108.4593,309713.0733,82
2188,2188.0,static,40.8932,0.5281,2102712.1336,267830.8299,82
2189,2189.0,static,40.6378,0.5688,2361356.0999,253700.1568,84
2190,2190.0,static,40.8559,0.6094,18788874.2543,295859.2862,84
2191,2191.0,static,40.6601,0.5688,18789234.7615,280944.2962,85
2192,2192.0,static,39.991,0.6094,18789646.1608,293718.1383,87
2193,2193.0,static,39.6735,0.65,18789997.7345,242423.7352,87
2194,2194.0,static,39.4907,0.6906,18790202.2945,236910.9838,87
2195,2195.0,static,39.5305,0.65,18790307.5254,261159.3326,84
2196,2196.0,static,39.3016,0.6906,18791045.1529,245402.8217,85
2197,2197.0,static,39.1208,0.6906,18791469.2945,231247.6073,86
2198,2198.0,static,38.7073,0.7719,18791785.8226,262753.8982,83
2199,2199.0,static,38.5376,0.7719,18792122.4751,257703.8388,84
2200,2200.0,static,38.2715,0.8531,18793163.8059,236257.8253,85
2201,2201.0,static,38.3934,0.8531,18792965.3758,259864.4983,83
2202,2202.0,static,38.0597,0.9344,18793936.03,266380.9683,84
2203,2203.0,static,38.0937,1.0156,18794627.7495,244873.8092,84
2204,2204.0,static,36.9966,1.0563,18798686.7791,206718.7011,85
2205,2205.0,static,37.5558,0.975,18798689.7396,245388.1594,80
2206,2206.0,static,37.1054,0.8938,18798650.163,223186.5965,78
2207,2207.0,static,37.1867,0.8125,18798413.4383,228400.5415,77
2208,2208.0,static,36.9126,0.8938,61305.3185,221016.2148,76
2209,2209.0,static,36.9679,0.8938,59229.1163,232935.7389,74
2210,2210.0,static,37.8394,0.6906,51680.0085,207926.9221,71
2211,2211.0,static,38.8256,0.5281,48456.0205,248135.325,70
2212,2212.0,static,37.4732,0.5281,50168.2039,267476.9151,74
2213,2213.0,static,38.0094,0.4469,47692.2079,256941.5008,72
2214,2214.0,static,38.4173,0.5281,45941.0145,284660.7989,73
2215,2215.0,static,37.7218,0.4875,46196.7268,238526.3118,76
2216,2216.0,static,38.4417,0.5688,46330.3528,261778.6691,74
2217,2217.0,static,39.0698,0.5688,45391.5839,312899.0548,76
2218,2218.0,static,38.6598,0.6094,46999.383,235404.0601,78
2219,2219.0,static,38.8972,0.6094,47129.2405,291383.4821,79
2220,2220.0,static,39.3528,0.6906,46799.7179,292545.5089,81
2221,2221.0,static,39.5754,0.6906,46279.291,313159.0253,81
2222,2222.0,static,39.2395,0.7313,46722.3792,284968.7598,81
2223,2223.0,static,39.4625,0.7313,46449.1606,280297.1403,81
2224,2224.0,static,39.4334,0.7719,46038.3057,262028.8159,82
2225,2225.0,static,39.7124,0.7719,46106.2667,269536.4222,82
2226,2226.0,static,39.2269,0.7719,7450640.4781,280976.154,82
2227,2227.0,static,38.7941,0.7719,51502.5331,236962.4315,82
2228,2228.0,static,38.8308,0.7719,50316.4298,272837.5041,83
2229,2229.0,static,38.4044,0.8125,64556.265,257161.6969,83
2230,2230.0,static,37.6516,0.8125,204232.6417,276355.428,85
2231,2231.0,static,37.6306,0.8125,7489684.551,235964.5938,85
2232,2232.0,static,37.5489,0.975,11932715.2774,280045.8547,86
2233,2233.0,static,38.3834,0.9344,14488006.7955,267946.2466,85
2234,2234.0,static,38.208,0.975,22657167.7776,242289.6601,86
2235,2235.0,static,38.4341,0.9344,26040163.777,245669.7337,85
2236,2236.0,static,38.1406,0.975,26040707.2582,256984.871,85
2237,2237.0,static,38.1772,0.9344,26040701.8225,258598.9321,84
2238,2238.0,static,37.5352,0.975,26041648.1564,263438.1717,87
2239,2239.0,static,37.5904,0.975,26041749.4828,267159.4509,88
2240,2240.0,static,37.1787,1.0156,26041964.4927,281211.2735,86
2241,2241.0,static,37.3509,1.0156,26042474.0864,266688.9973,85
2242,2242.0,static,36.8476,1.0563,26044696.7916,236583.5074,86
2243,2243.0,static,36.5236,1.0156,26047627.9195,233509.9601,85
2244,2244.0,static,36.6607,1.0969,26049980.9955,251459.7614,86
2245,2245.0,static,36.8424,1.0563,26052870.9771,263070.1681,86
2246,2246.0,static,36.3745,1.0969,26054275.8443,267113.693,88
2247,2247.0,static,36.6089,1.1375,26053714.3092,286219.7925,87
2248,2248.0,static,35.8967,1.2594,26057119.7866,252010.6187,87
2249,2249.0,static,35.3555,1.2594,26064085.6543,219094.4127,88
2250,2250.0,static,40.0179,0.5688,50476.1684,216482.1197,68
2251,2251.0,static,40.2409,0.2031,46604.1981,276851.7256,69
2252,2252.0,static,39.3103,0.2031,52292.0998,230380.5025,72
2253,2253.0,static,40.6848,0.1625,42858.6265,247640.2032,65
2254,2254.0,static,38.1912,0.2438,44971.3002,329143.558,75
2255,2255.0,static,37.6421,0.325,45944.3145,327927.9231,81
2256,2256.0,static,39.4086,0.2438,43112.7304,367560.697,77
2257,2257.0,static,40.0766,0.2844,41892.2961,328822.7668,78
2258,2258.0,static,39.9056,0.2844,42483.8664,343704.9874,84
2259,2259.0,static,40.891,0.2844,41221.2947,401997.7386,85
2260,2260.0,static,40.7854,0.325,40692.1154,312558.288,86
2261,2261.0,static,41.3456,0.2438,40294.1224,356810.1123,85
2262,2262.0,static,41.2921,0.2438,40410.6863,284876.0757,85
2263,2263.0,static,41.1878,0.2438,40881.3397,300085.6848,87
2264,2264.0,static,41.0733,0.3656,41414.9304,328206.7007,89
2265,2265.0,static,41.3528,0.2844,41244.4422,260312.281,87
2266,2266.0,static,41.0631,0.325,41860.5556,298318.401,85
2267,2267.0,static,41.1985,0.325,41833.5801,312429.7937,86
2268,2268.0,static,40.2288,0.4062,42816.7778,249636.5453,87
2269,2269.0,static,40.4566,0.4062,42663.3515,279929.821,87
2270,2270.0,static,40.714,0.4875,42725.2113,292713.8654,86
2271,2271.0,static,40.6857,0.4469,43003.694,270070.679,87
2272,2272.0,static,39.8362,0.6094,18790841.4455,266966.0,88
2273,2273.0,static,40.0751,0.5688,56648.6026,283928.809,87
2274,2274.0,static,39.1202,0.65,59439.1226,251281.9764,88
2275,2275.0,static,39.5559,0.6094,52159.3221,263971.7633,88
2276,2276.0,static,39.2372,0.65,50568.4562,255579.2239,89
2277,2277.0,static,39.3957,0.6094,48874.7207,271552.819,90
2278,2278.0,static,39.0658,0.6906,48316.2617,249111.5326,89
2279,2279.0,static,39.2143,0.6906,48564.2283,253027.3897,89
2280,2280.0,static,38.9091,0.7313,50211.1672,290536.7863,90
2281,2281.0,static,39.5039,0.7313,49687.9667,275613.7711,91
2282,2282.0,static,39.7964,0.8125,49759.1958,322970.72,92
2283,2283.0,static,40.061,0.8125,48683.5781,255397.1812,89
2284,2284.0,static,39.4538,0.8938,49708.409,257402.6668,88
2285,2285.0,static,39.5851,0.8938,48745.0231,293354.4267,89
2286,2286.0,static,39.5059,0.9344,48887.3686,289687.7943,90
2287,2287.0,static,39.0655,0.9344,48920.0294,267920.051,90
2288,2288.0,static,38.1579,1.0156,49964.6571,245188.8354,90
2289,2289.0,static,37.969,0.975,58325.7515,248448.1585,86
2290,2290.0,static,36.1404,1.0156,56962.5293,215565.6942,88
2291,2291.0,static,36.3513,1.0563,53475.42,256395.7017,85
2292,2292.0,static,36.8608,1.0969,53525.8388,236607.6451,81
2293,2293.0,static,36.8434,1.0969,53410.9041,262450.5805,83
2294,2294.0,static,36.2427,1.1781,73899.2294,255898.7467,87
2295,2295.0,static,37.7024,0.9344,49876.1999,286373.7326,81
2296,2296.0,static,38.0826,0.8125,48342.7109,275221.9073,80
2297,2297.0,static,38.283,0.8125,50023.8392,274669.9214,78
2298,2298.0,static,38.8282,0.7719,49175.7388,231103.1757,73
2299,2299.0,static,38.4089,0.7313,52051.6891,255571.1126,77
2300,2300.0,static,40.4069,0.4469,45272.4448,234227.0613,71
2301,2301.0,static,40.4431,0.325,44944.4806,268715.1415,72
2302,2302.0,static,39.9242,0.325,45034.5363,319352.6781,77
2303,2303.0,static,41.2677,0.2031,42665.9221,271323.2372,72
2304,2304.0,static,40.5871,0.2438,42963.178,265900.8408,74
2305,2305.0,static,39.9204,0.2031,42802.9159,337428.9407,79
2306,2306.0,static,40.8042,0.2438,40571.3529,374008.7008,77
2307,2307.0,static,40.9598,0.2031,40280.3094,322686.0709,78
2308,2308.0,static,41.2544,0.2844,39680.8503,363405.1157,81
2309,2309.0,static,42.0934,0.2438,38863.5151,365061.8092,81
2310,2310.0,static,40.8163,0.2844,40278.2872,336913.105,84
2311,2311.0,static,41.4454,0.2438,39669.925,352361.7071,84
2312,2312.0,static,42.0181,0.325,39060.6476,332607.9666,83
2313,2313.0,static,42.4738,0.2844,38445.5822,344016.3654,84
2314,2314.0,static,42.6614,0.325,38130.3473,291627.058,85
2315,2315.0,static,42.8747,0.325,37864.7691,282281.3386,85
2316,2316.0,static,42.914,0.3656,37881.3017,326647.9473,86
2317,2317.0,static,43.3619,0.325,37451.9673,299881.2535,84
2318,2318.0,static,43.0906,0.3656,37915.6719,288433.1934,84
2319,2319.0,static,43.0668,0.325,37951.6732,285230.0065,84
2320,2320.0,static,42.5688,0.3656,38361.6857,240442.5128,85
2321,2321.0,static,42.2896,0.325,38646.1675,317786.5276,84
2322,2322.0,static,42.3608,0.325,38610.9146,275458.1165,84
2323,2323.0,static,41.7722,0.3656,39474.3668,297006.8424,86
2324,2324.0,static,41.2509,0.4062,40486.5099,262162.5214,86
2325,2325.0,static,40.7532,0.4062,41020.6058,281477.8611,87
2326,2326.0,static,40.8008,0.4875,40947.3462,253385.2728,87
2327,2327.0,static,40.641,0.4469,41166.6054,256571.3199,87
2328,2328.0,static,40.3674,0.5688,41870.0876,300428.8197,89
2329,2329.0,static,40.4929,0.5688,41708.6628,261702.1645,88
2330,2330.0,static,39.6485,0.65,42698.9689,289312.6567,88
2331,2331.0,static,39.3881,0.65,43126.7584,225162.719,86
2332,2332.0,static,39.0074,0.6906,44134.6814,242184.7481,83
2333,2333.0,static,38.7124,0.6906,45000.9705,241861.4849,82
2334,2334.0,static,37.1531,0.7313,49597.8704,239304.1825,83
2335,2335.0,static,37.4627,0.7719,48552.0085,252935.8324,82
2336,2336.0,static,37.4698,0.9344,51427.6878,250853.2314,83
2337,2337.0,static,37.207,0.9344,51111.2578,208062.525,82
2338,2338.0,static,36.388,1.0156,52881.1583,192134.994,78
2339,2339.0,static,35.7958,0.975,53975.5503,194161.3014,78
2340,2340.0,static,38.5639,0.4875,47907.4694,168636.6233,65
2341,2341.0,static,38.2545,0.2438,47036.9768,175924.652,65
2342,2342.0,static,37.0937,0.2031,48982.6605,223826.0386,69
2343,2343.0,static,37.6109,0.1219,47916.1998,186340.1923,61
2344,2344.0,static,36.8179,0.2031,48709.7313,285593.3704,69
2345,2345.0,static,37.042,0.2844,50073.882,292427.5168,71
2346,2346.0,static,38.1401,0.4062,50708.7996,325773.9214,69
2347,2347.0,static,38.2173,0.4875,49930.7262,325541.6646,73
2348,2348.0,static,38.7516,0.5281,50529.8252,316533.9533,72
2349,2349.0,static,39.5202,0.5688,50950.1559,288929.145,73
2350,2350.0,static,40.0806,0.5688,50727.0297,292796.6402,71
2351,2351.0,static,39.2463,0.6094,52476.4375,218983.0819,74
2352,2352.0,static,39.4388,0.65,52018.4651,299129.2631,77
2353,2353.0,static,39.7817,0.65,51917.9319,282954.816,77
2354,2354.0,static,39.7408,0.65,51449.2366,268281.2483,79
2355,2355.0,static,40.0645,0.6094,50422.3823,282124.6469,79
2356,2356.0,static,39.9252,0.6906,51369.8751,279722.344,81
2357,2357.0,static,40.6748,0.6094,49941.8879,292298.1266,78
2358,2358.0,static,40.3485,0.65,18797475.9181,266270.9049,77
2359,2359.0,static,40.5174,0.6094,74236.7513,234889.5205,77
2360,2360.0,static,40.6214,0.65,75083.4702,278494.8708,77
2361,2361.0,static,40.8054,0.6094,140520.9734,217213.4048,76
2362,2362.0,static,40.5311,0.6906,1666846.9303,256274.5457,77
2363,2363.0,static,40.2327,0.65,18637259.9371,221520.3961,77
2364,2364.0,static,39.259,0.6906,18637534.5543,237431.3983,79
2365,2365.0,static,39.4067,0.65,18637656.6893,237823.0526,76
2366,2366.0,static,38.9532,0.7719,18637992.0734,250783.3141,77
2367,2367.0,static,38.8358,0.7313,18637827.1277,203734.533,77
2368,2368.0,static,39.2784,0.8125,18636974.9872,265167.6132,77
2369,2369.0,static,39.6289,0.7719,103699.9291,247591.7891,77
2370,2370.0,static,39.0133,0.8125,81695.1615,212630.9477,80
2371,2371.0,static,39.5849,0.8531,68651.6959,284513.7506,78
2372,2372.0,static,39.3158,0.8938,57830.3938,254546.5355,81
2373,2373.0,static,39.2257,0.8531,54578.7898,242392.0991,79
2374,2374.0,static,39.3841,0.8531,51956.593,243999.5032,77
2375,2375.0,static,39.7387,0.8531,50110.9649,250772.3362,75
2376,2376.0,static,39.9818,0.8938,50325.62,219217.379,73
2377,2377.0,static,39.7479,0.8938,49241.1272,224229.1612,73
2378,2378.0,static,39.2094,0.9344,49393.6472,223433.9711,73
2379,2379.0,static,38.9107,0.9344,48681.9186,217606.2193,73
2380,2380.0,static,38.6141,0.9344,48790.5273,242616.7466,72
2381,2381.0,static,38.1163,0.8938,48939.0061,200068.8549,73
2382,2382.0,static,37.6021,0.9344,49743.7705,241334.6806,73
2383,2383.0,static,38.3345,0.9344,49541.1773,262997.5719,73
2384,2384.0,static,38.3514,1.0563,51282.11,241597.0047,72
2385,2385.0,static,39.3082,0.7719,48293.0591,244291.5831,65
2386,2386.0,static,39.0715,0.6094,48032.1853,231216.0478,65
2387,2387.0,static,38.8819,0.4469,46915.4569,245096.7161,67
2388,2388.0,static,39.2723,0.4875,46413.6855,183409.8546,62
2389,2389.0,static,38.2903,0.4875,51490.9217,240428.7151,66
2390,2390.0,static,40.6549,0.2438,41277.0834,223768.5635,59
2391,2391.0,static,41.6053,0.1625,39872.6164,294709.1746,59
2392,2392.0,static,40.4782,0.1625,41498.958,277341.0989,64
2393,2393.0,static,41.1165,0.1625,40435.5929,244289.3302,65
2394,2394.0,static,41.7384,0.2031,39352.2286,299554.4076,66
2395,2395.0,static,41.9074,0.1219,39022.3668,277835.5188,68
2396,2396.0,static,43.3719,0.0812,37174.3147,321616.0397,65
2397,2397.0,static,43.2017,0.1219,37514.7906,273619.5269,67
2398,2398.0,static,42.4921,0.1219,38848.1681,306795.4137,70
2399,2399.0,static,43.2567,0.1219,37693.7835,266274.0781,68
2400,2400.0,static,42.8099,0.1625,38311.6033,236247.614,70
2401,2401.0,static,43.2278,0.1219,37650.3426,269309.8977,70
2402,2402.0,static,43.3691,0.1625,37141.0183,273127.4146,71
2403,2403.0,static,43.5516,0.1219,36744.9681,270853.2526,71
2404,2404.0,static,43.2265,0.1625,37166.3777,267179.9285,71
2405,2405.0,static,43.119,0.1219,37188.786,230423.1855,70
2406,2406.0,static,42.3651,0.2031,38342.0388,253772.3212,72
2407,2407.0,static,42.7864,0.2031,37675.1691,236388.9013,71
2408,2408.0,static,41.9941,0.2438,38512.5854,252254.3883,72
2409,2409.0,static,41.8872,0.2031,38749.6058,245352.5339,73
2410,2410.0,static,42.3052,0.2844,38017.7912,267146.685,73
2411,2411.0,static,42.8412,0.2438,37417.0678,237262.4188,71
2412,2412.0,static,42.7151,0.2844,37702.7953,253405.9862,71
2413,2413.0,static,42.7276,0.2438,37556.9824,231853.5822,72
2414,2414.0,static,42.5688,0.2844,37686.5395,248869.1481,73
2415,2415.0,static,42.4774,0.2438,37822.2629,229908.7189,72
2416,2416.0,static,42.0893,0.2844,38258.3917,250608.9011,73
2417,2417.0,static,41.934,0.2438,38626.3789,227877.2708,71
2418,2418.0,static,41.8421,0.325,38987.9171,223675.6729,72
2419,2419.0,static,41.9025,0.2844,39166.4147,218090.4431,71
2420,2420.0,static,41.986,0.4062,39390.0311,246690.8562,70
2421,2421.0,static,41.921,0.3656,39880.553,216291.6565,67
2422,2422.0,static,41.6788,0.4062,43570.2197,223355.2445,67
2423,2423.0,static,41.495,0.4062,44309.4813,190556.646,66
2424,2424.0,static,40.7328,0.4469,46315.2405,229963.8702,66
2425,2425.0,static,40.1916,0.4469,46044.8854,190886.3962,65
2426,2426.0,static,40.1931,0.4875,46704.5861,210362.8815,63
2427,2427.0,static,39.4017,0.4875,47364.6645,180033.3541,63
2428,2428.0,static,39.1363,0.6094,47966.9049,219716.311,62
2429,2429.0,static,38.7394,0.6906,48885.729,211639.529,64
2430,2430.0,static,41.2396,0.325,43677.5619,175980.9064,54
2431,2431.0,static,41.8036,0.1625,42907.9064,256624.6111,54
2432,2432.0,static,40.2699,0.0812,44697.0899,209313.6655,58
2433,2433.0,static,40.6832,0.1219,44032.0111,221336.7569,59
2434,2434.0,static,40.4446,0.1219,43142.8815,265557.3724,60
2435,2435.0,static,41.1319,0.1219,42764.6571,285290.5831,61
2436,2436.0,static,41.783,0.2031,42757.2325,322733.0288,62
2437,2437.0,static,42.3804,0.1625,41666.0069,283173.467,63
2438,2438.0,static,41.8869,0.2438,43345.6224,296935.7849,67
2439,2439.0,static,42.7458,0.1625,40989.3628,280653.501,65
2440,2440.0,static,42.823,0.2031,41217.3136,269429.2516,67
2441,2441.0,static,42.9525,0.2031,41065.2209,252441.2312,69
2442,2442.0,static,42.7723,0.2438,40715.0713,258354.1251,70
2443,2443.0,static,42.7613,0.2031,40306.6342,217335.8334,69
2444,2444.0,static,42.6133,0.325,40150.2707,266659.4812,70
2445,2445.0,static,42.3561,0.2844,40302.1136,219769.2909,69
2446,2446.0,static,42.9719,0.3656,39602.2187,247446.0327,68
2447,2447.0,static,43.0224,0.325,39356.2617,205117.1161,68
2448,2448.0,static,43.102,0.3656,39223.8416,205393.9562,68
2449,2449.0,static,43.3974,0.3656,38998.0034,209178.1019,65
2450,2450.0,static,42.9507,0.4062,39696.985,195156.4339,66
2451,2451.0,static,43.022,0.3656,39568.1257,206040.4197,66
2452,2452.0,static,43.154,0.4062,39343.8436,226734.6112,66
2453,2453.0,static,42.6029,0.4469,40103.0727,182514.3587,67
2454,2454.0,static,41.7322,0.4875,41169.9133,242785.4524,70
2455,2455.0,static,41.7568,0.4875,40923.3915,189995.4506,70
2456,2456.0,static,41.2005,0.5281,41249.2173,221622.691,71
2457,2457.0,static,41.2063,0.4875,41307.8309,255290.3216,72
2458,2458.0,static,40.7563,0.5281,42461.438,223261.4549,73
2459,2459.0,static,40.8238,0.5281,42819.2536,234626.5878,72
2460,2460.0,static,40.6338,0.65,44070.6948,230893.1887,73
2461,2461.0,static,40.6135,0.6094,46024.7946,197647.9853,72
2462,2462.0,static,40.1303,0.65,55755.1402,204340.6859,72
2463,2463.0,static,40.1964,0.65,495834.119,224336.5094,71
2464,2464.0,static,39.3461,0.7313,947378.1287,191010.4416,72
2465,2465.0,static,39.6547,0.6906,18794181.065,231774.1188,72
2466,2466.0,static,39.2911,0.7719,18794374.1732,201143.3105,72
2467,2467.0,static,39.1157,0.7313,18794484.0118,216537.2856,72
2468,2468.0,static,38.7434,0.7719,18795646.3052,203090.3494,72
2469,2469.0,static,38.4765,0.7313,18796357.3948,218719.0588,70
2470,2470.0,static,37.3046,0.8125,18798599.9847,220544.9469,71
2471,2471.0,static,37.0124,0.8125,18799810.5597,231088.7301,71
2472,2472.0,static,36.3982,0.8938,18800844.1507,189440.8256,72
2473,2473.0,static,36.4005,0.975,18801002.1499,234217.6287,72
2474,2474.0,static,36.1766,1.0156,18800308.5314,213097.74,73
2475,2475.0,static,37.2022,0.8125,18796235.3786,225025.5717,68
2476,2476.0,static,37.5013,0.7313,18796383.7202,203200.7935,65
2477,2477.0,static,37.0419,0.7313,18797314.9076,176722.167,66
2478,2478.0,static,36.8333,0.8531,18798926.981,185770.6256,67
2479,2479.0,static,36.5415,0.8938,18800208.1453,256405.3072,71
2480,2480.0,static,39.009,0.65,46694.6479,227815.8401,62
2481,2481.0,static,39.8725,0.4062,45232.9542,233894.0805,62
2482,2482.0,static,39.2725,0.2844,45291.3828,250579.2874,67
2483,2483.0,static,40.4487,0.2031,42461.3646,285535.0744,63
2484,2484.0,static,39.6202,0.2438,43304.7151,270595.5232,70
2485,2485.0,static,39.6837,0.2438,115369.2412,311274.681,70
2486,2486.0,static,39.1512,0.2844,46478.8736,299659.9875,71
2487,2487.0,static,39.516,0.2438,43716.5449,313654.8992,73
2488,2488.0,static,39.9852,0.2438,62163.6869,319763.4925,74
2489,2489.0,static,39.981,0.2438,69480.7316,258208.483,76
2490,2490.0,static,39.7191,0.325,4867496.1573,331113.0539,78
2491,2491.0,static,40.4423,0.325,7444272.3934,329003.9712,77
2492,2492.0,static,40.1775,0.3656,7444344.3958,295634.7717,78
2493,2493.0,static,40.4728,0.325,7444248.1238,271065.0208,77
2494,2494.0,static,40.3502,0.3656,7444461.084,290218.9062,78
2495,2495.0,static,40.2587,0.325,7444849.3766,244165.8321,79
2496,2496.0,static,40.9804,0.325,7444032.4819,317544.0886,78
2497,2497.0,static,39.9397,0.3656,7445250.6724,217193.1174,79
2498,2498.0,static,40.935,0.3656,7444234.7119,299097.6973,78
2499,2499.0,static,40.8481,0.325,7444197.3018,268966.891,80
2500,2500.0,static,39.9971,0.4062,7445785.2202,221000.3558,82
2501,2501.0,static,40.6034,0.4062,7444730.532,317561.137,82
2502,2502.0,static,40.908,0.4062,7444474.9632,265982.4385,81
2503,2503.0,static,40.3843,0.3656,7447095.6726,286812.8925,81
2504,2504.0,static,39.9243,0.4062,7446475.4228,262454.8073,81
2505,2505.0,static,40.298,0.3656,7445056.3947,254033.4994,82
2506,2506.0,static,39.4269,0.4469,7446454.8074,249863.3717,83
2507,2507.0,static,39.2513,0.4062,7446257.3198,274413.3627,81
2508,2508.0,static,39.1265,0.5281,7445997.0705,271895.6092,80
2509,2509.0,static,38.7852,0.5281,7446203.8785,258355.9924,81
2510,2510.0,static,37.6474,0.5688,7448657.5667,237284.2525,83
2511,2511.0,static,37.3497,0.5688,7448520.5338,197512.2636,81
2512,2512.0,static,36.5555,0.6094,7450242.9834,249248.5237,82
2513,2513.0,static,36.8826,0.65,7450652.532,253341.3663,80
2514,2514.0,static,36.5342,0.7313,7452835.7658,241668.7174,78
2515,2515.0,static,36.0996,0.8125,7453580.0498,235103.5299,78
2516,2516.0,static,36.2469,0.8125,7453360.5409,232385.2643,78
2517,2517.0,static,36.141,0.8531,7453300.4662,192414.6368,78
2518,2518.0,static,35.6927,0.9344,7453287.7971,223966.6508,79
2519,2519.0,static,35.6547,1.0156,7453697.2431,202620.5577,78
2520,2520.0,static,39.9423,0.4469,42349.0545,166174.4597,62
2521,2521.0,static,39.9265,0.1625,42738.2739,174964.7908,59
2522,2522.0,static,38.6366,0.1219,44934.6082,221589.3462,63
2523,2523.0,static,38.6058,0.2438,46015.2214,192816.8224,64
2524,2524.0,static,38.076,0.2844,47238.7185,273468.7563,71
2525,2525.0,static,37.7337,0.3656,47996.0994,312444.6683,77
2526,2526.0,static,39.178,0.4469,45797.2151,343955.4807,73
2527,2527.0,static,39.8579,0.5281,44473.4926,323046.7329,76
2528,2528.0,static,39.3234,0.5688,44901.2748,329255.5564,80
2529,2529.0,static,40.4897,0.4469,43138.7654,328324.4533,81
2530,2530.0,static,40.6463,0.5281,42269.2026,311124.2996,82
2531,2531.0,static,41.2671,0.4875,41478.1583,312143.3515,81
2532,2532.0,static,41.565,0.5281,41299.4864,296790.5711,81
2533,2533.0,static,41.6376,0.4875,41308.1688,257870.0213,83
2534,2534.0,static,41.4234,0.5281,41778.3956,248988.5491,85
2535,2535.0,static,41.5498,0.4875,41764.816,337451.0655,84
2536,2536.0,static,41.069,0.5688,42566.7357,238899.1892,85
2537,2537.0,static,40.6379,0.5281,42720.3636,232877.5089,86
2538,2538.0,static,40.5471,0.5688,42936.7882,260169.4321,85
2539,2539.0,static,41.0976,0.5281,43408.661,283266.0424,84
2540,2540.0,static,41.0248,0.5688,42821.3359,301578.799,86
2541,2541.0,static,41.2848,0.5281,42309.333,253929.6473,85
2542,2542.0,static,41.3453,0.5688,42036.8458,303600.2809,86
2543,2543.0,static,42.0504,0.6094,41252.5397,266301.9183,83
2544,2544.0,static,41.1494,0.65,41873.9795,271961.9787,84
2545,2545.0,static,41.5505,0.6094,41384.2919,307660.5773,84
2546,2546.0,static,41.3115,0.65,41808.1815,263262.3442,85
2547,2547.0,static,41.1445,0.6906,42134.5526,269112.0024,85
2548,2548.0,static,40.4605,0.6906,43932.4109,268244.1627,86
2549,2549.0,static,40.5022,0.65,43524.5926,272231.951,87
2550,2550.0,static,40.555,0.6906,43240.1783,262456.1043,86
2551,2551.0,static,40.5532,0.65,43779.5563,270375.3712,86
2552,2552.0,static,40.2245,0.6906,44764.4367,261178.9175,85
2553,2553.0,static,40.4503,0.65,44886.1473,256490.5253,84
2554,2554.0,static,39.4246,0.6906,46855.6852,235695.816,87
2555,2555.0,static,39.7009,0.6906,46860.598,288911.7308,85
2556,2556.0,static,39.5534,0.8125,47027.331,246377.4844,84
2557,2557.0,static,39.1008,0.8531,47736.6939,247712.3126,84
2558,2558.0,static,38.4713,0.8938,48963.927,270074.1234,85
2559,2559.0,static,38.5312,0.8531,49099.4829,220857.0587,83
2560,2560.0,static,38.2414,0.8938,51159.2156,261920.5903,79
2561,2561.0,static,38.5131,1.0156,51188.7994,296532.4395,83
2562,2562.0,static,38.435,1.0563,50768.7848,220407.5328,82
2563,2563.0,static,38.3007,1.0563,51960.7352,290880.5811,81
2564,2564.0,static,38.351,1.1375,52041.1691,240586.796,80
2565,2565.0,static,38.5573,0.9344,49932.4502,233358.5722,75
2566,2566.0,static,37.6699,0.7719,50523.4664,209294.9782,78
2567,2567.0,static,37.4943,0.6094,52653.0603,221460.3452,75
2568,2568.0,static,37.4666,0.6094,1924128.3692,240564.6828,72
2569,2569.0,static,37.1798,0.6094,4020855.3682,207503.7091,72
2570,2570.0,static,37.8801,0.3656,7452454.8327,235041.228,69
2571,2571.0,static,38.1465,0.2031,7451736.3492,273994.7934,69
2572,2572.0,static,37.996,0.3656,7451201.5135,295799.7042,72
2573,2573.0,static,38.7481,0.3656,7449922.4855,248187.0793,71
2574,2574.0,static,38.832,0.4062,7448885.603,331222.2656,75
2575,2575.0,static,39.5259,0.3656,7447250.1127,346250.6778,77
2576,2576.0,static,39.8325,0.4062,7446354.9198,347827.2138,79
2577,2577.0,static,40.6542,0.325,7445015.0584,375088.2872,80
2578,2578.0,static,41.1245,0.325,7444396.0822,336159.2867,82
2579,2579.0,static,42.0544,0.2844,7443163.7752,361707.7458,80
2580,2580.0,static,41.8694,0.325,7443304.7937,332917.3695,84
2581,2581.0,static,42.0776,0.325,7443071.993,274516.2843,84
2582,2582.0,static,41.7463,0.3656,7444004.7949,280139.3328,84
2583,2583.0,static,42.0076,0.325,7443482.5539,303774.9881,85
2584,2584.0,static,41.3444,0.3656,7443705.8154,256325.4318,83
2585,2585.0,static,41.3089,0.2844,7443744.164,253685.5537,83
2586,2586.0,static,40.6933,0.325,7444671.5399,257312.0402,86
2587,2587.0,static,40.9902,0.2844,7444379.9378,293447.2113,85
2588,2588.0,static,40.9174,0.325,7445684.6868,322936.5581,85
2589,2589.0,static,40.9579,0.3656,7446189.7052,254444.3486,85
2590,2590.0,static,41.0774,0.4469,7446146.5889,326188.405,85
2591,2591.0,static,40.66,0.4469,7446635.7309,231972.8488,87
2592,2592.0,static,40.9525,0.4875,7446856.6725,303073.5624,87
2593,2593.0,static,40.9065,0.4469,7446865.4115,277940.3378,88
2594,2594.0,static,40.8942,0.6094,7447010.6325,272303.0267,89
2595,2595.0,static,40.6695,0.5688,7447297.1352,243433.5416,88
2596,2596.0,static,40.3487,0.65,7447590.5359,303722.0586,88
2597,2597.0,static,40.5633,0.6094,7447108.8801,272826.9017,87
2598,2598.0,static,39.9545,0.65,7447707.2814,263639.9433,85
2599,2599.0,static,39.8773,0.65,7447659.3688,233970.7903,84
2600,2600.0,static,39.5643,0.6906,7448142.4504,224411.6851,86
2601,2601.0,static,39.3133,0.6906,7448439.1253,266139.9666,87
2602,2602.0,static,39.0876,0.7719,7448489.1316,250620.0032,87
2603,2603.0,static,38.8553,0.8125,7448888.4425,243231.0281,87
2604,2604.0,static,38.1714,0.8938,7450662.4383,247837.3906,85
2605,2605.0,static,37.8397,0.8938,7451489.4125,235963.5018,86
2606,2606.0,static,37.5073,0.8938,7452700.594,202914.7313,83
2607,2607.0,static,36.9937,0.975,7453919.2546,215263.6189,84
2608,2608.0,static,35.5823,1.0563,7455948.8382,202950.0105,87
2609,2609.0,static,34.959,1.1781,7457501.1256,243983.8357,87
2610,2610.0,static,38.6506,0.4875,46360.7856,167427.0233,69
2611,2611.0,static,37.9566,0.325,48595.7068,157059.6684,69
2612,2612.0,static,36.1452,0.4062,54209.7172,209137.949,75
2613,2613.0,static,36.0811,0.4062,54660.7171,214580.3364,70
2614,2614.0,static,34.2861,0.5281,55505.6263,307538.8077,78
2615,2615.0,static,34.5685,0.6094,55078.6629,331874.4899,81
2616,2616.0,static,35.8732,0.6906,52941.7678,405282.4231,80
2617,2617.0,static,36.248,0.6094,51998.0975,372844.4337,82
2618,2618.0,static,37.2273,0.65,50448.9025,370983.0909,81
2619,2619.0,static,38.0898,0.6094,48834.6913,348602.9819,81
2620,2620.0,static,37.4391,0.65,48901.9495,309851.9546,83
2621,2621.0,static,38.3483,0.6094,47810.468,258395.7529,79
2622,2622.0,static,38.4049,0.6094,48304.5678,295536.8218,80
2623,2623.0,static,38.2664,0.6094,50899.3074,232212.3357,81
2624,2624.0,static,38.0219,0.65,51415.9549,327717.3314,83
2625,2625.0,static,38.3356,0.65,49211.0969,274500.1786,81
2626,2626.0,static,37.9222,0.65,48755.9998,285801.0731,82
2627,2627.0,static,38.4028,0.6094,48491.4229,270139.7163,81
2628,2628.0,static,37.8945,0.6906,48929.6264,225028.7289,82
2629,2629.0,static,38.4013,0.65,48379.2285,284574.954,82
2630,2630.0,static,38.5145,0.6906,47674.6065,300679.1024,82
2631,2631.0,static,38.8074,0.65,47813.6648,255973.814,83
2632,2632.0,static,39.0082,0.6906,47510.7865,293072.0584,84
2633,2633.0,static,39.5148,0.65,47157.465,307897.2866,84
2634,2634.0,static,39.6175,0.6906,46971.426,280767.2935,84
2635,2635.0,static,39.9903,0.65,45783.5298,263964.981,84
2636,2636.0,static,40.1931,0.65,45407.0288,243015.8578,82
2637,2637.0,static,40.1928,0.6906,46164.9571,243174.5938,81
2638,2638.0,static,39.6672,0.6906,47295.3155,256523.1439,84
2639,2639.0,static,39.0909,0.65,48343.5384,252013.3841,86
2640,2640.0,static,39.0223,0.65,49105.4734,247568.2461,86
2641,2641.0,static,38.8753,0.6906,50909.1678,227831.8889,84
2642,2642.0,static,38.6185,0.6906,54346.2176,262103.9754,84
2643,2643.0,static,38.007,0.7313,59564.4024,223013.7213,83
2644,2644.0,static,38.342,0.8531,63392.4002,241252.4654,83
2645,2645.0,static,38.6494,0.8531,64319.0186,241576.1163,81
2646,2646.0,static,38.1118,0.9344,61042.7336,222883.5812,79
2647,2647.0,static,37.5534,0.8938,59754.2784,222784.4299,82
2648,2648.0,static,37.3447,0.9344,56971.3906,277955.6297,85
2649,2649.0,static,37.7527,0.8938,55664.7489,256834.7825,83
2650,2650.0,static,37.7387,0.8938,57210.1684,247741.0849,84
2651,2651.0,static,37.373,0.975,58988.6524,257644.7393,84
2652,2652.0,static,37.2831,1.0156,63134.9767,263413.3074,84
2653,2653.0,static,37.2984,1.0156,64568.9818,233666.7034,84
2654,2654.0,static,36.6639,1.0969,72980.6939,262958.3859,83
2655,2655.0,static,36.9569,0.8938,81626.8987,218920.8074,76
2656,2656.0,static,37.3839,0.7719,154164.2955,257039.5162,77
2657,2657.0,static,36.9228,0.7719,183722.8789,220088.5962,76
2658,2658.0,static,37.1109,0.8125,542621.6317,248086.8199,75
2659,2659.0,static,37.1576,0.9344,5804707.8997,202139.7919,75
2660,2660.0,static,38.1231,0.65,51852.8488,221355.1418,69
2661,2661.0,static,38.4209,0.5281,50088.97,258880.9974,69
2662,2662.0,static,38.2344,0.4062,48781.5466,292314.2568,74
2663,2663.0,static,38.9569,0.2844,47082.1661,254525.4853,72
2664,2664.0,static,40.1931,0.2438,43987.357,301738.3348,69
2665,2665.0,static,39.827,0.2438,43410.1373,324193.609,76
2666,2666.0,static,40.9355,0.2844,41128.9144,334968.4636,72
2667,2667.0,static,42.0223,0.2844,39580.896,342252.1598,74
2668,2668.0,static,42.2123,0.325,39437.599,376455.3391,78
2669,2669.0,static,43.04,0.2844,38203.8466,337033.1866,78
2670,2670.0,static,43.3531,0.3656,38152.4563,396004.5103,80
2671,2671.0,static,43.6818,0.325,37598.1829,303049.415,81
2672,2672.0,static,42.8732,0.3656,39036.7896,258925.8782,82
2673,2673.0,static,43.176,0.325,38472.4982,309794.2538,81
2674,2674.0,static,43.0063,0.3656,38554.0281,252582.2609,82
2675,2675.0,static,42.8147,0.325,38777.9805,265743.9225,83
2676,2676.0,static,42.6721,0.4469,39058.1041,280213.1258,83
2677,2677.0,static,43.3397,0.4062,38120.0847,232744.5755,79
2678,2678.0,static,42.3957,0.4062,40198.793,277138.6844,81
2679,2679.0,static,42.2547,0.3656,40221.2588,279639.3693,79
2680,2680.0,static,41.8401,0.4469,40709.2536,251258.6523,79
2681,2681.0,static,42.1443,0.4062,40139.519,243217.2862,78
2682,2682.0,static,42.1179,0.4875,40303.4193,243646.0762,78
2683,2683.0,static,42.2673,0.4875,40139.5382,204729.3801,76
2684,2684.0,static,41.771,0.5281,41262.0133,257688.6393,77
2685,2685.0,static,41.8247,0.5281,41025.5262,261654.7956,79
2686,2686.0,static,41.8059,0.5688,41527.5773,259859.5822,78
2687,2687.0,static,41.76,0.5688,41452.7075,226347.3251,79
2688,2688.0,static,41.3851,0.6094,42015.5956,224718.085,80
2689,2689.0,static,41.8747,0.5688,41600.0226,215335.7925,78
2690,2690.0,static,41.2969,0.65,42490.0466,227685.7456,79
2691,2691.0,static,41.8258,0.6094,41913.0397,239717.9622,78
2692,2692.0,static,40.75,0.65,44017.5276,233360.0909,79
2693,2693.0,static,40.5847,0.65,44929.3016,209827.0861,80
2694,2694.0,static,40.5611,0.7313,45941.1744,263249.3551,79
2695,2695.0,static,40.4206,0.7313,46474.706,214749.2582,78
2696,2696.0,static,40.0311,0.8531,47591.9425,259828.663,79
2697,2697.0,static,39.624,0.9344,47091.0949,196945.0662,81
2698,2698.0,static,39.3852,0.9344,48916.9801,218263.4498,80
2699,2699.0,static,38.7111,1.0156,51960.6658,195478.9996,81
2700,2700.0,static,39.1109,0.6906,48711.2182,183596.2825,70
2701,2701.0,static,39.3583,0.4875,48162.8501,203768.4124,68
2702,2702.0,static,38.0482,0.4062,49523.3592,249404.1403,75
2703,2703.0,static,39.2503,0.2438,46218.2714,233613.5374,68
2704,2704.0,static,38.5652,0.2438,47064.5127,273199.6159,71
2705,2705.0,static,38.7695,0.2031,46685.613,305905.4581,78
2706,2706.0,static,39.0905,0.2844,45589.0388,380316.5514,78
2707,2707.0,static,39.9302,0.2844,44203.66,367054.2389,79
2708,2708.0,static,40.7141,0.325,42896.2927,391631.3172,80
2709,2709.0,static,41.4198,0.2844,42003.2217,354718.4827,80
2710,2710.0,static,41.3876,0.325,42003.4459,293117.28,80
2711,2711.0,static,41.4609,0.325,42196.6837,295724.6846,83
2712,2712.0,static,41.4677,0.325,41692.8149,287339.2586,83
2713,2713.0,static,41.7834,0.325,41093.1835,293264.9142,83
2714,2714.0,static,41.2865,0.3656,42034.6973,287073.3801,83
2715,2715.0,static,41.0291,0.325,42407.553,228976.8613,80
2716,2716.0,static,40.8586,0.4062,42938.8914,292934.1189,80
2717,2717.0,static,40.9922,0.4062,43267.1481,261647.378,80
2718,2718.0,static,41.4763,0.4062,42938.9184,279587.3693,79
2719,2719.0,static,41.2644,0.4875,43973.5834,288026.5324,81
2720,2720.0,static,41.1942,0.4875,44215.4594,239055.4864,82
2721,2721.0,static,40.5689,0.4469,45299.2182,236511.4534,82
2722,2722.0,static,40.4956,0.4875,45924.6813,275580.1463,82
2723,2723.0,static,40.6251,0.5281,45637.178,264036.4871,81
2724,2724.0,static,40.7662,0.6094,45383.5668,222857.4746,81
2725,2725.0,static,40.9258,0.5688,46126.1568,285352.5658,83
2726,2726.0,static,40.0973,0.6094,50470.8851,243498.9534,85
2727,2727.0,static,40.1975,0.5688,51143.0365,263739.8936,82
2728,2728.0,static,38.8826,0.6094,53595.2444,241830.0828,82
2729,2729.0,static,38.8855,0.6094,55465.779,244451.3099,82
2730,2730.0,static,39.592,0.65,52182.8706,275308.1727,82
2731,2731.0,static,40.1754,0.65,50939.2741,231728.7657,78
2732,2732.0,static,40.2821,0.7313,51184.4744,255905.7131,80
2733,2733.0,static,40.2605,0.6906,50477.1506,259885.1726,82
2734,2734.0,static,40.1736,0.7313,50118.6069,223706.0285,82
2735,2735.0,static,39.9742,0.6906,50263.1099,252711.1243,82
2736,2736.0,static,39.2352,0.7313,53972.8141,242155.7165,81
2737,2737.0,static,38.7802,0.7313,61913.5658,224903.1691,79
2738,2738.0,static,38.4556,0.7719,82549.2533,240033.9752,81
2739,2739.0,static,38.5324,0.7313,94551.3358,258002.3964,82
2740,2740.0,static,38.364,0.8125,76382.9156,245879.1427,81
2741,2741.0,static,38.5913,0.8531,66686.3763,260606.3607,79
2742,2742.0,static,38.1778,0.8938,61189.6149,267650.6858,80
2743,2743.0,static,38.1567,0.8938,57599.7465,261974.3869,78
2744,2744.0,static,37.5781,0.975,55946.0848,220261.714,79
2745,2745.0,static,38.1969,0.7719,46277.305,225508.0142,74
2746,2746.0,static,37.3612,0.8125,47545.2102,249687.8943,76
2747,2747.0,static,37.3991,0.6906,47400.409,316737.6282,79
2748,2748.0,static,38.6169,0.6906,45423.9016,264179.0736,72
2749,2749.0,static,38.4593,0.7719,45529.4109,248633.4596,73
2750,2750.0,static,39.0853,0.65,43301.293,228797.4453,69
2751,2751.0,static,39.9662,0.4469,41982.3073,290890.5103,68
2752,2752.0,static,39.7029,0.4062,42085.5758,248677.4744,72
2753,2753.0,static,40.7841,0.4062,40458.5178,279850.7266,69
2754,2754.0,static,41.0052,0.4469,40370.5271,295579.8176,70
2755,2755.0,static,41.2753,0.4469,39990.9404,284849.8242,72
2756,2756.0,static,41.1209,0.5281,40294.0165,300084.6839,74
2757,2757.0,static,41.4819,0.4875,39880.121,292294.3288,74
2758,2758.0,static,40.9582,0.5281,41091.943,306051.3812,76
2759,2759.0,static,41.2486,0.5281,40571.107,288140.3369,77
2760,2760.0,static,40.7065,0.6094,41676.2421,236042.8048,78
2761,2761.0,static,41.0572,0.5688,40896.0096,287028.6179,78
2762,2762.0,static,40.7815,0.6094,41306.5545,246946.6329,78
2763,2763.0,static,40.9985,0.6094,40895.8429,235535.3892,77
2764,2764.0,static,40.2073,0.65,41408.0532,252450.4977,77
2765,2765.0,static,40.5409,0.65,41086.3537,286400.4337,77
2766,2766.0,static,40.2402,0.7313,41285.2146,281164.3418,79
2767,2767.0,static,40.4482,0.6906,40928.2815,240377.184,78
2768,2768.0,static,40.3189,0.7313,41162.172,242079.5518,77
2769,2769.0,static,40.5428,0.6906,40923.1722,271256.3657,77
2770,2770.0,static,40.3521,0.6906,41395.4499,246467.5309,75
2771,2771.0,static,40.2275,0.6906,41641.3409,240054.3647,77
2772,2772.0,static,39.5073,0.7719,43039.0103,240514.8023,78
2773,2773.0,static,39.2669,0.7719,46636.1241,234055.4318,80
2774,2774.0,static,38.7151,0.8125,149819.9192,272592.5895,82
2775,2775.0,static,38.7389,0.8125,235761.8461,276966.6156,83
2776,2776.0,static,38.1812,0.8938,807635.1417,297787.7321,84
2777,2777.0,static,38.6011,0.8938,1168083.6076,261357.3626,82
2778,2778.0,static,38.0614,0.9344,7450258.2946,238785.318,82
2779,2779.0,static,38.254,0.9344,7450301.6885,256572.5876,82
2780,2780.0,static,38.3027,1.0969,7450692.2461,267239.118,83
2781,2781.0,static,38.0963,1.0969,55721.3432,246000.267,82
2782,2782.0,static,37.2275,1.1375,53564.015,195429.2577,82
2783,2783.0,static,36.4859,1.1375,54133.0723,217459.0069,81
2784,2784.0,static,36.5836,1.1781,54722.4521,213755.4185,80
2785,2785.0,static,36.3418,1.3,60546.4155,184552.1257,80
2786,2786.0,static,35.5669,1.4625,460880.4862,241907.9135,81
2787,2787.0,static,35.9798,1.4625,679526.6507,245615.7199,82
2788,2788.0,static,35.7268,1.5031,7459245.3079,229972.8611,84
2789,2789.0,static,35.4394,1.4625,7459802.3409,222555.7779,85
2790,2790.0,static,40.9007,0.7719,42379.805,224143.8634,66
2791,2791.0,static,41.0441,0.4062,42237.0412,230860.1856,66
2792,2792.0,static,40.1963,0.2031,42913.3528,279000.1794,70
2793,2793.0,static,40.4301,0.2031,41896.7941,245603.7577,68
2794,2794.0,static,38.6018,0.1625,44415.2741,317490.9182,77
2795,2795.0,static,38.1879,0.2438,45729.5051,336539.4339,84
2796,2796.0,static,39.6062,0.325,44242.3913,347844.7783,80
2797,2797.0,static,39.5848,0.3656,44573.9016,350723.0018,84
2798,2798.0,static,39.7356,0.4062,43959.5577,351656.002,81
2799,2799.0,static,39.9908,0.3656,43850.5452,290071.5131,80
2800,2800.0,static,39.6759,0.3656,44403.4323,341649.4718,85
2801,2801.0,static,39.9768,0.325,44328.9638,366175.6567,85
2802,2802.0,static,39.4231,0.3656,46031.0274,301948.2603,84
2803,2803.0,static,39.9288,0.325,46215.508,340147.3985,86
2804,2804.0,static,39.953,0.4469,47290.6796,312670.5044,88
2805,2805.0,static,40.2883,0.4469,47820.6817,346281.9502,87
2806,2806.0,static,40.7028,0.4875,47704.4658,301893.607,85
2807,2807.0,static,40.8833,0.5281,47731.1606,286202.5063,85
2808,2808.0,static,41.029,0.5281,48380.1546,309042.0212,85
2809,2809.0,static,40.8033,0.4875,48611.1615,258896.3127,85
2810,2810.0,static,40.6786,0.5281,49269.468,279335.2349,85
2811,2811.0,static,40.1453,0.4875,63630.3948,289113.7863,86
2812,2812.0,static,39.7933,0.5281,68963.5507,261142.9841,86
2813,2813.0,static,39.9248,0.4875,144327.9794,292246.9191,87
2814,2814.0,static,39.8503,0.5281,19283559.0922,305186.0779,87
2815,2815.0,static,40.0363,0.5281,1291912.0547,259318.8813,86
2816,2816.0,static,39.379,0.5688,7994719.3822,240913.7927,89
2817,2817.0,static,39.6107,0.5281,18637079.0734,290413.5634,90
2818,2818.0,static,39.8358,0.6094,18635764.5667,282952.9148,89
2819,2819.0,static,39.9717,0.5688,84666.227,275701.632,90
2820,2820.0,static,39.594,0.6094,66958.7417,280600.759,92
2821,2821.0,static,40.0043,0.6094,60083.1404,288856.3648,89
2822,2822.0,static,40.1215,0.6094,56773.4314,245079.5055,88
2823,2823.0,static,39.3828,0.65,55489.6855,268226.9164,89
2824,2824.0,static,38.9393,0.7719,54503.8887,284381.9045,90
2825,2825.0,static,39.331,0.6906,52979.9121,277422.0873,85
2826,2826.0,static,39.1354,0.7313,52909.8607,265984.9089,87
2827,2827.0,static,38.9465,0.6906,51711.789,305669.8478,87
2828,2828.0,static,38.0332,0.7313,52781.6802,256691.397,90
2829,2829.0,static,37.3691,0.7313,53611.3224,245585.0542,90
2830,2830.0,static,37.3442,0.8125,54298.156,303566.8964,89
2831,2831.0,static,37.2995,0.8125,55769.9837,243731.8299,88
2832,2832.0,static,36.6515,0.975,59902.6501,276025.0917,88
2833,2833.0,static,36.8611,0.9344,60312.5738,256786.6491,86
2834,2834.0,static,35.8228,1.0563,62296.6374,253099.6251,87
2835,2835.0,static,36.2576,0.8125,57152.0017,235442.3574,80
2836,2836.0,static,36.2195,0.7313,55420.4578,258987.5287,79
2837,2837.0,static,36.6163,0.65,53348.9409,281876.0534,77
2838,2838.0,static,35.8325,0.7313,53799.4074,211515.666,74
2839,2839.0,static,36.0781,0.7313,53525.1679,267148.7415,77
2840,2840.0,static,38.468,0.5281,49090.9298,286463.6849,73
2841,2841.0,static,39.0427,0.4062,46584.2329,304076.5127,74
2842,2842.0,static,38.7427,0.4469,45967.6387,314253.9732,79
2843,2843.0,static,39.2963,0.3656,44668.1795,314704.0345,79
2844,2844.0,static,40.6578,0.3656,42351.2131,329753.7771,82
2845,2845.0,static,41.7102,0.3656,40545.619,323982.1087,81
2846,2846.0,static,41.7967,0.4062,40253.396,343255.6911,85
2847,2847.0,static,42.3978,0.4469,39805.8226,377694.7009,84
2848,2848.0,static,42.9202,0.4469,39324.2267,344350.7609,83
2849,2849.0,static,42.9623,0.4062,39412.9484,302846.4755,85
2850,2850.0,static,42.8984,0.4875,39739.7842,327653.8728,87
2851,2851.0,static,42.831,0.4875,40146.9461,318256.7897,89
2852,2852.0,static,42.7148,0.4875,40266.1757,262056.2475,86
2853,2853.0,static,42.6078,0.5281,40187.2641,287321.1147,87
2854,2854.0,static,41.9013,0.6094,41095.2045,336712.9242,89
2855,2855.0,static,41.561,0.5281,40919.6795,289609.6076,90
2856,2856.0,static,40.9522,0.5688,40948.2547,324453.3966,90
2857,2857.0,static,40.8495,0.5688,40860.5518,269399.7505,89
2858,2858.0,static,41.2289,0.5688,40341.1569,283905.2867,87
2859,2859.0,static,41.1,0.6094,40624.8855,275994.2203,88
2860,2860.0,static,40.8467,0.6906,40762.9411,280912.0593,89
2861,2861.0,static,40.9055,0.7313,40802.0456,269091.4451,90
2862,2862.0,static,40.5839,0.7313,41406.564,268129.8808,91
2863,2863.0,static,40.7388,0.7313,41578.4337,327554.0988,92
2864,2864.0,static,40.34,0.8125,42320.552,272568.0452,92
2865,2865.0,static,40.0463,0.7719,43163.039,240648.2301,91
2866,2866.0,static,39.8405,0.8531,43539.234,287900.773,89
2867,2867.0,static,39.925,0.8531,43791.968,260254.9786,89
2868,2868.0,static,39.3056,0.8938,45192.661,296072.3667,89
2869,2869.0,static,38.8848,0.8531,45691.1015,278399.8069,90
2870,2870.0,static,38.457,0.975,46402.3239,287821.8665,91
2871,2871.0,static,38.4683,0.975,46647.3048,246326.2839,88
2872,2872.0,static,37.4826,1.0156,48096.0804,267912.3071,88
2873,2873.0,static,37.643,0.975,49326.2238,258193.3957,86
2874,2874.0,static,37.9102,1.0156,49793.6114,258335.2469,87
2875,2875.0,static,37.4372,1.0969,51719.2728,203989.9,86
2876,2876.0,static,37.3996,1.3,54207.5203,233314.3682,85
2877,2877.0,static,37.1264,1.2594,58711.6297,243815.7339,85
2878,2878.0,static,36.1754,1.3812,67482.2432,234636.548,85
2879,2879.0,static,35.5894,1.4625,92332.5399,204218.5697,88
2880,2880.0,static,38.4582,0.8531,48958.4664,207524.1064,71
2881,2881.0,static,38.6382,0.4469,47619.3428,251374.9633,71
2882,2882.0,static,37.9629,0.2844,48084.8298,298438.9562,77
2883,2883.0,static,39.2178,0.2031,45117.2969,274434.6625,70
2884,2884.0,static,37.7621,0.2844,47029.5611,315726.5339,75
2885,2885.0,static,37.4888,0.2031,48189.3949,343210.7027,81
2886,2886.0,static,38.4586,0.2844,46039.1653,374187.9935,79
2887,2887.0,static,38.4934,0.3656,46288.0006,365889.3477,80
2888,2888.0,static,39.5147,0.3656,45675.7641,387807.9897,80
2889,2889.0,static,40.3034,0.3656,44243.4952,294235.3445,80
2890,2890.0,static,40.403,0.4469,43896.86,341920.3754,83
2891,2891.0,static,40.0827,0.4062,45149.5991,309430.399,85
2892,2892.0,static,39.947,0.4469,52224.4543,325514.0529,83
2893,2893.0,static,39.8894,0.4469,61785.9361,285213.0129,84
2894,2894.0,static,39.8624,0.5281,54209.9714,310519.4523,84
2895,2895.0,static,39.3708,0.5281,52907.5114,269359.0894,87
2896,2896.0,static,38.5899,0.6094,18797985.7447,298802.5513,89
2897,2897.0,static,38.7163,0.6094,72011.3818,267654.2465,88
2898,2898.0,static,38.9085,0.7313,67324.7217,314649.8055,88
2899,2899.0,static,39.041,0.7313,71365.4343,262051.5885,86
2900,2900.0,static,38.8741,0.7719,131561.6812,287615.4721,87
2901,2901.0,static,38.8821,0.7719,533837.5676,219293.6196,85
2902,2902.0,static,38.6881,0.8531,1247452.6189,247624.2355,87
2903,2903.0,static,38.5519,0.8125,13109427.8391,266039.6459,88
2904,2904.0,static,38.2311,0.8938,18800284.2388,254838.2307,88
2905,2905.0,static,38.4698,0.8938,18799229.9177,316911.9751,87
2906,2906.0,static,38.1804,0.975,18799164.0907,208175.595,89
2907,2907.0,static,38.087,0.9344,18799607.6639,277785.6834,90
2908,2908.0,static,37.68,0.975,82672.187,266801.8702,90
2909,2909.0,static,37.9877,0.9344,70485.2286,281267.7557,89
2910,2910.0,static,37.5778,0.975,65486.8518,265424.0086,89
2911,2911.0,static,36.9952,0.9344,62329.5616,229600.4989,90
2912,2912.0,static,36.9332,0.975,60892.2086,284485.8137,89
2913,2913.0,static,36.8306,0.975,59934.2348,233987.0626,89
2914,2914.0,static,36.6968,1.0156,59886.1662,272920.0793,91
2915,2915.0,static,36.9523,1.0563,58859.254,310878.4603,92
2916,2916.0,static,36.2343,1.0969,59954.1911,302303.2518,93
2917,2917.0,static,36.513,1.0563,59521.1966,317839.2362,91
2918,2918.0,static,36.4481,1.1375,60949.8422,284388.711,93
2919,2919.0,static,36.2034,1.0969,61533.7352,287131.4524,94
2920,2920.0,static,36.3581,1.2188,61201.5625,286113.0809,91
2921,2921.0,static,36.7926,1.2188,60827.9491,255709.5601,89
2922,2922.0,static,36.7435,1.3,60810.4496,231608.5707,88
2923,2923.0,static,36.7638,1.3,60385.6871,276678.9293,89
2924,2924.0,static,36.7567,1.3406,60021.57,250400.4779,85
2925,2925.0,static,37.462,1.1375,56581.0317,251911.8234,78
2926,2926.0,static,37.0823,1.0563,56225.3674,242975.7528,80
2927,2927.0,static,36.6694,0.975,56093.8104,250350.5325,82
2928,2928.0,static,36.3216,1.0563,56536.061,244997.002,82
2929,2929.0,static,37.1712,1.0156,54826.118,302551.5378,82
2930,2930.0,static,38.3269,0.7313,48826.8517,243130.0782,74
2931,2931.0,static,38.5889,0.4469,48409.5542,250396.2828,74
2932,2932.0,static,38.1534,0.325,46752.8681,314492.832,78
2933,2933.0,static,39.9917,0.3656,42365.8963,304735.6368,72
2934,2934.0,static,39.8637,0.4875,42479.9401,322716.8101,76
2935,2935.0,static,39.3024,0.4469,43298.2753,293581.856,80
2936,2936.0,static,40.346,0.4875,41699.761,310310.627,76
2937,2937.0,static,40.44,0.4875,41194.4615,345850.9739,80
2938,2938.0,static,39.9003,0.5281,41485.1591,353071.8699,85
2939,2939.0,static,40.8779,0.4875,40333.3653,391815.1625,84
2940,2940.0,static,41.4175,0.4875,39776.0179,368961.6883,85
2941,2941.0,static,41.4779,0.5281,39847.3406,333347.6245,83
2942,2942.0,static,41.2171,0.5281,40493.1939,301093.2913,84
2943,2943.0,static,41.5327,0.4875,40385.2522,294506.0061,83
2944,2944.0,static,41.5288,0.4875,40766.5708,250100.3603,80
2945,2945.0,static,41.2427,0.65,40943.6603,224298.1875,80
2946,2946.0,static,40.584,0.6906,41546.2058,231735.4648,82
2947,2947.0,static,40.4955,0.65,41704.518,255924.7764,82
2948,2948.0,static,40.1312,0.6094,41877.0683,265374.6857,81
2949,2949.0,static,39.7223,0.65,42420.5233,289357.9147,84
2950,2950.0,static,39.8663,0.65,43563.5555,275178.3248,82
2951,2951.0,static,39.9742,0.6094,62892.9902,283163.1759,83
2952,2952.0,static,39.5515,0.65,90412.5899,262857.5387,86
2953,2953.0,static,39.6254,0.6094,132485.9371,283218.5624,86
2954,2954.0,static,39.5891,0.6094,176371.0164,324243.2677,87
2955,2955.0,static,39.7964,0.65,822837.8614,305847.0834,85
2956,2956.0,static,38.8497,0.7313,7448835.7877,282662.4923,86
2957,2957.0,static,38.6649,0.7313,7451482.5663,303090.3226,86
2958,2958.0,static,38.1404,0.7719,7452354.6017,264125.4926,88
2959,2959.0,static,37.4381,0.7719,7453890.2867,247465.8745,88
2960,2960.0,static,36.8332,0.8938,7457443.5797,288595.4748,88
2961,2961.0,static,37.6262,0.8938,7462861.0654,240611.5542,85
2962,2962.0,static,36.4678,0.9344,7505030.7287,243607.3269,87
2963,2963.0,static,36.4181,0.9344,7787500.7249,246831.6535,86
2964,2964.0,static,36.3888,0.975,16117113.3633,223691.9449,85
2965,2965.0,static,36.2778,1.0156,26067129.3248,245352.84,84
2966,2966.0,static,35.2348,1.1375,26119792.0732,227218.1584,85
2967,2967.0,static,34.7695,1.1375,26339774.111,260240.9518,86
2968,2968.0,static,34.2397,1.3,27473699.3769,235704.3611,88
2969,2969.0,static,34.0633,1.2594,44637154.6378,274168.7694,89
2970,2970.0,static,38.1801,0.5688,48795.0404,212056.3,70
2971,2971.0,static,37.9028,0.2438,75605.0978,244873.7028,69
2972,2972.0,static,37.9491,0.2438,53240.8328,250461.1702,70
2973,2973.0,static,39.8027,0.1625,43904.7746,250254.7673,66
2974,2974.0,static,39.7422,0.2031,42471.5028,329400.7524,76
2975,2975.0,static,39.5155,0.325,43501.7871,358492.5052,81
2976,2976.0,static,39.9973,0.3656,42614.6168,364924.3094,80
2977,2977.0,static,41.1773,0.325,41146.5929,331156.6872,74
2978,2978.0,static,39.5637,0.325,43208.3621,330989.6642,83
2979,2979.0,static,40.8626,0.325,42096.0451,320401.6331,82
2980,2980.0,static,39.6488,0.4062,44052.1947,314765.0114,84
2981,2981.0,static,40.1233,0.2844,42516.632,364389.6868,87
2982,2982.0,static,39.8721,0.3656,42066.567,326645.691,89
2983,2983.0,static,41.0588,0.325,41017.2584,348527.0023,86
2984,2984.0,static,40.7238,0.3656,42102.8523,322249.9037,89
2985,2985.0,static,41.3558,0.3656,41991.0603,330630.8094,88
2986,2986.0,static,41.2467,0.4469,43045.4563,289926.8518,89
2987,2987.0,static,41.9858,0.4469,42302.9391,317845.9032,87
2988,2988.0,static,42.0471,0.5281,42687.4399,323559.5901,90
2989,2989.0,static,42.7656,0.4875,42677.1992,323418.6436,88
2990,2990.0,static,41.8963,0.5281,44554.2378,306194.634,90
2991,2991.0,static,41.9518,0.4875,45059.8698,281501.0725,90
2992,2992.0,static,41.4332,0.5281,46912.3824,277552.6582,90
2993,2993.0,static,41.6012,0.5281,47253.6502,312342.8302,91
2994,2994.0,static,40.7326,0.6094,47379.3735,257577.73,90
2995,2995.0,static,41.0622,0.5688,47274.4017,260012.4926,88
2996,2996.0,static,40.8085,0.65,47662.7586,273558.0864,91
2997,2997.0,static,41.3796,0.6094,45828.6714,289390.8107,91
2998,2998.0,static,41.0247,0.65,46570.0822,249880.3658,91
2999,2999.0,static,41.1918,0.65,46273.993,303056.3874,91
3000,3000.0,static,41.0224,0.6906,46679.7061,270521.0655,90
3001,3001.0,static,41.076,0.65,46691.5277,314080.9192,90
3002,3002.0,static,40.7545,0.6906,47188.462,261349.6566,91
3003,3003.0,static,40.6869,0.65,48511.9296,261187.4502,87
3004,3004.0,static,40.0966,0.6906,48717.0734,266100.366,88
3005,3005.0,static,40.0979,0.65,48425.7554,248701.0471,90
3006,3006.0,static,40.444,0.6906,48060.9543,301698.6732,89
3007,3007.0,static,40.4805,0.65,48708.7861,294661.6585,87
3008,3008.0,static,39.2343,0.6906,53270.9703,216298.3942,88
3009,3009.0,static,38.6341,0.6906,63035.1143,277985.2424,90
3010,3010.0,static,38.7288,0.7313,81354.3378,286241.5159,84
3011,3011.0,static,38.0458,0.6906,170706.3317,263241.3656,86
3012,3012.0,static,37.4786,0.8531,305195.9252,285106.6952,88
3013,3013.0,static,37.0629,0.8125,793811.6365,259986.3332,89
3014,3014.0,static,36.3772,0.8938,1286810.5163,276146.4467,88
3015,3015.0,static,37.0557,0.8531,52589.6057,270566.2763,82
3016,3016.0,static,36.4675,0.8125,53115.2353,234559.4286,82
3017,3017.0,static,36.2675,0.6906,52656.0228,253719.2913,82
3018,3018.0,static,36.4248,0.7313,62932.7832,267989.88,80
3019,3019.0,static,36.8819,0.7719,82835.2865,277076.3064,82
3020,3020.0,static,37.5018,0.6906,154254.5528,291478.4837,78
3021,3021.0,static,37.803,0.5281,2990710.2202,297341.2775,80
3022,3022.0,static,38.5242,0.5281,6956248.6316,309994.0674,81
3023,3023.0,static,40.1688,0.4875,55077.8399,285246.2724,78
3024,3024.0,static,39.4704,0.5281,46138.2295,312814.5824,82
3025,3025.0,static,39.5129,0.4875,43935.6719,347129.2168,85
3026,3026.0,static,38.7011,0.5688,44834.739,351467.8694,87
3027,3027.0,static,38.8944,0.5281,43770.2048,388942.1761,91
3028,3028.0,static,39.143,0.6094,42856.884,369522.8428,92
3029,3029.0,static,39.8608,0.6094,41727.7711,347968.26,91
3030,3030.0,static,39.7493,0.65,41954.4246,395904.3694,92
3031,3031.0,static,39.651,0.6094,41822.0116,288584.4675,92
3032,3032.0,static,39.5102,0.6906,41900.8519,300452.6756,91
3033,3033.0,static,39.3176,0.6906,42403.5249,289836.7471,91
3034,3034.0,static,39.2232,0.7719,42684.0418,296430.7428,89
3035,3035.0,static,39.0978,0.7313,43245.0206,287159.5438,89
3036,3036.0,static,38.5699,0.8531,45608.1971,276261.371,92
3037,3037.0,static,38.4368,0.8125,55528.6184,290431.826,91
3038,3038.0,static,38.2144,0.8938,1316413.4418,290287.5315,93
3039,3039.0,static,38.3069,0.8938,3793111.221,277998.6441,93
3040,3040.0,static,37.7589,0.9344,7483976.0472,321481.7028,94
3041,3041.0,static,37.4884,0.9344,14854417.6326,280935.7138,92
3042,3042.0,static,36.8656,0.975,14854981.2128,298672.9901,91
3043,3043.0,static,37.0913,0.975,14854480.5576,260648.012,90
3044,3044.0,static,36.8222,1.0156,14854930.7035,249335.9223,90
3045,3045.0,static,37.2267,0.975,14854603.6874,263489.6776,87
3046,3046.0,static,36.8618,1.0156,14855574.1643,257651.1715,88
3047,3047.0,static,36.7788,0.975,14859914.6742,268248.7513,90
3048,3048.0,static,36.2108,1.0563,14859763.954,225597.2838,89
3049,3049.0,static,36.6214,1.0156,14857635.8965,272323.8316,88
3050,3050.0,static,36.4215,1.0969,14859033.0772,252083.8268,89
3051,3051.0,static,36.7836,1.1375,14859119.9536,295316.0857,88
3052,3052.0,static,36.5486,1.2188,14859746.5401,253657.8095,89
3053,3053.0,static,36.6267,1.2188,14859961.3593,262021.134,88
3054,3054.0,static,35.9693,1.3,14860559.5708,257257.3775,87
3055,3055.0,static,35.5459,1.2594,14861999.8619,220973.0964,85
3056,3056.0,static,35.4879,1.2594,14860298.0701,224223.6312,87
3057,3057.0,static,35.2747,1.3,14861638.0696,210593.9669,83
3058,3058.0,static,34.4139,1.4219,14865703.0076,229877.7365,86
3059,3059.0,static,34.3565,1.5031,14870810.5378,229666.0093,85
3060,3060.0,static,38.7256,0.8531,48172.1573,184897.5782,66
3061,3061.0,static,39.4825,0.3656,45877.623,229922.5856,65
3062,3062.0,static,39.2989,0.2438,45430.1507,258322.839,69
3063,3063.0,static,39.4132,0.1219,44044.852,266229.917,69
3064,3064.0,static,38.0557,0.2438,44819.6725,385220.8235,78
3065,3065.0,static,39.0482,0.2031,43015.8941,420753.4333,79
3066,3066.0,static,39.3719,0.2844,42984.9708,427552.3258,81
3067,3067.0,static,41.0438,0.2844,41073.0314,446840.8805,79
3068,3068.0,static,40.2776,0.325,41537.4209,395077.0253,85
3069,3069.0,static,40.6205,0.325,41402.1546,315174.6612,84
3070,3070.0,static,41.0248,0.2844,40423.4084,265188.1739,83
3071,3071.0,static,41.4138,0.2844,39709.7289,277134.8814,83
3072,3072.0,static,40.5461,0.325,41026.7779,265424.7759,83
3073,3073.0,static,40.1684,0.2438,41841.7155,285326.5053,86
3074,3074.0,static,40.2201,0.2844,42364.1809,300256.0203,85
3075,3075.0,static,40.7163,0.2844,41427.5746,288173.3184,82
3076,3076.0,static,40.7962,0.3656,41054.3185,333043.0063,83
3077,3077.0,static,41.3682,0.325,40390.3623,269620.1212,80
3078,3078.0,static,41.5307,0.325,40164.435,284680.6963,78
3079,3079.0,static,41.2571,0.3656,40725.9,276852.224,80
3080,3080.0,static,40.864,0.3656,40798.9444,342461.329,80
3081,3081.0,static,41.0857,0.4062,40683.807,277417.1688,79
3082,3082.0,static,40.9686,0.4469,41100.7509,289544.6389,80
3083,3083.0,static,41.2139,0.4469,41404.7847,265755.222,77
3084,3084.0,static,40.4949,0.4875,42891.0234,211768.0644,78
3085,3085.0,static,41.0577,0.4469,42859.8597,257237.536,77
3086,3086.0,static,40.9496,0.4875,47437.9259,230564.8452,78
3087,3087.0,static,40.8773,0.4875,52044.4412,229837.3488,79
3088,3088.0,static,40.9985,0.5281,50606.372,240150.9242,79
3089,3089.0,static,41.164,0.5281,48374.5335,233443.466,79
3090,3090.0,static,39.9736,0.5688,47292.0861,254187.0882,81
3091,3091.0,static,39.735,0.5281,47249.8449,260276.5826,81
3092,3092.0,static,38.5785,0.65,49060.9198,205691.8756,82
3093,3093.0,static,38.8845,0.6094,48919.297,254284.1186,80
3094,3094.0,static,38.3718,0.65,50816.0561,228523.7022,82
3095,3095.0,static,38.3622,0.6906,52080.9054,223298.9761,79
3096,3096.0,static,38.1178,0.7719,53855.3552,242565.8386,79
3097,3097.0,static,37.8247,0.8531,56027.2367,232694.9329,81
3098,3098.0,static,37.6336,0.8938,58908.7606,233110.8599,83
3099,3099.0,static,38.0527,0.8531,58311.8233,254723.9052,81
3100,3100.0,static,37.7487,0.9344,57434.6444,280633.6486,83
3101,3101.0,static,37.915,0.8938,57166.1629,198557.1062,81
3102,3102.0,static,37.2058,0.9344,60837.1866,236230.1024,81
3103,3103.0,static,37.683,0.8938,63969.2824,260096.6466,78
3104,3104.0,static,37.1928,0.975,83197.0562,233541.6484,78
3105,3105.0,static,37.8986,0.7719,55102.8039,230410.3445,70
3106,3106.0,static,36.9853,0.7313,54529.17,189218.8917,71
3107,3107.0,static,36.9174,0.6094,55639.491,233625.5383,70
3108,3108.0,static,36.2666,0.6906,59485.1149,213035.3002,68
3109,3109.0,static,36.2393,0.6906,71137.7986,218554.6345,69
3110,3110.0,static,38.5418,0.4469,48247.8917,210163.0373,58
3111,3111.0,static,39.012,0.2438,46444.985,246620.1112,60
3112,3112.0,static,40.4518,0.2844,43212.1577,270716.9421,59
3113,3113.0,static,40.0807,0.2031,43188.4237,262478.6702,61
3114,3114.0,static,39.3932,0.2031,43432.3526,270189.4014,65
3115,3115.0,static,39.2868,0.2031,45151.6462,301197.641,68
3116,3116.0,static,40.3723,0.2031,42005.8561,330796.1386,68
3117,3117.0,static,41.7539,0.1625,39326.2035,327465.8546,68
3118,3118.0,static,40.9125,0.2438,39672.5071,277527.6832,70
3119,3119.0,static,41.4901,0.2031,38936.2527,304982.7636,69
3120,3120.0,static,41.2542,0.2844,39209.5083,269194.8986,72
3121,3121.0,static,42.0509,0.2438,38235.2622,287576.5754,71
3122,3122.0,static,41.7171,0.3656,38442.7159,300450.9198,74
3123,3123.0,static,41.9449,0.325,38238.894,247729.7008,74
3124,3124.0,static,41.979,0.4062,38280.3839,291118.8292,74
3125,3125.0,static,41.9558,0.3656,38509.9484,251735.5345,74
3126,3126.0,static,41.9598,0.4469,38599.3055,215984.7174,73
3127,3127.0,static,41.7726,0.4062,38964.3433,233225.067,73
3128,3128.0,static,41.3635,0.4469,39509.3668,239791.7494,74
3129,3129.0,static,41.192,0.4062,39570.9262,232645.6481,75
3130,3130.0,static,41.2925,0.4875,39638.6187,263469.5468,75
3131,3131.0,static,41.1225,0.4875,39597.1138,225122.6199,76
3132,3132.0,static,40.8704,0.5281,39881.4593,271662.1066,77
3133,3133.0,static,40.6396,0.4875,39930.577,225970.1005,75
3134,3134.0,static,39.9682,0.5281,41196.2076,250782.5889,75
3135,3135.0,static,39.5554,0.5281,41388.4731,221703.0223,77
3136,3136.0,static,39.577,0.6094,41320.2883,243435.8896,77
3137,3137.0,static,39.7089,0.5688,41312.1117,237187.6735,77
3138,3138.0,static,39.5758,0.65,41739.2077,234988.7844,77
3139,3139.0,static,39.4091,0.6094,42332.9174,204678.3114,77
3140,3140.0,static,39.1231,0.6906,43116.1737,230559.9135,79
3141,3141.0,static,38.4574,0.7313,48310.306,173827.127,78
3142,3142.0,static,38.0157,0.7719,50292.8824,249207.6789,79
3143,3143.0,static,37.8322,0.7313,53144.9304,194321.6054,77
3144,3144.0,static,37.6496,0.8125,52628.297,248839.7722,78
3145,3145.0,static,37.4637,0.8125,50384.165,215132.3825,77
3146,3146.0,static,37.8339,0.8938,51467.9111,225876.5997,77
3147,3147.0,static,37.7027,0.9344,52163.2026,216936.2044,77
3148,3148.0,static,37.0518,1.0969,52897.9946,242840.0482,77
3149,3149.0,static,36.6531,1.0969,53774.6604,222454.5306,77
3150,3150.0,static,39.6121,0.5281,46432.1464,155550.0782,59
3151,3151.0,static,39.5494,0.2438,45396.7485,192668.2024,60
3152,3152.0,static,37.8482,0.1625,45605.5185,235260.4563,67
3153,3153.0,static,38.6409,0.1219,43403.1499,201136.1387,60
3154,3154.0,static,37.6296,0.1625,44341.3679,250576.7858,65
3155,3155.0,static,37.5283,0.2438,44630.9175,307934.4909,71
3156,3156.0,static,38.4253,0.325,44601.756,343460.1197,73
3157,3157.0,static,39.494,0.2844,44248.3795,338143.7724,74
3158,3158.0,static,40.9671,0.325,42967.6467,324562.2135,73
3159,3159.0,static,40.8386,0.3656,43786.4564,349989.7727,77
3160,3160.0,static,40.2807,0.3656,45657.0766,247721.9082,78
3161,3161.0,static,40.9646,0.325,45565.874,252710.9949,75
3162,3162.0,static,40.4345,0.4469,48801.9166,297718.2216,78
3163,3163.0,static,40.2272,0.4875,50640.0722,264421.6855,81
3164,3164.0,static,40.5668,0.5281,49227.0128,271791.4607,80
3165,3165.0,static,41.1467,0.5688,48886.1687,293267.2983,79
3166,3166.0,static,41.0044,0.6094,50447.9313,281637.2249,80
3167,3167.0,static,41.4146,0.6094,49715.0872,260172.7526,79
3168,3168.0,static,41.2963,0.6906,49673.3378,260590.9902,79
3169,3169.0,static,41.4436,0.65,45401.2298,281467.1307,81
3170,3170.0,static,40.9455,0.65,47354.7986,247629.0673,80
3171,3171.0,static,41.106,0.65,49069.1515,240783.1982,78
3172,3172.0,static,40.4968,0.7313,52782.6258,225612.9407,80
3173,3173.0,static,40.7888,0.7313,53099.4783,244047.0249,80
3174,3174.0,static,40.2146,0.7719,54305.7199,276673.7345,82
3175,3175.0,static,40.2235,0.7719,54595.0581,233575.4764,82
3176,3176.0,static,39.3987,0.8125,55336.9238,267072.6333,83
3177,3177.0,static,39.7721,0.7719,54815.2969,288435.3507,82
3178,3178.0,static,39.9512,0.7719,54579.6759,221430.8772,81
3179,3179.0,static,40.1415,0.8531,55296.2364,263835.5528,80
3180,3180.0,static,39.5744,0.8938,56430.0645,239008.8875,81
3181,3181.0,static,39.92,0.8531,56985.3689,250269.7897,79
3182,3182.0,static,39.5243,0.8938,57083.3717,221659.924,81
3183,3183.0,static,39.5573,0.8938,57701.4696,241134.1979,82
3184,3184.0,static,39.4192,0.975,57049.8218,272893.8084,83
3185,3185.0,static,38.8412,0.8938,58008.0923,221697.8694,84
3186,3186.0,static,39.0439,0.9344,58776.4184,270861.0282,81
3187,3187.0,static,38.2687,0.8938,59535.8353,286930.1361,84
3188,3188.0,static,38.4057,0.8938,62628.2005,266647.1223,81
3189,3189.0,static,37.9039,0.9344,69691.423,228885.8359,82
3190,3190.0,static,37.9803,0.975,107501.012,299570.6886,83
3191,3191.0,static,37.8424,0.975,296982.887,252694.9793,82
3192,3192.0,static,37.0944,1.0969,1085359.5304,216211.2816,82
3193,3193.0,static,36.9231,1.0969,3089874.1162,288908.7407,83
3194,3194.0,static,36.4581,1.2188,12646117.111,201881.5992,82
3195,3195.0,static,37.179,0.9344,18803320.7113,232941.4696,75
3196,3196.0,static,36.9849,0.8531,18801294.5299,226785.4893,77
3197,3197.0,static,36.6176,0.7313,18800022.8461,247567.4001,78
3198,3198.0,static,36.3962,0.8125,18796303.9336,256119.2765,75
3199,3199.0,static,36.1391,0.7719,18797759.6213,251825.6092,77
3200,3200.0,static,39.041,0.4875,44387.2509,284634.9858,71
3201,3201.0,static,39.6679,0.2844,43596.7931,258363.6308,68
3202,3202.0,static,38.674,0.325,45043.772,264459.9155,73
3203,3203.0,static,40.0574,0.2844,41456.1044,273000.6802,70
3204,3204.0,static,40.5853,0.2844,40716.6281,280365.5544,72
3205,3205.0,static,39.8633,0.325,41682.2702,299433.9591,78
3206,3206.0,static,40.3612,0.325,42279.1045,375344.8455,79
3207,3207.0,static,41.2516,0.325,40751.377,364263.2365,81
3208,3208.0,static,42.28,0.4062,39311.4904,400080.6835,81
3209,3209.0,static,42.6285,0.325,38683.2264,287497.3942,81
3210,3210.0,static,42.2604,0.3656,38931.7083,310977.306,84
3211,3211.0,static,42.7454,0.325,38306.1804,268392.1237,83
3212,3212.0,static,42.8011,0.4062,38169.736,270401.0466,84
3213,3213.0,static,42.5979,0.3656,38270.0071,276788.2605,83
3214,3214.0,static,41.8618,0.3656,38877.2636,239119.0308,83
3215,3215.0,static,41.6277,0.3656,39163.1638,268807.2695,83
3216,3216.0,static,41.5917,0.4469,39652.6996,284861.3031,82
3217,3217.0,static,41.2709,0.4469,39926.9468,296549.548,83
3218,3218.0,static,41.4847,0.4875,39714.6152,265094.5307,84
3219,3219.0,static,41.5057,0.5281,39497.5875,260900.4449,83
3220,3220.0,static,41.5697,0.5688,39406.8863,277173.6431,84
3221,3221.0,static,41.4759,0.5688,39306.6009,278640.6123,85
3222,3222.0,static,41.6904,0.6094,39099.3596,318196.1576,87
3223,3223.0,static,41.8052,0.5688,38956.435,303495.6017,87
3224,3224.0,static,41.7068,0.6094,39310.9513,258279.9811,86
3225,3225.0,static,41.4885,0.5688,39849.0485,248775.3889,86
3226,3226.0,static,41.1249,0.6094,40708.4793,270423.5421,86
3227,3227.0,static,41.3712,0.6094,40563.5981,278993.9379,84
3228,3228.0,static,40.9547,0.7313,41290.3971,262221.0378,85
3229,3229.0,static,40.1514,0.7313,2323850.8584,242985.0452,84
3230,3230.0,static,40.5172,0.8125,50018.6083,267493.6874,83
3231,3231.0,static,40.1421,0.8125,46571.13,220031.5751,85
3232,3232.0,static,39.5377,0.8531,49192.4384,217189.4837,85
3233,3233.0,static,39.5552,0.8125,140882.6124,232502.9047,84
3234,3234.0,static,38.2469,0.8938,185982.04,218344.1959,86
3235,3235.0,static,38.3575,0.975,1371729.5103,226902.5932,85
3236,3236.0,static,38.0306,1.0156,2581954.8935,217421.07,83
3237,3237.0,static,37.3615,1.1375,7461875.0505,237643.409,84
3238,3238.0,static,36.4498,1.3406,7469385.1782,216370.959,85
3239,3239.0,static,36.6838,1.3812,7472295.503,251004.4746,85
3240,3240.0,static,39.8484,0.8938,55534.8837,228916.1443,68
3241,3241.0,static,40.4964,0.5281,51464.0765,245309.7131,66
3242,3242.0,static,40.9859,0.2844,46734.1061,268500.6154,67
3243,3243.0,static,41.4428,0.2031,42384.5739,238310.1805,61
3244,3244.0,static,39.3518,0.2031,42331.5585,318845.8825,73
3245,3245.0,static,39.4596,0.1625,42267.2781,328106.0857,77
3246,3246.0,static,39.8399,0.1625,42156.6487,340031.3002,73
3247,3247.0,static,39.8001,0.1219,42926.3949,347025.5866,74
3248,3248.0,static,39.3758,0.1625,43692.4228,299397.1265,76
3249,3249.0,static,40.4385,0.1219,42488.9869,337061.3603,74
3250,3250.0,static,39.5224,0.2844,44005.4112,315123.0105,81
3251,3251.0,static,40.5565,0.2438,42012.1367,336999.6678,78
3252,3252.0,static,40.6814,0.2844,41126.6947,368653.334,78
3253,3253.0,static,40.4458,0.2438,41511.2749,306449.5495,81
3254,3254.0,static,40.2912,0.2844,42088.663,304618.9042,81
3255,3255.0,static,40.913,0.325,41387.5699,284195.3995,80
3256,3256.0,static,40.9517,0.3656,41135.7386,295244.208,82
3257,3257.0,static,41.3481,0.3656,40910.1639,318968.6322,80
3258,3258.0,static,40.9194,0.4469,42427.1322,264948.5521,81
3259,3259.0,static,41.1004,0.3656,42489.1706,273200.5782,80
3260,3260.0,static,40.6862,0.4875,43106.9786,260549.9187,82
3261,3261.0,static,41.1257,0.4875,42468.6882,306461.5677,83
3262,3262.0,static,40.9096,0.5281,42790.9164,278649.2933,84
3263,3263.0,static,41.1685,0.4875,42432.8813,300631.4122,84
3264,3264.0,static,40.8628,0.5281,42191.9443,308085.5712,84
3265,3265.0,static,40.818,0.4875,42388.9031,252399.5852,84
3266,3266.0,static,40.4789,0.5281,43021.0831,238547.4188,84
3267,3267.0,static,40.0071,0.4875,43708.4951,228433.1773,83
3268,3268.0,static,39.966,0.5688,46379.8214,258376.6307,82
3269,3269.0,static,39.6866,0.5281,45906.2469,243985.8449,84
3270,3270.0,static,39.2624,0.6094,47480.196,234611.7264,85
3271,3271.0,static,39.504,0.5688,46904.0866,250522.6882,84
3272,3272.0,static,38.8541,0.65,47493.5157,270084.2131,86
3273,3273.0,static,38.8119,0.65,48342.4806,285319.0534,84
3274,3274.0,static,38.5447,0.7719,49848.0163,255262.1779,84
3275,3275.0,static,38.6299,0.7719,50143.6229,249698.7647,84
3276,3276.0,static,38.1684,0.8125,51262.6039,221868.1526,84
3277,3277.0,static,38.3564,0.7719,50455.7001,248092.3959,84
3278,3278.0,static,37.9447,0.8531,50924.7281,257416.7392,85
3279,3279.0,static,37.7594,0.8125,51272.7309,251896.8293,82
3280,3280.0,static,37.1677,0.8125,52860.0168,245061.7508,84
3281,3281.0,static,36.4242,0.8938,54983.8432,245437.7786,84
3282,3282.0,static,36.4073,1.0156,54959.918,238449.3048,84
3283,3283.0,static,36.4296,1.0563,54141.3349,234599.7598,82
3284,3284.0,static,35.9487,1.0969,55923.6616,263923.8793,80
3285,3285.0,static,36.4497,0.9344,54790.0361,204124.2888,74
3286,3286.0,static,36.0972,0.9344,55867.1371,202965.1432,74
3287,3287.0,static,35.4868,0.9344,60274.3159,208477.8214,75
3288,3288.0,static,34.8006,1.0563,62369.5675,198673.5706,75
3289,3289.0,static,34.3753,1.0563,61972.9287,214281.3006,77
3290,3290.0,static,36.4203,0.9344,56009.5781,258122.1956,70
3291,3291.0,static,36.757,0.6906,55759.1772,222014.4808,69
3292,3292.0,static,36.115,0.6906,54985.9094,287404.9874,74
3293,3293.0,static,36.3544,0.6094,52985.6067,308054.4425,77
3294,3294.0,static,37.1087,0.6094,49793.2368,323695.3607,78
3295,3295.0,static,37.5042,0.5281,48801.884,339566.44,81
3296,3296.0,static,38.8854,0.5688,46434.5481,338464.9241,79
3297,3297.0,static,40.3537,0.5281,43707.9618,382402.6369,79
3298,3298.0,static,40.4722,0.5688,43154.0032,312095.3598,80
3299,3299.0,static,40.8716,0.5281,42405.461,305746.363,79
3300,3300.0,static,40.6635,0.5688,42366.831,313529.1272,81
3301,3301.0,static,41.2687,0.5281,41659.3735,329134.8939,81
3302,3302.0,static,41.1956,0.6094,41794.0026,312705.6655,82
3303,3303.0,static,41.7065,0.5688,41220.2106,307481.4094,84
3304,3304.0,static,41.1086,0.6094,41746.7979,291847.0594,85
3305,3305.0,static,41.293,0.5688,41407.6009,281272.9018,84
3306,3306.0,static,40.6371,0.6094,42380.6528,297571.2705,84
3307,3307.0,static,41.1959,0.5688,41510.0745,245927.8977,83
3308,3308.0,static,40.5668,0.65,42834.0474,319120.5936,85
3309,3309.0,static,41.0682,0.6094,41729.7477,329908.1874,84
3310,3310.0,static,40.9427,0.65,42033.7193,306045.3714,85
3311,3311.0,static,41.576,0.65,41230.8361,280631.4318,85
3312,3312.0,static,41.8338,0.65,40948.3364,290317.068,86
3313,3313.0,static,41.8158,0.6906,41265.7284,309913.9025,87
3314,3314.0,static,41.4254,0.6906,42034.8363,295374.3971,87
3315,3315.0,static,41.73,0.65,41511.3737,273442.3295,86
3316,3316.0,static,41.595,0.6906,41536.9466,304330.1113,88
3317,3317.0,static,41.6442,0.65,41373.2576,311011.2546,87
3318,3318.0,static,41.4649,0.65,42248.0106,264603.1974,87
3319,3319.0,static,41.0059,0.65,44591.7099,190668.768,84
3320,3320.0,static,40.161,0.7313,48181.158,297379.9506,85
3321,3321.0,static,39.9833,0.6906,58114.8619,212734.4046,86
3322,3322.0,static,40.0907,0.7313,173085.1052,224442.492,84
3323,3323.0,static,39.8056,0.8125,759673.2218,237432.0982,84
3324,3324.0,static,38.5228,0.9344,1588821.6753,221775.7271,86
3325,3325.0,static,37.764,0.9344,3062559.4773,227421.314,86
3326,3326.0,static,37.4786,0.975,7456406.6684,264570.3149,88
3327,3327.0,static,37.2897,1.0969,7458855.1308,250221.2351,87
3328,3328.0,static,37.1016,1.1781,7461673.9515,251824.8814,87
3329,3329.0,static,36.7803,1.2594,7466073.1903,235759.4282,87
3330,3330.0,static,39.7946,0.6906,46486.0145,206902.6571,69
3331,3331.0,static,40.4095,0.2844,45263.9214,231788.5647,68
3332,3332.0,static,39.6828,0.2031,46704.1734,280231.6464,73
3333,3333.0,static,40.3433,0.1219,43531.7752,198547.5892,66
3334,3334.0,static,39.7094,0.1625,42302.6497,355844.4704,74
3335,3335.0,static,40.1943,0.2031,41585.2509,341055.9191,76
3336,3336.0,static,40.9469,0.2031,40798.6543,354635.6885,77
3337,3337.0,static,41.6884,0.1625,40025.6171,413097.7419,78
3338,3338.0,static,41.6522,0.2031,40422.2155,345053.2118,80
3339,3339.0,static,41.4723,0.2031,40734.3782,300674.6253,80
3340,3340.0,static,40.9731,0.325,41698.0201,309312.3861,85
3341,3341.0,static,40.8462,0.2438,42036.898,336561.3956,86
3342,3342.0,static,40.5822,0.2844,42826.7606,308184.8509,86
3343,3343.0,static,41.0177,0.2844,42530.7331,312607.4467,84
3344,3344.0,static,41.6966,0.4062,41537.8841,346262.1004,84
3345,3345.0,static,41.8077,0.4062,41448.6517,308096.5627,86
3346,3346.0,static,41.3333,0.4875,41907.2864,280651.2295,88
3347,3347.0,static,42.101,0.4469,40899.1847,324868.5691,85
3348,3348.0,static,40.9429,0.4469,41608.6112,301822.4996,86
3349,3349.0,static,41.3502,0.4062,41812.0758,241757.7435,83
3350,3350.0,static,41.0766,0.4875,42140.2426,313945.6309,86
3351,3351.0,static,41.4999,0.4469,41564.2885,307795.0446,85
3352,3352.0,static,41.2612,0.5281,42078.7085,256960.7699,84
3353,3353.0,static,41.7921,0.4875,41517.9021,308003.7859,83
3354,3354.0,static,40.7522,0.5281,43049.2884,269060.2382,85
3355,3355.0,static,41.0377,0.4875,42501.2775,269677.2032,87
3356,3356.0,static,41.2226,0.5281,42557.46,316552.2033,87
3357,3357.0,static,41.3509,0.4875,42577.8258,268024.098,87
3358,3358.0,static,40.7768,0.5688,43829.1679,287830.4048,89
3359,3359.0,static,40.6442,0.5281,44856.7036,282499.8305,88
3360,3360.0,static,40.2655,0.5281,45688.5169,272158.6073,87
3361,3361.0,static,40.1459,0.6094,46816.5051,278376.626,85
3362,3362.0,static,39.4642,0.6094,48634.4642,290752.6991,88
3363,3363.0,static,39.4839,0.6094,49138.3472,303017.8362,86
3364,3364.0,static,39.3184,0.7313,51405.5703,286282.8465,88
3365,3365.0,static,39.6235,0.6906,50691.1421,252953.4353,86
3366,3366.0,static,39.0377,0.7719,50424.7099,304543.6264,88
3367,3367.0,static,38.8532,0.7313,51269.2213,271379.4743,87
3368,3368.0,static,37.8794,0.8531,52874.3133,293193.3342,90
3369,3369.0,static,37.9728,0.8938,53360.2198,304025.3294,89
3370,3370.0,static,37.6488,0.975,54161.8554,267603.231,85
3371,3371.0,static,37.5081,0.9344,55127.0079,247421.1136,84
3372,3372.0,static,37.4418,1.0156,60928.5415,235523.9147,84
3373,3373.0,static,37.3178,1.0563,59845.7449,227825.0425,83
3374,3374.0,static,36.4287,1.0969,60764.6465,253065.9313,83
3375,3375.0,static,37.5779,0.8938,58114.9922,269515.8304,80
3376,3376.0,static,36.6881,0.8531,59426.602,250457.7886,82
3377,3377.0,static,36.6889,0.8531,64735.7405,244649.6899,82
3378,3378.0,static,36.7563,0.8938,65131.438,281638.3392,82
3379,3379.0,static,36.5845,0.975,62779.4044,225139.0183,82
3380,3380.0,static,38.6768,0.6906,51943.7635,243872.8414,73
3381,3381.0,static,39.5021,0.4875,48492.7094,252614.2009,72
3382,3382.0,static,38.036,0.4062,48619.4079,268211.7312,78
3383,3383.0,static,38.3372,0.325,48181.9474,287726.7238,77
3384,3384.0,static,37.754,0.4062,66211.1294,294196.9089,81
3385,3385.0,static,37.9834,0.3656,170350.7817,333097.9646,81
3386,3386.0,static,38.4967,0.4469,181145.1819,341624.5136,81
3387,3387.0,static,39.062,0.4469,2148763.4352,369354.6826,81
3388,3388.0,static,39.7356,0.4469,7446180.0963,355712.3718,81
3389,3389.0,static,40.0049,0.4875,7445694.0102,327524.6195,82
3390,3390.0,static,40.0857,0.5688,7445645.3072,294359.7181,83
3391,3391.0,static,40.0074,0.5688,7445676.5022,310004.1761,85
3392,3392.0,static,39.8559,0.6094,7445755.0446,351889.5204,87
3393,3393.0,static,39.7717,0.6094,7445878.1605,279585.8502,89
3394,3394.0,static,39.2014,0.65,7446325.2117,297503.0988,88
3395,3395.0,static,39.4475,0.6094,7446170.7875,279465.6141,87
3396,3396.0,static,39.1299,0.65,7446762.6699,278888.3804,89
3397,3397.0,static,39.3134,0.65,7446811.3439,316732.1149,88
3398,3398.0,static,39.1043,0.6906,7447229.1788,245209.1373,88
3399,3399.0,static,39.0665,0.7313,7447655.8829,286877.7979,89
3400,3400.0,static,39.0283,0.7719,7447880.959,279584.439,90
3401,3401.0,static,39.1726,0.7719,7447933.2447,242954.5638,88
3402,3402.0,static,39.1833,0.8125,7448781.2681,285260.648,89
3403,3403.0,static,39.2553,0.8125,7448740.4322,291057.2131,90
3404,3404.0,static,39.189,0.8531,7449003.9639,281473.3162,91
3405,3405.0,static,39.3843,0.8125,7448694.3887,281682.0047,90
3406,3406.0,static,39.0401,0.8531,7449153.1015,275127.2315,89
3407,3407.0,static,38.4213,0.8125,7449940.5576,270772.8081,91
3408,3408.0,static,37.4153,0.8531,7450860.8327,268178.8349,92
3409,3409.0,static,37.0381,0.8125,7453016.2622,303733.4824,92
3410,3410.0,static,37.1711,0.8938,7453960.2907,283525.9528,92
3411,3411.0,static,37.7665,0.9344,7453173.8361,275815.3677,88
3412,3412.0,static,37.0103,1.0563,7455599.4711,252843.1367,87
3413,3413.0,static,36.7885,1.0563,7460015.5647,264112.4856,89
3414,3414.0,static,36.4133,1.1375,7459710.4833,235474.5309,92
3415,3415.0,static,36.7455,1.0969,7456979.0953,244319.7529,91
3416,3416.0,static,36.426,1.2188,7457434.4057,261213.1285,90
3417,3417.0,static,36.0136,1.1781,7456484.2654,214670.5472,90
3418,3418.0,static,35.1304,1.2594,7458955.2493,232055.0138,91
3419,3419.0,static,35.1033,1.3406,7459991.9597,262373.9795,91
3420,3420.0,static,39.9672,0.7313,44849.7375,219485.4217,74
3421,3421.0,static,40.1591,0.4469,44484.7971,195047.8836,72
3422,3422.0,static,39.0009,0.3656,45762.4187,253230.8099,76
3423,3423.0,static,38.8164,0.325,45356.1256,218226.7486,75
3424,3424.0,static,37.5175,0.3656,47125.7225,340039.8244,81
3425,3425.0,static,38.1602,0.4062,46693.1151,370008.5703,84
3426,3426.0,static,39.4361,0.3656,45218.1045,388404.4895,85
3427,3427.0,static,39.9782,0.4062,46101.5326,371906.4377,86
3428,3428.0,static,39.4113,0.4875,48331.7647,387253.5972,88
3429,3429.0,static,40.6438,0.4469,47841.3601,332799.1192,85
3430,3430.0,static,39.8127,0.4875,49666.5053,326428.9584,88
3431,3431.0,static,40.1109,0.5281,49046.3796,334763.7358,88
3432,3432.0,static,40.6673,0.5688,48274.9528,309304.9502,87
3433,3433.0,static,40.7688,0.6094,47837.3116,274635.0166,88
3434,3434.0,static,40.5096,0.65,46831.2607,297218.9668,89
3435,3435.0,static,40.9092,0.65,45593.0166,315573.6632,87
3436,3436.0,static,40.8501,0.6906,45172.2939,272384.2509,89
3437,3437.0,static,40.7696,0.65,45491.5128,294074.7973,88
3438,3438.0,static,40.3673,0.6906,45979.9358,285196.6154,89
3439,3439.0,static,40.349,0.7313,46223.6336,269865.6676,88
3440,3440.0,static,40.3486,0.7719,47214.0053,307927.5247,89
3441,3441.0,static,40.4867,0.7719,46862.1986,286780.8774,89
3442,3442.0,static,39.8907,0.8531,46501.008,289005.0822,88
3443,3443.0,static,40.5069,0.8125,45471.1251,307080.7755,87
3444,3444.0,static,40.0774,0.8531,45609.0927,271876.6399,88
3445,3445.0,static,40.4741,0.8125,45160.5481,305688.755,89
3446,3446.0,static,39.7937,0.8531,46520.384,291073.7884,91
3447,3447.0,static,40.1906,0.8125,45708.6367,302301.0472,91
3448,3448.0,static,40.7155,0.8125,44972.3122,305144.0027,89
3449,3449.0,static,40.5637,0.8531,45848.3729,273393.0845,90
3450,3450.0,static,39.9027,0.8938,46519.1639,229593.3553,91
3451,3451.0,static,40.1732,0.8531,46344.5423,308019.5856,91
3452,3452.0,static,39.1782,0.8938,47541.3928,252107.4085,93
3453,3453.0,static,39.4916,0.8531,48266.8659,242852.0709,91
3454,3454.0,static,39.6284,0.8938,48826.6122,266250.0932,91
3455,3455.0,static,39.3664,0.8938,50319.4069,277306.6626,88
3456,3456.0,static,38.8044,0.975,50921.0158,235212.0641,88
3457,3457.0,static,37.7502,0.9344,52484.5976,231291.2325,85
3458,3458.0,static,37.1901,0.975,54940.5402,266253.5519,87
3459,3459.0,static,36.9459,0.975,56627.2291,254001.5845,85
3460,3460.0,static,36.5391,1.1781,61085.8688,226219.5797,86
3461,3461.0,static,36.7963,1.1375,64112.9908,253438.1209,83
3462,3462.0,static,36.4589,1.1375,64730.771,286904.5306,86
3463,3463.0,static,36.5709,1.2594,67858.9068,315031.656,87
3464,3464.0,static,35.7637,1.3,65847.4691,317242.0875,91
3465,3465.0,static,36.4675,1.1375,63008.4387,241587.8482,86
3466,3466.0,static,35.9253,1.0563,61532.8944,292605.5612,87
3467,3467.0,static,36.0356,0.9344,58662.2488,319460.7962,87
3468,3468.0,static,35.9294,0.8938,57263.6147,262490.4949,86
3469,3469.0,static,35.7945,0.9344,61129.6369,231140.4206,83
3470,3470.0,static,37.2258,0.6906,153649.5517,258410.2831,78
3471,3471.0,static,37.8604,0.5281,226189.6283,280946.01,76
3472,3472.0,static,37.3439,0.4469,1929729.7785,253516.3267,79
3473,3473.0,static,37.9357,0.3656,7450435.382,259409.5122,79
3474,3474.0,static,38.0497,0.4062,7449375.6123,322129.1643,81
3475,3475.0,static,38.1043,0.4062,7449189.8076,300031.2263,84
3476,3476.0,static,39.606,0.4469,7446480.919,397746.943,81
3477,3477.0,static,40.2794,0.4469,7445618.4897,356994.0173,82
3478,3478.0,static,41.0813,0.5281,7444588.8163,358680.8456,83
3479,3479.0,static,41.2079,0.4875,7444157.2325,309730.34,82
3480,3480.0,static,40.2797,0.5281,7445382.6198,311516.0237,87
3481,3481.0,static,40.5438,0.4875,7444484.6153,377401.4704,86
3482,3482.0,static,39.5312,0.6094,7445425.3571,275612.8711,90
3483,3483.0,static,39.5315,0.5688,7445368.9027,316407.0736,90
3484,3484.0,static,39.3298,0.6906,7445771.925,347021.3828,92
3485,3485.0,static,39.6452,0.65,7445310.1176,310095.4948,91
3486,3486.0,static,39.6191,0.7313,7445522.1916,303294.5348,92
3487,3487.0,static,39.5676,0.6906,7445598.9123,229927.6484,91
3488,3488.0,static,39.046,0.7719,7446801.171,346717.1467,93
3489,3489.0,static,39.3792,0.7313,7446100.4245,286655.6282,91
3490,3490.0,static,39.3467,0.8125,7446218.9888,309013.3482,91
3491,3491.0,static,39.0074,0.7719,7446587.5559,252347.4359,91
3492,3492.0,static,39.4763,0.8125,7446056.8416,276605.5622,88
3493,3493.0,static,39.3427,0.8125,7446286.4105,265702.2827,91
3494,3494.0,static,38.9382,0.8531,7447183.1638,309719.6222,91
3495,3495.0,static,39.0842,0.8125,7447258.4842,298721.9189,91
3496,3496.0,static,38.4286,0.8938,7447747.3315,304294.1773,89
3497,3497.0,static,38.4574,0.8938,7447943.365,268056.961,90
3498,3498.0,static,38.9481,0.975,7447836.9303,306624.4244,87
3499,3499.0,static,38.9369,0.9344,7448494.3782,258033.3787,88
3500,3500.0,static,38.4892,1.0156,7450725.9023,252254.4267,89
3501,3501.0,static,38.234,0.975,7454523.7753,225256.5948,89
3502,3502.0,static,36.8095,1.0563,7477831.549,244768.8813,91
3503,3503.0,static,36.5868,1.0969,7834686.4158,227313.5421,89
3504,3504.0,static,36.6947,1.2188,7461466.7407,277086.4805,92
3505,3505.0,static,36.1362,1.3,7463750.2188,248318.1263,91
3506,3506.0,static,36.1823,1.3812,7460706.8299,238568.1253,91
3507,3507.0,static,36.1968,1.4625,7463255.9051,239613.0626,90
3508,3508.0,static,35.3915,1.5031,7465756.0743,239219.3646,93
3509,3509.0,static,35.1271,1.5844,7468282.5888,241327.0483,94
3510,3510.0,static,39.4882,0.8938,53194.9743,179992.3747,73
3511,3511.0,static,39.6338,0.4469,50988.1326,243581.0225,73
3512,3512.0,static,37.9918,0.2438,49770.7395,290890.2966,78
3513,3513.0,static,38.955,0.1219,45585.0467,287866.9673,73
3514,3514.0,static,38.7854,0.2438,45443.9474,351758.4555,80
3515,3515.0,static,38.7922,0.2438,44745.138,368101.5122,83
3516,3516.0,static,40.0178,0.3656,43012.2411,409355.7091,81
3517,3517.0,static,39.9875,0.325,42944.3778,430152.1678,87
3518,3518.0,static,39.6377,0.325,43367.8989,366526.8747,93
3519,3519.0,static,40.1763,0.2438,42842.3836,359385.3014,91
3520,3520.0,static,40.0263,0.4062,43435.7397,384376.2956,92
3521,3521.0,static,40.5973,0.325,42508.5882,375328.698,92
3522,3522.0,static,40.501,0.3656,42701.3334,343022.5999,95
3523,3523.0,static,41.1163,0.3656,41658.9354,343756.5423,95
3524,3524.0,static,41.3857,0.4469,41444.1232,347027.6163,95
3525,3525.0,static,41.7584,0.4062,41038.84,336102.94,94
3526,3526.0,static,41.2953,0.4062,41884.7248,310577.7211,96
3527,3527.0,static,41.6622,0.4062,41721.2594,373621.3645,96
3528,3528.0,static,41.9786,0.4875,41582.1,324731.5694,94
3529,3529.0,static,42.1193,0.5281,42228.6988,315064.4332,96
3530,3530.0,static,42.1286,0.5688,43321.4002,291631.2913,97
3531,3531.0,static,42.3053,0.6094,43425.2916,326990.196,97
3532,3532.0,static,41.6255,0.65,44834.3205,315861.9893,99
3533,3533.0,static,41.5858,0.6094,44529.7488,317189.392,99
3534,3534.0,static,41.2271,0.7313,44886.751,311567.6224,99
3535,3535.0,static,41.8565,0.6906,43835.6226,337398.4597,96
3536,3536.0,static,41.0422,0.7313,44720.0385,308651.362,99
3537,3537.0,static,41.0736,0.6906,44557.3036,303373.6903,99
3538,3538.0,static,40.8009,0.7313,44664.8897,350276.8134,100
3539,3539.0,static,40.4636,0.6906,45917.1262,292525.8315,98
3540,3540.0,static,39.3761,0.7313,46490.4578,320714.6528,101
3541,3541.0,static,39.4151,0.7313,46199.1937,298739.1966,100
3542,3542.0,static,39.6548,0.7719,46313.2704,309804.21,98
3543,3543.0,static,39.8655,0.7313,46406.81,317910.0959,97
3544,3544.0,static,39.6171,0.7719,48503.544,291764.1023,97
3545,3545.0,static,39.3298,0.8125,48426.3342,255367.0445,97
3546,3546.0,static,39.1073,0.8531,48494.1002,312149.2107,100
3547,3547.0,static,39.2267,0.8531,48314.0163,347974.5872,99
3548,3548.0,static,38.6438,0.9344,50257.4627,292864.8204,101
3549,3549.0,static,37.7453,0.8938,53623.9031,233845.7919,98
3550,3550.0,static,37.7376,0.9344,54496.9749,270067.2328,95
3551,3551.0,static,37.1231,1.0156,57012.5424,238378.9147,94
3552,3552.0,static,35.1355,1.0969,59093.9972,256904.6617,96
3553,3553.0,static,35.8909,1.0969,60058.2576,270228.6157,95
3554,3554.0,static,35.9729,1.1375,61262.504,346343.268,97
3555,3555.0,static,35.9239,0.975,59254.6844,306335.4073,96
3556,3556.0,static,35.74,0.8125,58138.704,312103.6041,95
3557,3557.0,static,36.4624,0.6906,55839.1458,377493.9323,94
3558,3558.0,static,36.5449,0.65,58266.2755,289892.8513,93
3559,3559.0,static,36.2795,0.65,58984.843,289464.236,93
3560,3560.0,static,39.5085,0.4062,47129.9628,346582.7732,87
3561,3561.0,static,39.2322,0.4062,46205.0625,354962.4155,89
3562,3562.0,static,38.284,0.4062,46531.1786,382649.7537,95
3563,3563.0,static,39.3379,0.3656,45831.8698,350513.4668,93
3564,3564.0,static,39.9355,0.4469,43821.1253,356997.3548,96
3565,3565.0,static,39.8699,0.4469,47276.3004,385589.3613,99
3566,3566.0,static,40.7055,0.4875,41833.352,390796.3438,95
3567,3567.0,static,41.1391,0.4875,40623.2428,402229.5474,97
3568,3568.0,static,40.6834,0.5281,41082.4686,410316.1653,100
3569,3569.0,static,40.7736,0.5281,40425.5806,348266.2638,99
3570,3570.0,static,40.9142,0.5688,40150.3029,379989.165,101
3571,3571.0,static,41.3039,0.6094,39611.1555,335027.8703,100
3572,3572.0,static,41.247,0.65,39841.704,343775.5145,101
3573,3573.0,static,41.5266,0.65,39482.7198,311489.6007,101
3574,3574.0,static,40.7001,0.6906,39928.1035,298084.3209,100
3575,3575.0,static,41.1478,0.65,39399.4975,315731.4009,99
3576,3576.0,static,40.8769,0.6906,40004.0916,347037.9596,100
3577,3577.0,static,40.9641,0.6906,39626.2676,357891.8328,100
3578,3578.0,static,41.0478,0.7313,39555.7799,328886.6938,101
3579,3579.0,static,41.1315,0.6906,39542.4207,314845.7037,101
3580,3580.0,static,41.2102,0.7719,39658.0246,350233.7974,103
3581,3581.0,static,41.5661,0.7313,39203.6107,331773.3472,101
3582,3582.0,static,41.3769,0.7719,39639.6579,287878.692,101
3583,3583.0,static,41.6275,0.7313,39319.8108,346967.5559,102
3584,3584.0,static,40.8915,0.7719,40232.6601,292828.6668,103
3585,3585.0,static,41.3265,0.7313,39725.2764,318823.2064,101
3586,3586.0,static,40.5535,0.7719,41229.2131,322253.69,101
3587,3587.0,static,40.4408,0.7313,41636.1459,296814.4627,102
3588,3588.0,static,39.7388,0.7719,43162.1243,291429.1683,104
3589,3589.0,static,39.1827,0.8125,47701.0312,279285.3293,98
3590,3590.0,static,38.9471,0.8938,50187.5429,310356.8104,99
3591,3591.0,static,38.1086,0.8938,56078.546,246904.0392,96
3592,3592.0,static,37.5986,0.8938,64037.2481,249887.3487,95
3593,3593.0,static,37.2243,0.8938,68108.8387,266343.263,95
3594,3594.0,static,36.4327,1.1375,67332.6417,256695.7416,94
3595,3595.0,static,36.3916,1.3406,67431.1922,232348.7814,92
3596,3596.0,static,36.3917,1.4219,64889.9636,264254.4431,91
3597,3597.0,static,36.7885,1.4625,62409.5831,267371.14,90
3598,3598.0,static,36.2946,1.4625,64186.5604,243888.2251,91
3599,3599.0,static,35.5614,1.5031,66966.8258,236913.7919,91
