step,sim_time,algorithm,avg_speed_kmh,avg_queue,avg_latency_ms,co2_total,active_vehicles
0,0.0,astar,52.7038,0.0338,29001.1687,1642.68,1
1,1.0,astar,52.7785,0.0,28793.688,3006.7683,1
2,2.0,astar,52.1193,0.0338,29737.5,5211.8824,2
3,3.0,astar,52.3281,0.0,29282.0585,8780.4048,2
4,4.0,astar,51.7624,0.0338,30092.9104,10486.3958,3
5,5.0,astar,52.0408,0.0,29524.3398,13218.063,3
6,6.0,astar,51.4386,0.0338,29427.1436,17049.8232,4
7,7.0,astar,51.9341,0.0,28870.9487,26873.6356,4
8,8.0,astar,51.7134,0.0338,28977.7395,25103.356,5
9,9.0,astar,52.1058,0.0,28629.866,27792.2481,5
10,10.0,astar,51.7001,0.0338,29507.4461,30006.9822,6
11,11.0,astar,52.0508,0.0,29033.9657,26166.675,6
12,12.0,astar,51.5159,0.0338,29622.5993,32208.1346,7
13,13.0,astar,52.0166,0.0,29068.9631,38802.7788,7
14,14.0,astar,51.5828,0.0338,29849.6446,32893.3951,8
15,15.0,astar,51.8784,0.0,29422.9549,32123.6952,8
16,16.0,astar,51.6823,0.0338,29626.9237,30252.6854,9
17,17.0,astar,52.0308,0.0,29088.0088,34263.3886,9
18,18.0,astar,51.5509,0.0338,29894.5351,32448.9206,10
19,19.0,astar,51.8736,0.0,29455.6137,34339.4124,10
20,20.0,astar,52.3589,0.0,28920.1746,49874.4295,10
21,21.0,astar,52.2408,0.0338,29499.9273,33446.0653,11
22,22.0,astar,51.8454,0.0338,30062.4515,46692.275,12
23,23.0,astar,52.1477,0.0,29478.6153,27488.6815,11
24,24.0,astar,51.4497,0.0338,29396.6914,41663.8658,13
25,25.0,astar,51.8084,0.0,29023.3112,41837.5918,13
26,26.0,astar,51.1787,0.0338,29684.5502,43980.1861,14
27,27.0,astar,51.4614,0.0,29265.9707,39314.211,14
28,28.0,astar,51.137,0.0338,30040.072,55197.3097,15
29,29.0,astar,51.5959,0.0,29415.3501,50612.3219,15
30,30.0,astar,51.4198,0.0338,29607.8098,38637.8715,16
31,31.0,astar,51.8514,0.0,29177.7124,55919.9463,16
32,32.0,astar,51.7027,0.0338,29282.6204,56078.6533,17
33,33.0,astar,51.9314,0.0,28951.2434,49682.3127,17
34,34.0,astar,51.6491,0.0338,29167.5597,56677.0077,18
35,35.0,astar,52.0841,0.0,28799.6291,68968.9349,18
36,36.0,astar,51.7666,0.0338,29243.5719,52705.8798,19
37,37.0,astar,51.8657,0.0,29071.3161,55537.796,19
38,38.0,astar,50.8344,0.0338,29574.1388,52191.2911,20
39,39.0,astar,50.9869,0.0,29558.2295,64779.6627,20
40,40.0,astar,50.3882,0.0338,30181.983,59809.4431,21
41,41.0,astar,50.5803,0.0,29763.5196,62462.8251,21
42,42.0,astar,49.8614,0.0338,30466.9035,53998.1989,22
43,43.0,astar,49.6573,0.0,30647.9743,65024.8954,22
44,44.0,astar,48.9617,0.0675,31110.4141,61946.7071,23
45,45.0,astar,49.3515,0.0675,30837.4648,89190.1358,23
46,46.0,astar,49.6557,0.1013,30714.9668,87319.8232,23
47,47.0,astar,49.1909,0.135,31357.7504,62582.4311,24
48,48.0,astar,49.1716,0.1688,31782.4293,85715.3885,25
49,49.0,astar,49.2119,0.135,31656.855,77020.9484,25
50,50.0,astar,50.5075,0.1013,30005.0,55023.1321,22
51,51.0,astar,49.7868,0.0675,30733.4128,65148.2112,23
52,52.0,astar,48.8,0.1013,31717.7475,70487.2506,25
53,53.0,astar,49.074,0.0675,31098.7661,82150.116,25
54,54.0,astar,48.2373,0.1013,32331.4927,101515.9839,28
55,55.0,astar,48.8092,0.0675,31355.3712,111863.8845,28
56,56.0,astar,48.6218,0.135,31373.6003,89885.2216,28
57,57.0,astar,49.3225,0.1013,30637.4045,112194.9085,28
58,58.0,astar,49.7164,0.1013,30232.6488,97299.8071,28
59,59.0,astar,49.65,0.135,30380.6768,67448.6673,28
60,60.0,astar,48.6146,0.135,30761.5906,70689.5574,29
61,61.0,astar,48.928,0.1013,30477.2675,78004.7157,29
62,62.0,astar,48.5548,0.135,30761.5706,74242.9579,29
63,63.0,astar,48.7888,0.1013,30563.9078,81152.113,29
64,64.0,astar,48.5505,0.135,30934.8287,85561.7609,31
65,65.0,astar,49.0422,0.1013,30564.0411,108558.217,31
66,66.0,astar,49.2027,0.135,30680.007,89439.9044,31
67,67.0,astar,49.2034,0.1013,30637.9862,93322.3057,32
68,68.0,astar,48.8009,0.135,30908.4729,99817.4685,33
69,69.0,astar,48.8883,0.1013,30812.156,85262.2179,33
70,70.0,astar,48.3604,0.135,31331.5759,104812.9751,33
71,71.0,astar,48.2673,0.1013,31251.9954,89960.9066,33
72,72.0,astar,46.9141,0.135,6252151.6816,94021.9315,34
73,73.0,astar,47.1125,0.1013,36290.1135,101499.3026,36
74,74.0,astar,47.5523,0.1688,33109.241,93356.3231,36
75,75.0,astar,47.2445,0.1688,32918.1976,102445.8601,36
76,76.0,astar,46.4428,0.2025,32509.935,122580.0473,37
77,77.0,astar,46.9308,0.1688,31861.1083,114579.1566,37
78,78.0,astar,46.6849,0.2025,32215.3591,119495.4936,38
79,79.0,astar,47.1132,0.1688,31812.3622,107834.9196,38
80,80.0,astar,46.9983,0.2362,32003.6986,134313.5204,40
81,81.0,astar,47.3262,0.2025,31685.0439,106326.3609,40
82,82.0,astar,46.8523,0.2362,32483.2356,95736.5949,41
83,83.0,astar,46.8949,0.2025,32614.1053,112083.7984,41
84,84.0,astar,47.0323,0.3038,32687.6504,132081.6872,42
85,85.0,astar,46.9332,0.27,32696.1797,94778.7867,42
86,86.0,astar,46.5212,0.3038,33265.0268,108272.0596,43
87,87.0,astar,46.2517,0.3038,34257.3517,94554.2632,42
88,88.0,astar,44.8758,0.3375,40227.7473,89066.965,43
89,89.0,astar,44.5502,0.3038,56454.4908,85816.8021,43
90,90.0,astar,49.2034,0.1013,31505.8825,108153.5828,34
91,91.0,astar,49.348,0.0338,31524.3805,76943.1629,32
92,92.0,astar,48.6056,0.1013,32801.3607,109498.685,37
93,93.0,astar,48.4758,0.0675,33130.8567,106213.8427,39
94,94.0,astar,47.7525,0.1013,33537.0232,111942.0916,41
95,95.0,astar,46.3832,0.1013,36244.6258,159476.7502,45
96,96.0,astar,46.868,0.1013,34338.0018,159558.4565,45
97,97.0,astar,48.1013,0.0675,32764.358,168955.6708,44
98,98.0,astar,48.1081,0.0675,32562.1332,141792.6415,45
99,99.0,astar,47.5728,0.135,32779.9814,179829.6114,48
100,100.0,astar,47.0759,0.1688,33440.6218,139262.8889,49
101,101.0,astar,46.9499,0.1688,33746.6036,140062.1676,49
102,102.0,astar,46.4252,0.2362,34489.9277,139712.9209,49
103,103.0,astar,46.7408,0.2362,34864.3074,136263.646,49
104,104.0,astar,46.667,0.27,35549.2405,134567.9272,48
105,105.0,astar,46.6851,0.27,35866.9366,120224.456,49
106,106.0,astar,46.2748,0.3375,36674.487,125252.6438,49
107,107.0,astar,46.6931,0.3713,36217.3465,143793.1237,49
108,108.0,astar,46.7196,0.3713,36042.0403,135616.9403,49
109,109.0,astar,46.5799,0.405,36346.014,133964.9252,50
110,110.0,astar,45.2661,0.405,38248.7086,106149.8443,52
111,111.0,astar,45.3983,0.3713,38583.68,142537.9201,52
112,112.0,astar,44.989,0.405,40006.5503,146027.6707,52
113,113.0,astar,45.0708,0.405,39582.159,150180.0415,52
114,114.0,astar,44.2929,0.4725,39949.4842,91580.0594,52
115,115.0,astar,44.6218,0.4388,40020.9493,150983.8644,53
116,116.0,astar,44.4491,0.4725,40313.6067,122379.7614,55
117,117.0,astar,44.9196,0.4725,40451.3256,160814.6329,55
118,118.0,astar,44.9498,0.5063,41091.0085,138703.9238,56
119,119.0,astar,45.0079,0.4725,41993.691,138390.7307,56
120,120.0,astar,44.8767,0.5738,43097.9776,152649.9422,55
121,121.0,astar,44.6702,0.54,45863.8563,118020.3412,55
122,122.0,astar,44.1102,0.54,51114.2987,116236.9517,56
123,123.0,astar,44.2074,0.5738,79457.4118,154843.3793,55
124,124.0,astar,43.7157,0.5738,346649.0861,142453.1136,56
125,125.0,astar,43.8257,0.5738,7467837.2316,150152.5914,55
126,126.0,astar,44.1704,0.5738,8499483.5156,167789.2212,55
127,127.0,astar,44.5286,0.6075,45216.7617,138027.5572,57
128,128.0,astar,43.7686,0.6413,43767.2887,152255.3415,58
129,129.0,astar,44.0384,0.6075,42494.5487,158568.1242,58
130,130.0,astar,43.8134,0.6413,42273.7386,142552.57,58
131,131.0,astar,44.2891,0.6075,42138.433,152160.3151,57
132,132.0,astar,42.6195,0.675,44264.0898,116353.5933,59
133,133.0,astar,43.0031,0.6413,43173.8924,155388.6102,58
134,134.0,astar,41.9957,0.7088,44043.2103,145769.1531,60
135,135.0,astar,43.2977,0.54,41147.3232,152521.1682,55
136,136.0,astar,43.6111,0.5738,42157.2202,178053.0778,56
137,137.0,astar,43.0584,0.5063,41610.3783,148159.5588,58
138,138.0,astar,43.0731,0.54,41444.8824,150523.044,58
139,139.0,astar,42.7624,0.5063,41837.2999,187361.2869,59
140,140.0,astar,46.5486,0.3038,35158.7745,149151.0861,52
141,141.0,astar,46.5049,0.135,34804.663,172308.78,52
142,142.0,astar,45.4612,0.135,35401.0525,169070.1463,56
143,143.0,astar,46.3946,0.0675,33665.421,199434.3547,55
144,144.0,astar,46.0258,0.1688,33522.9154,148725.0911,57
145,145.0,astar,45.783,0.1688,33782.8621,190410.9568,60
146,146.0,astar,46.6539,0.1688,32776.1168,199180.5776,59
147,147.0,astar,47.3321,0.2362,32582.5634,217214.5749,58
148,148.0,astar,47.2804,0.2025,33443.091,192034.4741,60
149,149.0,astar,47.6173,0.2025,38637.7203,195935.1823,60
150,150.0,astar,46.4549,0.2362,356938.1102,176694.2012,64
151,151.0,astar,46.5506,0.2362,3660114.6349,168305.7246,64
152,152.0,astar,46.6592,0.2362,6252163.9913,200728.6475,65
153,153.0,astar,47.0764,0.2025,6251696.7455,211438.6492,64
154,154.0,astar,46.3923,0.2362,6252473.3686,188544.9976,63
155,155.0,astar,46.7619,0.2025,6252271.0585,216536.536,63
156,156.0,astar,45.9755,0.2362,6253515.9738,156301.7272,65
157,157.0,astar,46.4315,0.2025,6252938.2812,181996.8105,64
158,158.0,astar,46.5878,0.2362,6252805.4581,194006.9388,65
159,159.0,astar,47.0153,0.2362,6252313.2809,168590.6229,65
160,160.0,astar,46.7095,0.27,6252612.627,171241.1286,67
161,161.0,astar,46.8313,0.2362,6252272.9942,164099.7943,66
162,162.0,astar,47.2143,0.27,6251990.2711,179149.8268,64
163,163.0,astar,46.7718,0.2362,6252243.9727,136869.4702,65
164,164.0,astar,46.7098,0.27,6252197.4544,186280.9086,66
165,165.0,astar,46.6999,0.2362,43910.2327,163045.969,65
166,166.0,astar,46.1737,0.27,36520.6772,168294.5048,67
167,167.0,astar,46.2173,0.2362,35015.5138,183274.4022,68
168,168.0,astar,45.7419,0.3038,34508.0338,172284.6358,67
169,169.0,astar,45.7684,0.3038,33935.0223,182513.3071,67
170,170.0,astar,44.9001,0.3375,33903.9483,193612.023,69
171,171.0,astar,44.9562,0.3038,33580.142,204881.8452,70
172,172.0,astar,44.9661,0.3713,33622.4684,173073.5883,71
173,173.0,astar,44.9199,0.4388,33849.5036,161200.9541,70
174,174.0,astar,44.4581,0.4725,34659.3668,152718.1732,71
175,175.0,astar,44.1821,0.4725,35335.1383,168820.8729,70
176,176.0,astar,43.7594,0.5063,36369.7541,142129.8156,69
177,177.0,astar,42.1169,0.5738,38765.3718,143742.2242,70
178,178.0,astar,41.1831,0.675,41636.7481,161339.76,73
179,179.0,astar,40.8007,0.7088,43596.6884,159141.1978,72
180,180.0,astar,45.4515,0.3375,36174.7475,155196.8261,57
181,181.0,astar,45.0459,0.2025,36939.0486,139435.1772,57
182,182.0,astar,42.8508,0.2362,39646.6799,132912.2079,61
183,183.0,astar,42.8941,0.2362,40385.5763,148547.417,64
184,184.0,astar,43.1167,0.3038,39760.007,203840.4605,63
185,185.0,astar,43.0528,0.2362,39629.0366,224730.145,67
186,186.0,astar,42.734,0.3038,38471.2727,256552.7023,72
187,187.0,astar,43.8492,0.27,36373.5256,269683.8178,71
188,188.0,astar,45.18,0.3038,35014.4364,267030.7127,71
189,189.0,astar,46.112,0.3038,34190.108,266433.4622,73
190,190.0,astar,45.8878,0.3375,34481.5017,228219.3523,74
191,191.0,astar,46.5554,0.3038,33657.8249,237094.7229,75
192,192.0,astar,47.2567,0.3038,32964.9585,258733.7959,74
193,193.0,astar,47.8298,0.3038,32647.732,215781.8699,73
194,194.0,astar,47.8466,0.3375,32584.3994,211390.9249,74
195,195.0,astar,47.5766,0.3375,33057.9007,215830.2991,75
196,196.0,astar,47.8576,0.3375,32951.9792,199013.2703,75
197,197.0,astar,47.4815,0.3038,33425.9511,167299.8075,76
198,198.0,astar,46.2824,0.3375,34700.4358,202942.9243,78
199,199.0,astar,47.0432,0.3038,34211.6005,213712.1869,78
200,200.0,astar,47.4437,0.3038,33862.4836,211822.3344,77
201,201.0,astar,46.953,0.3713,34167.8695,196460.4866,80
202,202.0,astar,46.4228,0.405,35060.7054,215472.6419,80
203,203.0,astar,46.8716,0.405,34389.9056,228023.357,79
204,204.0,astar,46.4747,0.4388,34605.5278,200079.9075,80
205,205.0,astar,46.2709,0.405,34874.222,176021.7118,80
206,206.0,astar,46.5129,0.4725,34669.5377,193764.0287,80
207,207.0,astar,46.7998,0.5063,34443.1002,203047.0621,80
208,208.0,astar,46.2995,0.54,34983.8193,180844.2316,81
209,209.0,astar,45.8378,0.5063,35477.1786,184110.5496,81
210,210.0,astar,45.4406,0.54,36157.4904,184034.046,81
211,211.0,astar,44.8443,0.5063,37502.0315,164451.5941,80
212,212.0,astar,44.7811,0.5738,40948.4955,186760.4798,80
213,213.0,astar,44.3254,0.6413,47612.3484,167773.407,81
214,214.0,astar,43.3694,0.7088,122580.4529,181510.9331,81
215,215.0,astar,42.681,0.7088,317805.2558,146062.36,80
216,216.0,astar,42.5922,0.7763,1564000.0562,189210.8067,80
217,217.0,astar,42.314,0.7425,15790349.576,170192.8559,78
218,218.0,astar,41.0938,0.7763,77080.4338,189948.6472,79
219,219.0,astar,40.0131,0.7763,69587.2325,168162.934,80
220,220.0,astar,39.6407,0.9113,224496.9577,204765.2424,81
221,221.0,astar,39.7947,0.9788,186075.4317,199677.0669,79
222,222.0,astar,40.5067,1.0125,1963679.3782,215929.0446,79
223,223.0,astar,39.7503,0.9788,15796330.9819,194043.6805,80
224,224.0,astar,39.8595,1.0463,15797420.1668,237089.9013,80
225,225.0,astar,41.14,0.8775,15793955.3769,207545.3588,74
226,226.0,astar,40.8627,0.81,15796592.4898,189028.0959,75
227,227.0,astar,41.1824,0.7088,15794419.5174,198167.5038,75
228,228.0,astar,40.7355,0.7088,15793468.8851,168930.2796,74
229,229.0,astar,40.918,0.7088,15792232.9601,245036.7136,77
230,230.0,astar,41.3178,0.54,15787883.1412,203694.8703,71
231,231.0,astar,41.9681,0.27,52313.915,195471.5454,68
232,232.0,astar,41.5139,0.2362,42504.0863,216012.2984,71
233,233.0,astar,42.912,0.2025,37303.1482,186716.3047,68
234,234.0,astar,43.5724,0.3038,36685.7803,230939.2204,68
235,235.0,astar,43.8007,0.3038,37126.3671,230795.8739,71
236,236.0,astar,44.3028,0.3375,37288.0992,226784.1096,67
237,237.0,astar,44.097,0.27,43828.5672,249349.7714,75
238,238.0,astar,43.5702,0.3375,252782.922,260135.6042,77
239,239.0,astar,44.4116,0.3375,643140.4889,269920.3774,77
240,240.0,astar,45.3007,0.3713,6253405.1863,275324.5249,79
241,241.0,astar,45.6601,0.3375,6253271.8519,245207.479,79
242,242.0,astar,45.9435,0.405,6253303.7662,260121.1025,79
243,243.0,astar,45.9336,0.405,6253282.4998,211863.2541,80
244,244.0,astar,45.7565,0.4388,6253253.8311,226196.5987,78
245,245.0,astar,45.7536,0.4388,6253272.6509,196428.9156,78
246,246.0,astar,45.1594,0.4725,6253818.4948,185031.2288,78
247,247.0,astar,45.0458,0.4725,6253849.9504,209739.6139,79
248,248.0,astar,45.004,0.5063,6254020.9493,213795.5008,80
249,249.0,astar,45.172,0.4725,6253863.9333,173443.5946,80
250,250.0,astar,44.9541,0.5063,6254155.2754,213097.5934,80
251,251.0,astar,45.3412,0.5063,6253722.9854,211843.7397,79
252,252.0,astar,44.8572,0.54,6254056.0128,195574.0992,80
253,253.0,astar,44.968,0.5063,6253925.5009,204474.047,80
254,254.0,astar,44.903,0.54,6254134.552,200986.8985,81
255,255.0,astar,44.9088,0.5063,43054.7959,190584.9863,80
256,256.0,astar,44.5782,0.6075,40645.9894,180605.5318,79
257,257.0,astar,44.334,0.6075,40234.8517,171568.8404,77
258,258.0,astar,43.4025,0.6413,44871.1964,200418.371,79
259,259.0,astar,44.0626,0.6413,54782.1102,196495.0053,79
260,260.0,astar,43.4539,0.7088,290337.267,190175.4286,80
261,261.0,astar,43.7535,0.7088,1636956.3916,210580.9554,80
262,262.0,astar,43.5908,0.7763,15652366.5489,176232.2902,80
263,263.0,astar,43.5912,0.7425,15653245.5409,204468.1906,80
264,264.0,astar,42.5882,0.7763,15655314.7861,183708.1795,79
265,265.0,astar,42.6943,0.7763,64825.9631,168840.1808,78
266,266.0,astar,41.1934,0.8438,58854.7374,158007.1397,78
267,267.0,astar,40.6797,0.8438,53212.3763,167763.9834,77
268,268.0,astar,39.7467,0.945,52513.7945,149426.2492,78
269,269.0,astar,39.5472,0.9788,51891.3185,176907.6197,77
270,270.0,astar,42.4369,0.5063,43032.7136,136517.7384,59
271,271.0,astar,42.6487,0.2025,42238.0517,186189.9618,61
272,272.0,astar,41.2559,0.135,46091.9341,185651.8132,67
273,273.0,astar,43.711,0.1013,44928.2109,209721.801,60
274,274.0,astar,42.7765,0.1013,39595.4101,248850.337,65
275,275.0,astar,41.8576,0.1688,39531.1515,261895.9471,68
276,276.0,astar,42.3188,0.2025,38402.9631,286386.8537,70
277,277.0,astar,43.3769,0.2362,38930.3628,269728.9561,71
278,278.0,astar,43.2938,0.27,38592.3588,293813.5157,75
279,279.0,astar,44.4233,0.2362,36590.0039,242442.5798,73
280,280.0,astar,44.5618,0.3038,36527.4417,261365.2969,76
281,281.0,astar,44.3991,0.27,36744.1587,221785.8915,80
282,282.0,astar,44.5783,0.3375,36617.1242,230343.6749,80
283,283.0,astar,44.9462,0.3038,36552.7125,234892.4585,79
284,284.0,astar,44.6675,0.3375,36667.3938,196846.3019,79
285,285.0,astar,44.7225,0.3038,35937.6842,239372.7895,79
286,286.0,astar,45.1133,0.3713,35557.6954,233924.1554,80
287,287.0,astar,46.0213,0.3713,34812.9983,226391.9147,78
288,288.0,astar,45.8143,0.405,35280.6202,219388.9003,80
289,289.0,astar,46.3257,0.3713,34644.9385,221027.2859,79
290,290.0,astar,46.4306,0.405,35090.4706,191943.6437,78
291,291.0,astar,46.5534,0.3713,34665.7293,199800.2369,79
292,292.0,astar,46.6822,0.405,34665.0146,219644.8967,78
293,293.0,astar,46.8648,0.3713,34431.8672,177032.1493,77
294,294.0,astar,46.727,0.405,34410.6083,196831.2734,77
295,295.0,astar,46.6671,0.3713,34485.8069,200517.588,77
296,296.0,astar,46.2524,0.405,35240.1987,152641.3943,77
297,297.0,astar,46.1865,0.405,35127.0479,219854.6045,76
298,298.0,astar,46.6913,0.4388,34476.447,228980.4863,77
299,299.0,astar,46.4626,0.4725,34677.517,193038.5309,77
300,300.0,astar,45.887,0.4725,34715.9722,202666.3923,78
301,301.0,astar,45.7664,0.4388,34848.919,166407.8158,78
302,302.0,astar,45.6419,0.4725,35321.7692,183250.1772,77
303,303.0,astar,45.6957,0.4388,35487.0141,206070.2711,78
304,304.0,astar,45.243,0.4725,36227.1969,163221.2131,77
305,305.0,astar,44.8775,0.4725,36634.1485,195879.179,78
306,306.0,astar,44.3713,0.5063,38841.0898,174736.6406,78
307,307.0,astar,45.0793,0.4725,38398.6764,193607.5531,76
308,308.0,astar,44.0351,0.5738,40416.8006,174821.794,78
309,309.0,astar,43.7249,0.54,40362.655,192066.7819,76
310,310.0,astar,42.6989,0.5738,42034.8383,174395.0136,77
311,311.0,astar,43.2744,0.6413,42020.0651,175318.8341,73
312,312.0,astar,43.0229,0.675,46013.8924,175030.1365,76
313,313.0,astar,42.8244,0.7088,51821.209,190717.329,76
314,314.0,astar,42.6788,0.7425,75194.6728,196160.6806,76
315,315.0,astar,42.781,0.5738,41078.9687,146377.0689,71
316,316.0,astar,42.2182,0.5063,42562.0268,156966.8466,71
317,317.0,astar,41.8771,0.4388,43720.7933,204449.7312,72
318,318.0,astar,42.6834,0.54,43622.0562,190525.9629,69
319,319.0,astar,42.6095,0.6075,44807.4657,175982.6695,70
320,320.0,astar,43.5472,0.3713,37651.2849,204351.3128,65
321,321.0,astar,44.879,0.1688,36404.8427,217829.404,62
322,322.0,astar,44.6309,0.1688,37020.9989,212230.9974,63
323,323.0,astar,44.6456,0.135,36633.3917,219183.9446,63
324,324.0,astar,43.7044,0.1688,36744.9906,231647.9091,68
325,325.0,astar,44.4156,0.1688,36066.6322,272399.5996,70
326,326.0,astar,45.7872,0.2362,35398.4306,271458.2191,70
327,327.0,astar,46.6411,0.2025,41302.0434,260107.7137,71
328,328.0,astar,46.2881,0.3038,233324.7986,241286.8615,74
329,329.0,astar,47.0332,0.27,340756.3239,242553.6495,74
330,330.0,astar,47.2036,0.27,6252578.1785,223927.1794,74
331,331.0,astar,47.1436,0.3038,6252690.8139,224904.1602,75
332,332.0,astar,47.7661,0.27,6252235.5774,214024.1201,75
333,333.0,astar,48.1263,0.2362,6251816.6204,221009.0004,74
334,334.0,astar,47.5305,0.27,6252261.1208,220828.9822,76
335,335.0,astar,47.5689,0.2025,6252202.5008,210114.5455,77
336,336.0,astar,47.6122,0.27,6252151.8319,195883.1277,76
337,337.0,astar,47.4085,0.2362,6252336.9467,173439.6118,76
338,338.0,astar,47.4043,0.3038,6252232.7518,195020.5055,76
339,339.0,astar,47.1553,0.27,6252351.028,200322.1754,77
340,340.0,astar,46.2293,0.3038,6253311.2716,191701.9518,78
341,341.0,astar,46.6264,0.3375,6252915.2785,205091.0555,77
342,342.0,astar,46.5904,0.3713,6252775.6325,220041.76,76
343,343.0,astar,46.5226,0.3375,6252755.3338,178014.3112,75
344,344.0,astar,46.2204,0.3713,6253231.023,227192.6023,76
345,345.0,astar,45.9005,0.3713,6253483.8768,166345.3081,77
346,346.0,astar,45.173,0.405,6253948.8521,190357.2751,75
347,347.0,astar,44.7625,0.3713,6254624.1298,208755.9734,75
348,348.0,astar,44.3752,0.405,6255569.5319,181388.8416,76
349,349.0,astar,44.4011,0.3713,6256788.1132,196651.8587,75
350,350.0,astar,43.4008,0.4725,6259648.0386,169213.9876,75
351,351.0,astar,43.2599,0.4725,6261098.6879,165233.5662,74
352,352.0,astar,41.8822,0.54,6266099.8981,149539.1645,75
353,353.0,astar,41.6335,0.6075,6291276.0506,162090.8379,73
354,354.0,astar,40.925,0.675,6392394.7401,150479.5597,73
355,355.0,astar,41.0509,0.7088,6993795.3332,176475.9307,72
356,356.0,astar,40.5844,0.7425,7699015.3882,150348.4255,74
357,357.0,astar,40.1722,0.8438,11752810.0204,168185.8119,75
358,358.0,astar,39.3746,0.8775,25547613.2455,201239.939,75
359,359.0,astar,39.0947,0.8775,28100761.739,178503.0195,75
360,360.0,astar,43.8819,0.405,15654632.3042,152534.0211,56
361,361.0,astar,44.0439,0.135,44298.1486,143992.2134,56
362,362.0,astar,43.2206,0.0338,40188.2714,181579.7488,61
363,363.0,astar,45.1179,0.0338,35113.6212,183353.9439,55
364,364.0,astar,44.8996,0.0675,34305.468,221604.5207,59
365,365.0,astar,45.5742,0.0675,34012.4525,246784.3778,63
366,366.0,astar,46.8447,0.1688,32854.4131,265121.4068,61
367,367.0,astar,47.2308,0.2025,33312.4813,272125.4124,63
368,368.0,astar,46.5432,0.2025,34621.8732,253017.6031,67
369,369.0,astar,47.0339,0.2362,34250.0501,291346.6343,70
370,370.0,astar,46.2385,0.3038,35799.9764,216997.1325,73
371,371.0,astar,46.8474,0.2025,35043.8581,225077.19,71
372,372.0,astar,46.76,0.2362,35202.2412,217116.4404,75
373,373.0,astar,47.3216,0.3038,34708.9028,243038.4035,75
374,374.0,astar,47.2555,0.3713,34740.2853,174438.2204,75
375,375.0,astar,47.2309,0.3375,34651.213,204056.7118,73
376,376.0,astar,46.7218,0.3713,35782.2687,204118.368,75
377,377.0,astar,47.1638,0.3713,36065.4192,224475.4331,74
378,378.0,astar,47.3194,0.405,37765.0682,206890.6444,74
379,379.0,astar,47.3379,0.405,40500.5986,190791.9929,74
380,380.0,astar,47.0362,0.4725,40348.6085,177969.8836,75
381,381.0,astar,46.7265,0.4725,40863.77,238993.1396,76
382,382.0,astar,46.8909,0.4725,41752.5558,207967.1528,76
383,383.0,astar,46.9078,0.5063,46384.0685,172961.268,76
384,384.0,astar,46.0946,0.54,59549.5253,143131.1172,76
385,385.0,astar,46.0854,0.5063,212861.8694,227097.2879,78
386,386.0,astar,46.093,0.5063,474928.9665,181476.052,77
387,387.0,astar,45.657,0.5738,1337526.4309,175596.1178,77
388,388.0,astar,44.4717,0.6075,8599198.1734,173942.6054,79
389,389.0,astar,44.3292,0.6413,15785940.0486,202322.6308,80
390,390.0,astar,43.7285,0.675,15786043.4967,209318.8841,80
391,391.0,astar,43.6563,0.6413,15786311.0458,162068.4919,79
392,392.0,astar,43.912,0.675,15786699.2224,220042.3482,79
393,393.0,astar,43.5061,0.7088,15787260.0109,159839.8554,77
394,394.0,astar,43.679,0.7425,15788357.0542,203069.9389,78
395,395.0,astar,43.5047,0.7088,15788129.1275,183394.9295,79
396,396.0,astar,43.1648,0.7425,15790139.8446,197187.053,79
397,397.0,astar,43.426,0.7763,15789304.756,194645.122,79
398,398.0,astar,43.0718,0.81,15789577.9893,194517.8494,79
399,399.0,astar,43.079,0.7763,15789722.2598,187553.1418,76
400,400.0,astar,42.9477,0.8438,15789926.2869,181531.9138,75
401,401.0,astar,42.4207,0.81,15790964.479,184571.3218,79
402,402.0,astar,42.4424,0.8438,15791365.76,169174.0067,79
403,403.0,astar,42.2157,0.8775,15791957.9448,200489.4418,78
404,404.0,astar,41.3629,0.945,15794795.9225,187261.2651,81
405,405.0,astar,41.7208,0.7763,82163.7156,205964.8735,73
406,406.0,astar,39.9401,0.7425,65743.6473,174181.7959,74
407,407.0,astar,40.2047,0.6413,57730.5449,180585.4752,73
408,408.0,astar,40.7097,0.7088,52008.3215,179963.5302,72
409,409.0,astar,41.0286,0.7425,49873.0463,191720.8326,71
410,410.0,astar,42.8635,0.54,43631.5341,215112.4036,72
411,411.0,astar,43.9406,0.4388,39904.1595,226408.3631,69
412,412.0,astar,43.344,0.405,38307.5501,227076.5357,73
413,413.0,astar,41.9737,0.3713,37922.7121,224830.0507,73
414,414.0,astar,41.9184,0.4388,37550.1088,267894.3614,79
415,415.0,astar,42.7878,0.405,36467.1344,268556.618,80
416,416.0,astar,44.3384,0.405,34712.7106,251041.503,77
417,417.0,astar,44.6864,0.4388,34384.0523,257194.0443,77
418,418.0,astar,44.9708,0.4388,34413.922,249232.8943,80
419,419.0,astar,44.9824,0.4725,34734.9199,262640.0689,80
420,420.0,astar,45.5043,0.5063,34202.7321,227039.3559,81
421,421.0,astar,45.48,0.4725,34154.1847,247604.6678,83
422,422.0,astar,44.8661,0.5063,34369.6036,232974.4588,85
423,423.0,astar,44.614,0.4725,34768.8757,222039.829,85
424,424.0,astar,45.1842,0.54,34715.368,219616.6415,86
425,425.0,astar,45.2463,0.5063,34535.6103,224275.1497,86
426,426.0,astar,45.1392,0.54,34589.7402,222555.8076,86
427,427.0,astar,45.1878,0.5063,34435.5184,187359.7971,84
428,428.0,astar,45.1913,0.54,34500.6006,222362.9823,83
429,429.0,astar,45.7353,0.5063,34372.7015,222777.4452,83
430,430.0,astar,45.1645,0.5738,35104.1984,212541.4434,83
431,431.0,astar,45.2335,0.5738,35207.9237,204553.6043,82
432,432.0,astar,45.0931,0.6413,35912.4697,171026.625,82
433,433.0,astar,45.2823,0.6075,35650.7916,207915.7314,82
434,434.0,astar,44.5139,0.6413,37001.9906,184766.7917,83
435,435.0,astar,44.6194,0.6075,36837.4752,192948.0299,83
436,436.0,astar,44.5,0.675,36968.7967,191576.4433,83
437,437.0,astar,44.5382,0.7088,37067.7644,203721.8501,83
438,438.0,astar,44.6966,0.7088,37202.7772,183840.9607,82
439,439.0,astar,44.5109,0.7425,37414.0942,197624.149,83
440,440.0,astar,44.427,0.7763,37521.04,199909.3757,83
441,441.0,astar,44.2411,0.7763,37761.9573,197101.051,85
442,442.0,astar,43.1453,0.81,39324.9673,198067.9293,84
443,443.0,astar,43.5375,0.7763,39696.4133,158222.9493,79
444,444.0,astar,42.7655,0.81,39928.0445,158201.3304,83
445,445.0,astar,42.8203,0.7763,40772.8619,183134.0924,82
446,446.0,astar,42.0536,0.8775,42363.799,200374.1174,82
447,447.0,astar,41.3152,0.8775,43718.3267,176944.5608,84
448,448.0,astar,41.0262,0.945,45463.4733,192879.1618,85
449,449.0,astar,40.3591,0.9788,46952.4078,184957.5612,85
450,450.0,astar,42.9531,0.6075,39575.0135,162528.8222,70
451,451.0,astar,42.9664,0.3713,40153.7257,175719.3431,70
452,452.0,astar,41.4514,0.3375,42447.2351,212871.829,76
453,453.0,astar,41.9525,0.27,41309.1298,203119.4689,71
454,454.0,astar,40.1192,0.2362,42006.0713,261390.949,78
455,455.0,astar,40.5336,0.2025,42248.2726,265706.8688,83
456,456.0,astar,41.4222,0.3038,41713.1003,286508.3633,82
457,457.0,astar,43.034,0.27,40019.543,328791.9449,81
458,458.0,astar,43.8669,0.3375,38562.1685,270322.372,81
459,459.0,astar,44.3096,0.3038,38311.0202,288353.7642,83
460,460.0,astar,44.1812,0.3713,38541.2841,263716.5612,85
461,461.0,astar,44.7009,0.3375,38147.6838,270295.4366,83
462,462.0,astar,44.3886,0.3713,38350.6586,258024.6379,84
463,463.0,astar,44.9837,0.3713,37876.4539,248889.7782,85
464,464.0,astar,45.4012,0.4725,37818.0342,265874.1954,86
465,465.0,astar,45.6168,0.4388,37472.1037,220214.8331,85
466,466.0,astar,45.8173,0.4725,37533.3817,237920.5192,87
467,467.0,astar,46.4442,0.405,36895.2617,237962.1558,84
468,468.0,astar,46.5829,0.4388,36680.8587,237661.2287,85
469,469.0,astar,46.1351,0.405,37234.05,183898.0874,85
470,470.0,astar,45.9369,0.4388,37243.1338,212470.0654,84
471,471.0,astar,45.9357,0.405,37409.736,229290.6657,84
472,472.0,astar,45.7093,0.405,38228.8731,197725.1462,83
473,473.0,astar,45.3621,0.4725,38786.4346,241348.001,84
474,474.0,astar,45.4578,0.4388,38957.1827,207766.1794,83
475,475.0,astar,45.5084,0.4725,39325.9508,211771.0785,84
476,476.0,astar,45.0329,0.5063,43118.8768,225347.3129,86
477,477.0,astar,45.2072,0.4725,42328.6306,212631.1425,85
478,478.0,astar,45.5597,0.5063,42078.9009,264909.1952,84
479,479.0,astar,45.102,0.5738,42761.5465,217511.6575,85
480,480.0,astar,44.8551,0.5738,42976.9419,241314.1155,87
481,481.0,astar,44.5067,0.5738,43115.5944,190816.7314,86
482,482.0,astar,43.6852,0.6413,45138.7473,212709.5264,86
483,483.0,astar,44.3677,0.5738,43717.3352,209811.1433,85
484,484.0,astar,44.2702,0.5738,43713.6458,222750.8051,86
485,485.0,astar,44.5568,0.5738,43165.0246,229659.7012,83
486,486.0,astar,43.5724,0.6075,43894.4266,206465.6615,83
487,487.0,astar,43.2906,0.6075,44365.1516,210011.5672,83
488,488.0,astar,43.67,0.6413,43829.5954,188801.6215,82
489,489.0,astar,43.9904,0.675,44453.3298,192314.6396,83
490,490.0,astar,43.9926,0.675,44399.1584,222686.5623,81
491,491.0,astar,44.2804,0.7425,45078.6122,212151.0022,81
492,492.0,astar,44.5244,0.675,43321.5253,224491.4714,81
493,493.0,astar,43.7615,0.7425,43357.4129,198239.7733,82
494,494.0,astar,43.627,0.7425,43275.9873,206664.3402,81
495,495.0,astar,44.9424,0.6075,41487.8973,228798.4738,75
496,496.0,astar,44.1077,0.6075,44182.1482,204147.0379,78
497,497.0,astar,43.6284,0.6075,43739.7829,202727.3541,78
498,498.0,astar,43.0798,0.6413,43258.9018,179611.3383,78
499,499.0,astar,43.2466,0.6413,42981.5444,184833.0848,77
500,500.0,astar,44.5404,0.4388,38283.7589,153364.8266,69
501,501.0,astar,44.8739,0.2025,37278.6806,217363.5386,70
502,502.0,astar,44.8001,0.2025,36788.681,218194.9398,70
503,503.0,astar,45.4124,0.1688,35881.9426,186657.9745,66
504,504.0,astar,45.5394,0.1688,35665.8369,225430.9901,71
505,505.0,astar,46.1576,0.2025,35066.8357,249973.5112,73
506,506.0,astar,47.2786,0.2362,33227.2591,268346.3247,70
507,507.0,astar,47.3685,0.27,32959.1234,246075.2134,71
508,508.0,astar,47.8158,0.2362,32407.7771,264669.1382,72
509,509.0,astar,47.6874,0.2362,32602.1521,203749.0874,74
510,510.0,astar,47.8405,0.2362,32335.4322,244458.4536,76
511,511.0,astar,47.9055,0.3038,32233.7419,206969.5103,76
512,512.0,astar,47.0042,0.405,33517.0503,223357.7849,79
513,513.0,astar,47.0853,0.3713,33349.5826,191851.0598,79
514,514.0,astar,47.5959,0.405,32840.7893,226432.5827,76
515,515.0,astar,47.1011,0.4388,33782.2437,187702.3887,77
516,516.0,astar,46.6944,0.4725,33966.4429,201894.4611,78
517,517.0,astar,46.2346,0.4725,34397.8457,193875.9683,79
518,518.0,astar,46.5576,0.4725,34043.8356,214410.7753,80
519,519.0,astar,46.0211,0.4388,34518.7287,179810.7026,82
520,520.0,astar,45.5729,0.5063,34707.2903,211794.0295,83
521,521.0,astar,45.9579,0.5063,34381.6833,226811.0664,82
522,522.0,astar,45.5031,0.54,35371.7802,223629.7042,82
523,523.0,astar,46.4634,0.54,34541.2587,220618.4966,80
524,524.0,astar,46.6004,0.54,34552.7961,214955.597,79
525,525.0,astar,46.547,0.54,34838.1801,199844.3139,79
526,526.0,astar,45.8764,0.5738,35292.4209,178794.911,80
527,527.0,astar,45.9892,0.54,35443.7907,196643.7836,81
528,528.0,astar,45.7329,0.6075,36102.8078,194978.5483,81
529,529.0,astar,45.6447,0.5738,36445.9735,168801.7879,81
530,530.0,astar,45.2501,0.6075,36928.9315,205468.184,77
531,531.0,astar,45.565,0.6075,36833.2215,171112.6483,75
532,532.0,astar,44.6106,0.6413,38029.1702,144210.1013,78
533,533.0,astar,43.7457,0.675,40638.4133,163902.1593,78
534,534.0,astar,43.1278,0.675,42530.9261,195974.3517,81
535,535.0,astar,43.0907,0.7763,44357.859,207982.6223,81
536,536.0,astar,43.0851,0.8438,45801.3713,171549.8034,78
537,537.0,astar,43.075,0.8775,46293.4426,197942.5733,79
538,538.0,astar,41.8114,0.945,46878.6732,175649.8224,81
539,539.0,astar,41.4069,1.0463,47913.1094,198495.0338,81
540,540.0,astar,42.7911,0.6075,41309.4899,172096.9197,68
541,541.0,astar,42.8504,0.3375,40191.9519,164987.2142,67
542,542.0,astar,41.8876,0.2025,40446.5782,181110.2541,69
543,543.0,astar,42.7743,0.1688,38869.9062,211708.3916,68
544,544.0,astar,41.7877,0.1688,39342.6908,230432.692,73
545,545.0,astar,42.9897,0.1688,38142.3685,264600.8415,77
546,546.0,astar,43.4623,0.2362,36914.0439,268069.7225,74
547,547.0,astar,44.3383,0.2362,36166.6284,257354.7158,73
548,548.0,astar,44.4775,0.2362,36248.3027,299837.8975,77
549,549.0,astar,45.0612,0.27,35878.7217,260116.0509,75
550,550.0,astar,45.3713,0.3038,35633.3887,240447.4022,76
551,551.0,astar,45.6418,0.3038,35795.1641,252173.2948,77
552,552.0,astar,44.8975,0.405,37143.2843,246416.9682,78
553,553.0,astar,45.1433,0.3375,37093.382,295453.7408,79
554,554.0,astar,44.6046,0.3713,37901.5813,220777.6419,82
555,555.0,astar,45.0998,0.3375,37230.3877,261516.7628,83
556,556.0,astar,44.8473,0.405,37397.1518,222954.6594,81
557,557.0,astar,45.7779,0.3713,37165.4383,184088.5185,79
558,558.0,astar,45.643,0.405,37430.8547,226812.0062,81
559,559.0,astar,45.5962,0.3713,37829.0409,217529.7272,83
560,560.0,astar,45.5054,0.405,38296.3115,220535.8487,84
561,561.0,astar,45.7995,0.3713,38686.4563,227090.0936,84
562,562.0,astar,45.7414,0.4388,39202.5352,229042.601,84
563,563.0,astar,45.954,0.405,38918.582,210553.1713,82
564,564.0,astar,45.4082,0.4388,39426.5114,193151.3202,82
565,565.0,astar,45.1667,0.405,39685.3015,187634.5603,83
566,566.0,astar,44.2184,0.4725,40888.7908,187775.2772,84
567,567.0,astar,44.5894,0.5063,41017.8114,199883.8831,82
568,568.0,astar,44.4781,0.5738,41887.8178,190060.5278,82
569,569.0,astar,44.368,0.5738,41824.5727,149948.186,80
570,570.0,astar,44.068,0.6075,42237.4051,211297.117,82
571,571.0,astar,44.3109,0.6075,41974.4996,179446.449,80
572,572.0,astar,44.5481,0.6075,41901.38,183212.9351,79
573,573.0,astar,43.7023,0.6075,44440.1462,165495.7335,80
574,574.0,astar,43.4895,0.6075,44709.469,189128.0606,80
575,575.0,astar,42.8508,0.6413,45599.0475,176653.3692,79
576,576.0,astar,42.4158,0.675,47105.089,157622.0683,80
577,577.0,astar,41.6718,0.7088,48101.0344,226419.4196,83
578,578.0,astar,41.0808,0.7088,49438.7708,182565.6038,82
579,579.0,astar,41.29,0.7088,50262.8865,215170.9862,82
580,580.0,astar,41.2982,0.81,50206.2703,224807.2767,85
581,581.0,astar,41.6966,0.81,48534.2328,228674.8594,81
582,582.0,astar,41.9172,0.9788,48447.9967,239601.0065,82
583,583.0,astar,42.0058,0.945,47944.026,186823.5738,81
584,584.0,astar,41.0932,0.9788,48597.8729,219011.7371,83
585,585.0,astar,41.648,0.81,46666.3945,186318.1131,77
586,586.0,astar,41.3625,0.7088,48171.9846,210935.709,78
587,587.0,astar,41.2388,0.5738,54418.2098,197897.1067,80
588,588.0,astar,42.1019,0.5738,70275.2953,228165.861,78
589,589.0,astar,42.5829,0.5738,476386.017,189519.2354,76
590,590.0,astar,44.3814,0.3038,369472.5816,171607.7644,70
591,591.0,astar,44.9107,0.3038,49245.1461,191806.463,69
592,592.0,astar,43.6173,0.27,41194.8469,226373.2577,75
593,593.0,astar,46.2363,0.2362,34512.4635,241723.3308,71
594,594.0,astar,47.2403,0.27,33818.3168,245167.2959,74
595,595.0,astar,46.8553,0.2362,33745.1167,254344.386,77
596,596.0,astar,46.9115,0.27,34046.4766,252431.4683,81
597,597.0,astar,48.1359,0.2362,32333.2567,302123.8683,79
598,598.0,astar,46.6292,0.27,33408.5059,296736.1258,83
599,599.0,astar,47.0446,0.2362,32854.3118,280619.187,85
600,600.0,astar,47.0709,0.27,32713.8858,284725.147,87
601,601.0,astar,47.2733,0.2362,32545.682,261769.5056,87
602,602.0,astar,47.4947,0.2362,32570.8829,244318.551,87
603,603.0,astar,47.5074,0.2362,32595.4426,202421.5243,88
604,604.0,astar,47.1782,0.3375,33003.4049,226782.1681,88
605,605.0,astar,47.9452,0.3375,32250.6377,248883.4918,85
606,606.0,astar,48.2572,0.405,32084.0352,249056.4355,86
607,607.0,astar,47.7382,0.3713,32498.1739,206205.4962,87
608,608.0,astar,47.0528,0.405,32972.8178,226657.7728,88
609,609.0,astar,47.1821,0.405,32833.3956,262157.5686,87
610,610.0,astar,47.5069,0.4388,32707.0711,226665.5461,86
611,611.0,astar,47.6258,0.4725,32643.433,261246.8269,86
612,612.0,astar,46.629,0.5063,33475.2845,219479.3564,89
613,613.0,astar,46.5115,0.4725,33715.8828,232177.3759,89
614,614.0,astar,45.6368,0.5063,35285.4079,227179.6601,90
615,615.0,astar,45.4105,0.4725,35587.7705,218091.63,88
616,616.0,astar,45.118,0.5063,36538.8344,238309.1018,88
617,617.0,astar,45.7559,0.5738,36156.3106,257188.1132,88
618,618.0,astar,46.0381,0.6075,36172.3379,244153.1105,89
619,619.0,astar,46.0671,0.6075,36806.0861,181068.8877,90
620,620.0,astar,45.7582,0.6075,38255.51,219015.3486,91
621,621.0,astar,46.1463,0.5738,39843.1308,205676.5762,88
622,622.0,astar,45.7083,0.6075,49874.0672,232304.5042,89
623,623.0,astar,45.3444,0.6075,86928.3447,190324.5441,88
624,624.0,astar,44.6616,0.675,386182.3909,199745.5366,87
625,625.0,astar,44.2426,0.675,1389488.7475,182302.3429,86
626,626.0,astar,43.9035,0.7425,46157.8067,200830.8333,87
627,627.0,astar,43.4619,0.81,50358.9573,179039.45,89
628,628.0,astar,43.0252,0.8438,56104.3277,231015.9864,90
629,629.0,astar,42.5654,0.945,83721.7681,206638.7628,90
630,630.0,astar,43.8651,0.6413,42441.6281,194518.7548,76
631,631.0,astar,43.5479,0.3713,41085.3105,183591.7743,76
632,632.0,astar,42.1117,0.27,41582.7266,251768.8102,82
633,633.0,astar,43.1127,0.2025,39447.4291,215381.5476,76
634,634.0,astar,42.8144,0.2362,38675.1496,223419.6435,75
635,635.0,astar,42.5993,0.2025,39139.5151,238077.7228,79
636,636.0,astar,43.9737,0.2025,37821.9443,257741.8647,74
637,637.0,astar,43.7347,0.27,38475.706,301142.1276,78
638,638.0,astar,43.7264,0.3038,39127.6731,306775.2613,81
639,639.0,astar,44.4017,0.27,38027.0554,306521.0224,81
640,640.0,astar,44.2063,0.3375,37587.9792,255201.5027,82
641,641.0,astar,45.1246,0.3038,36603.0509,262629.3986,82
642,642.0,astar,45.1669,0.3713,36491.458,244258.8618,84
643,643.0,astar,45.7667,0.3038,35812.8834,244309.6596,84
644,644.0,astar,45.5532,0.3713,35461.7799,277964.0723,85
645,645.0,astar,45.668,0.3713,35294.5687,241447.5236,83
646,646.0,astar,45.5611,0.3713,35565.1351,196154.0779,84
647,647.0,astar,44.972,0.405,36903.2687,213258.5801,86
648,648.0,astar,44.9948,0.4388,37687.9229,250792.5429,87
649,649.0,astar,45.2302,0.4388,39091.6986,225351.1571,86
650,650.0,astar,45.2012,0.5063,40432.955,218420.9462,87
651,651.0,astar,45.2565,0.4725,39857.4383,225861.7219,87
652,652.0,astar,45.0696,0.5063,39206.9576,210268.6732,86
653,653.0,astar,45.2934,0.5063,39241.2921,242565.4507,87
654,654.0,astar,44.8048,0.5063,39820.9812,195595.177,86
655,655.0,astar,45.688,0.54,38474.9299,237146.0395,83
656,656.0,astar,44.645,0.5738,39049.3719,234384.7913,88
657,657.0,astar,44.7595,0.54,38680.4351,221666.4867,88
658,658.0,astar,44.3732,0.6075,39562.2472,214168.0661,89
659,659.0,astar,44.5043,0.5738,39439.3321,227788.7374,88
660,660.0,astar,44.5457,0.6413,39434.7024,224026.3359,91
661,661.0,astar,44.3878,0.6075,39621.7863,206108.1047,91
662,662.0,astar,43.3991,0.6413,39989.1039,212304.83,90
663,663.0,astar,43.795,0.675,42296.9885,208999.8071,91
664,664.0,astar,43.9252,0.7425,41511.2487,250490.5731,90
665,665.0,astar,43.9478,0.7088,41467.5511,219810.3788,91
666,666.0,astar,43.9608,0.7088,41184.1691,212745.4136,89
667,667.0,astar,43.3891,0.7425,15788903.1412,234830.7815,88
668,668.0,astar,43.1263,0.7425,51584.5924,210354.4055,87
669,669.0,astar,43.2227,0.7425,45674.5878,244988.2615,87
670,670.0,astar,42.6944,0.8438,43528.7163,182780.9191,87
671,671.0,astar,42.5899,0.8438,42906.71,202640.2506,86
672,672.0,astar,41.8877,0.8775,42672.8121,187136.5549,86
673,673.0,astar,41.5571,0.9113,43066.1586,186586.998,85
674,674.0,astar,40.4843,0.945,44656.5441,162911.7341,85
675,675.0,astar,40.9793,0.81,42253.4477,172322.7045,76
676,676.0,astar,40.0555,0.7763,44519.7006,153602.3666,80
677,677.0,astar,40.0179,0.7425,44052.4569,226897.099,80
678,678.0,astar,40.0792,0.8438,44584.1954,194620.6737,79
679,679.0,astar,40.392,0.8438,44144.2362,245868.8362,80
680,680.0,astar,42.2149,0.7088,39409.6175,194789.6688,74
681,681.0,astar,42.2002,0.4725,39347.1833,212712.5827,75
682,682.0,astar,43.1782,0.3038,37446.9356,232111.4101,74
683,683.0,astar,43.4976,0.3038,38060.1672,211474.6091,70
684,684.0,astar,43.5312,0.3038,37446.2553,266042.3491,75
685,685.0,astar,42.7803,0.3375,37641.9888,271608.7105,80
686,686.0,astar,43.1845,0.3038,36617.9873,293948.7478,80
687,687.0,astar,43.578,0.3375,36089.9903,280080.499,81
688,688.0,astar,43.1686,0.405,36671.7472,323601.8125,85
689,689.0,astar,43.4687,0.3713,38312.7654,287801.7049,86
690,690.0,astar,43.5372,0.4725,611570.2967,272773.7425,86
691,691.0,astar,44.1728,0.4388,1026614.9831,223957.194,85
692,692.0,astar,44.6459,0.4388,6254095.0756,254906.3266,85
693,693.0,astar,45.1769,0.4725,6253851.9739,263033.0362,85
694,694.0,astar,45.1436,0.4725,6254058.8855,269745.4049,86
695,695.0,astar,44.6913,0.4388,6254374.0518,184264.9187,87
696,696.0,astar,44.7961,0.4725,6254291.3686,233126.5961,86
697,697.0,astar,45.1857,0.4388,6253843.5614,264723.3457,86
698,698.0,astar,45.3606,0.4725,6253732.7688,226227.314,85
699,699.0,astar,45.4689,0.4388,6253649.8786,220055.2296,86
700,700.0,astar,45.6253,0.4725,6253528.659,205568.1233,86
701,701.0,astar,45.8431,0.4388,6253232.3066,201333.898,84
702,702.0,astar,45.2576,0.4725,6254161.0953,258866.6236,84
703,703.0,astar,45.1237,0.4388,6254226.9941,180000.1567,84
704,704.0,astar,44.9093,0.4725,6254514.7592,215180.7382,84
705,705.0,astar,45.0255,0.4388,6254647.4917,188005.4323,83
706,706.0,astar,44.1599,0.5063,6255609.4247,202898.4529,83
707,707.0,astar,44.3667,0.4725,6255753.7527,238402.8566,83
708,708.0,astar,43.9977,0.5063,6255870.1887,204566.1784,83
709,709.0,astar,43.9966,0.5063,6256215.3355,215552.448,83
710,710.0,astar,43.7522,0.54,6257198.6821,201040.0586,82
711,711.0,astar,43.683,0.54,6258370.8289,213330.417,83
712,712.0,astar,43.4703,0.6075,6259611.9768,205333.8883,81
713,713.0,astar,43.4267,0.675,6260891.8747,209878.0901,83
714,714.0,astar,43.0222,0.675,6261352.5938,173699.8094,82
715,715.0,astar,43.2731,0.7425,6261426.1638,216580.0206,82
716,716.0,astar,42.9095,0.7088,6263234.9815,191433.5397,80
717,717.0,astar,42.5025,0.7088,6263472.8377,172191.1016,82
718,718.0,astar,41.4137,0.8438,6265500.1073,192506.3998,82
719,719.0,astar,41.281,0.8438,6265735.5964,175886.4056,82
720,720.0,astar,45.137,0.405,37143.3666,144756.8413,64
721,721.0,astar,45.3521,0.135,36272.1711,158496.508,64
722,722.0,astar,44.8277,0.1013,36615.7247,172032.4058,67
723,723.0,astar,45.9122,0.135,34942.9748,178620.9791,62
724,724.0,astar,44.6079,0.1688,35119.6661,249668.5469,68
725,725.0,astar,44.1173,0.2025,35913.1066,242585.5853,73
726,726.0,astar,44.5156,0.27,36125.1797,301423.0757,76
727,727.0,astar,45.6067,0.2025,34896.2978,269514.7919,73
728,728.0,astar,46.2381,0.3038,34706.3759,281061.0939,75
729,729.0,astar,46.3375,0.27,34450.6335,244547.4564,77
730,730.0,astar,46.6136,0.3038,33903.7433,225061.9756,79
731,731.0,astar,47.3444,0.2362,33241.3217,257222.0231,78
732,732.0,astar,46.2646,0.27,33926.3541,214886.7445,80
733,733.0,astar,46.6073,0.2362,33529.2055,228682.4327,78
734,734.0,astar,46.5757,0.3038,33871.4239,221630.9536,79
735,735.0,astar,47.0202,0.3038,33580.1169,218463.4967,78
736,736.0,astar,46.2465,0.3375,34290.6222,191772.3249,79
737,737.0,astar,46.089,0.3038,34489.8445,219835.372,80
738,738.0,astar,46.211,0.3713,35053.0045,191418.5649,79
739,739.0,astar,46.9256,0.405,34481.2447,208511.3477,78
740,740.0,astar,46.2574,0.4388,36052.5795,203646.5573,81
741,741.0,astar,46.5586,0.4388,35608.9458,244020.1662,80
742,742.0,astar,46.365,0.4725,36238.4282,188704.8308,81
743,743.0,astar,46.2372,0.4388,36136.3666,193043.2114,82
744,744.0,astar,46.293,0.54,36227.1133,207107.3869,82
745,745.0,astar,46.3278,0.5738,36622.1931,205427.3134,81
746,746.0,astar,45.8196,0.5738,39039.3375,206820.6735,82
747,747.0,astar,45.4468,0.54,39576.9244,172143.2458,82
748,748.0,astar,45.174,0.5738,40172.0439,212768.6064,82
749,749.0,astar,45.0131,0.5738,41404.9571,203214.2296,83
750,750.0,astar,44.5764,0.6413,41600.2636,198024.6778,84
751,751.0,astar,44.2621,0.6413,41184.5479,205544.2923,83
752,752.0,astar,44.1737,0.675,40873.4782,199883.897,85
753,753.0,astar,44.2064,0.6413,40484.3872,194291.8969,83
754,754.0,astar,43.3981,0.7088,40760.7559,193830.5151,82
755,755.0,astar,42.9674,0.675,41360.6014,185219.2106,81
756,756.0,astar,42.8095,0.7425,41706.2325,204814.5318,82
757,757.0,astar,42.3653,0.7088,43016.9784,209641.0032,82
758,758.0,astar,42.8391,0.7088,44495.7035,226086.3309,81
759,759.0,astar,42.6867,0.7088,42993.9806,210019.0926,82
760,760.0,astar,42.2926,0.7763,45008.6306,190628.4872,80
761,761.0,astar,42.2625,0.8438,44876.9515,209993.4761,80
762,762.0,astar,42.1146,0.8438,46261.0148,160197.4703,79
763,763.0,astar,40.7237,0.9113,51537.7652,210516.6574,77
764,764.0,astar,41.126,0.9113,51706.9883,188697.3568,77
765,765.0,astar,42.0062,0.8775,48850.604,170818.0905,69
766,766.0,astar,42.4742,0.8775,47396.8311,177941.9907,69
767,767.0,astar,42.3449,0.81,45614.0591,212529.3129,75
768,768.0,astar,41.838,0.81,45232.8941,200229.2578,74
769,769.0,astar,42.2194,0.7425,42866.9488,209021.0214,74
770,770.0,astar,44.6502,0.4388,37567.1707,154797.9511,66
771,771.0,astar,44.5178,0.2025,37045.8961,188811.955,65
772,772.0,astar,44.4622,0.135,36613.4079,238918.1738,68
773,773.0,astar,45.9483,0.1688,34550.9141,221789.1873,65
774,774.0,astar,45.6957,0.27,34608.622,230411.4193,70
775,775.0,astar,45.4442,0.2025,35000.1721,220555.674,72
776,776.0,astar,46.501,0.27,33879.6679,250101.3774,70
777,777.0,astar,46.9828,0.2362,33440.8575,262093.7446,71
778,778.0,astar,47.6608,0.27,32725.2286,237444.6682,72
779,779.0,astar,48.2481,0.2362,32151.3378,254557.3705,72
780,780.0,astar,47.8626,0.3038,32488.2993,205545.1916,74
781,781.0,astar,48.0499,0.27,32373.1923,242697.696,74
782,782.0,astar,47.4064,0.3038,33381.8832,205377.5012,75
783,783.0,astar,47.9526,0.27,32702.5057,252680.767,75
784,784.0,astar,47.2557,0.3713,34021.8667,220648.1461,76
785,785.0,astar,47.3942,0.3713,33940.8655,209786.6768,75
786,786.0,astar,47.4087,0.405,34267.9468,215524.0838,74
787,787.0,astar,47.4989,0.3713,34920.3483,185589.0203,73
788,788.0,astar,47.2652,0.4388,35148.4358,194576.2845,74
789,789.0,astar,47.3402,0.405,35135.8705,166015.3097,74
790,790.0,astar,46.8596,0.4388,35179.8547,209542.5306,74
791,791.0,astar,46.9577,0.4388,35133.357,167703.6531,73
792,792.0,astar,45.7505,0.4725,35846.3818,168310.3754,72
793,793.0,astar,46.1634,0.4725,34144.9413,187377.4231,73
794,794.0,astar,45.8888,0.5063,34720.535,202075.3779,74
795,795.0,astar,46.4964,0.4725,34294.0305,174907.9127,72
796,796.0,astar,46.5839,0.5063,34790.9349,176548.6633,73
797,797.0,astar,46.243,0.5063,35005.0503,165645.123,74
798,798.0,astar,46.1448,0.54,35647.664,178989.3552,73
799,799.0,astar,46.2374,0.5063,35450.6354,206709.7031,74
800,800.0,astar,45.6076,0.5738,36453.6582,176957.0435,75
801,801.0,astar,45.0199,0.54,37667.4548,164198.1889,76
802,802.0,astar,44.145,0.6413,41835.1556,177897.2755,74
803,803.0,astar,43.9841,0.6413,111337.2803,167696.0532,73
804,804.0,astar,43.4741,0.7088,6259676.2356,160095.8627,73
805,805.0,astar,43.5376,0.7088,6260092.5112,161461.7817,73
806,806.0,astar,43.0331,0.81,6261478.7661,129413.1553,72
807,807.0,astar,42.122,0.81,6262525.0059,146835.3863,72
808,808.0,astar,41.4357,0.9113,6265468.4185,165912.0802,74
809,809.0,astar,40.5242,1.0125,6268274.7398,138454.8616,75
810,810.0,astar,43.806,0.4725,43803.4845,122621.5659,60
811,811.0,astar,44.0079,0.2025,44503.0857,163786.3676,61
812,812.0,astar,40.8485,0.2025,44704.1668,184636.8081,67
813,813.0,astar,42.22,0.135,40033.184,190718.2651,61
814,814.0,astar,42.6858,0.135,38434.5252,255023.6118,68
815,815.0,astar,43.7413,0.2362,36980.0368,264755.1315,68
816,816.0,astar,43.8662,0.2362,37387.1652,275102.9213,71
817,817.0,astar,44.1019,0.2362,37395.5594,296314.5604,72
818,818.0,astar,44.7451,0.3038,37532.1384,294509.772,73
819,819.0,astar,45.8938,0.3375,36594.1497,256802.5408,73
820,820.0,astar,45.6408,0.3038,36780.6392,220295.0353,77
821,821.0,astar,46.4438,0.2362,36148.315,253456.426,76
822,822.0,astar,46.805,0.3038,41043.3347,272229.636,78
823,823.0,astar,47.0781,0.27,41823.0379,278713.3529,80
824,824.0,astar,46.2461,0.3375,46638.7348,271423.3224,80
825,825.0,astar,46.816,0.3038,43123.1409,261642.4619,79
826,826.0,astar,46.502,0.3713,41880.1335,221811.4903,78
827,827.0,astar,47.2645,0.3375,38952.9905,236743.9646,77
828,828.0,astar,47.3169,0.3713,37565.6784,224382.6317,78
829,829.0,astar,47.5929,0.3375,37262.6591,192800.7595,77
830,830.0,astar,47.2414,0.3713,36830.0352,229061.5644,79
831,831.0,astar,47.0879,0.3375,37069.7409,197184.4331,80
832,832.0,astar,46.6415,0.3713,37770.0787,177225.1455,81
833,833.0,astar,47.0118,0.3713,37347.5849,213404.9142,81
834,834.0,astar,47.2171,0.405,37182.2317,184460.3432,80
835,835.0,astar,47.2123,0.405,37255.3852,177229.4881,80
836,836.0,astar,47.0114,0.4725,39167.1031,188516.0694,79
837,837.0,astar,47.6871,0.405,37645.6474,204948.8796,79
838,838.0,astar,47.2278,0.4388,37130.9624,233755.4017,81
839,839.0,astar,46.4583,0.405,37382.6077,190641.3983,82
840,840.0,astar,46.2419,0.4388,37293.3622,204870.7589,83
841,841.0,astar,45.8048,0.405,37880.619,189992.2128,83
842,842.0,astar,45.5449,0.4388,38666.9027,198987.1886,83
843,843.0,astar,45.3876,0.4725,38812.0289,201478.6166,82
844,844.0,astar,45.1651,0.5738,39554.4399,194511.6009,82
845,845.0,astar,44.9953,0.5738,39183.7405,213977.5244,83
846,846.0,astar,43.9806,0.6413,40048.007,166026.0379,82
847,847.0,astar,43.8116,0.6413,39695.6,223202.5046,82
848,848.0,astar,43.4947,0.7088,40608.5829,196598.3448,81
849,849.0,astar,43.3812,0.7088,41847.9817,200768.0857,80
850,850.0,astar,41.8909,0.7425,42881.0832,196210.2541,83
851,851.0,astar,42.2887,0.7763,42726.2266,240235.4608,81
852,852.0,astar,41.0289,0.9113,45624.66,207904.1829,84
853,853.0,astar,41.2111,0.8775,46959.0879,200519.0123,81
854,854.0,astar,41.1629,0.9788,46495.8667,217526.7877,80
855,855.0,astar,41.4106,0.81,43793.3083,207330.8767,74
856,856.0,astar,41.8261,0.675,42802.3932,202347.7612,75
857,857.0,astar,41.9956,0.54,42264.3403,197700.7806,77
858,858.0,astar,41.683,0.5738,41963.8842,195758.4836,77
859,859.0,astar,42.4224,0.54,40440.2547,222033.0531,77
860,860.0,astar,44.9641,0.3713,35762.1783,210710.9432,69
861,861.0,astar,46.2336,0.2025,34400.1061,233397.1286,68
862,862.0,astar,46.05,0.2025,34712.502,242364.6296,71
863,863.0,astar,46.5885,0.1688,33732.3705,208969.6566,72
864,864.0,astar,46.1106,0.2025,34497.0599,214886.5583,74
865,865.0,astar,46.8428,0.1688,33893.3996,287701.1522,75
866,866.0,astar,47.1372,0.2025,33353.0803,253239.9965,77
867,867.0,astar,47.6518,0.1688,32575.4889,289664.1658,78
868,868.0,astar,47.9724,0.2362,32727.992,286969.4803,79
869,869.0,astar,48.4698,0.2025,31964.9634,280153.4627,77
870,870.0,astar,47.6707,0.2362,32374.8444,196420.3256,81
871,871.0,astar,47.7413,0.2362,32164.2532,284358.9442,82
872,872.0,astar,46.8882,0.3038,32985.2575,197501.5797,83
873,873.0,astar,47.394,0.27,32466.7839,246219.8755,82
874,874.0,astar,47.2372,0.3375,32533.9436,252875.4885,86
875,875.0,astar,47.1395,0.3038,32785.2415,194226.3578,84
876,876.0,astar,46.8824,0.3375,33288.3212,234819.5615,84
877,877.0,astar,46.5114,0.3038,34273.0787,238621.7312,85
878,878.0,astar,46.5937,0.405,34148.5224,219199.6286,85
879,879.0,astar,46.769,0.3713,33430.8625,230508.3703,83
880,880.0,astar,46.1118,0.405,34233.3372,250030.5426,83
881,881.0,astar,45.8437,0.3713,34303.734,209499.8978,82
882,882.0,astar,45.9775,0.4388,33938.3316,245329.6399,80
883,883.0,astar,46.0791,0.405,33762.6811,193644.085,79
884,884.0,astar,45.9374,0.4388,33941.9222,211279.8532,81
885,885.0,astar,45.9897,0.4388,33835.0608,197893.3362,82
886,886.0,astar,45.8614,0.4725,34007.8892,201603.4038,80
887,887.0,astar,46.1977,0.4725,33628.7783,228650.4526,79
888,888.0,astar,45.7166,0.5063,34796.867,203963.7321,77
889,889.0,astar,45.3799,0.4725,35690.1828,186506.5211,78
890,890.0,astar,45.3194,0.5063,37695.258,198122.5799,79
891,891.0,astar,44.8749,0.5063,50521.5173,199085.8697,81
892,892.0,astar,43.5888,0.54,161411.5491,212304.9586,82
893,893.0,astar,43.4132,0.54,1414863.3263,199608.7056,79
894,894.0,astar,43.061,0.5738,6259557.7967,177480.7662,80
895,895.0,astar,42.7801,0.675,6260892.3522,181137.2829,81
896,896.0,astar,42.4451,0.7425,6262249.5659,177411.4253,81
897,897.0,astar,41.9129,0.7425,6263697.4481,171832.0187,82
898,898.0,astar,40.5284,0.8775,6264507.5227,176847.0077,84
899,899.0,astar,40.0199,0.9113,6265750.7609,193485.7088,85
900,900.0,astar,42.9009,0.405,36899.1272,168937.7571,66
901,901.0,astar,43.0977,0.1013,36657.2968,180897.7333,67
902,902.0,astar,43.1823,0.1013,36468.7041,207609.3396,69
903,903.0,astar,43.4993,0.1013,36464.1055,196963.9751,67
904,904.0,astar,42.9812,0.1013,36556.4797,230601.821,71
905,905.0,astar,42.464,0.2025,38131.3058,246150.9992,76
906,906.0,astar,43.0738,0.3375,37858.1146,302403.1903,81
907,907.0,astar,44.1504,0.405,37558.3491,310252.492,82
908,908.0,astar,44.3828,0.4388,37789.8387,312670.0032,84
909,909.0,astar,45.3133,0.3375,36875.8637,247326.7265,82
910,910.0,astar,45.619,0.3375,36092.5827,256537.1608,83
911,911.0,astar,45.2843,0.3038,36111.6348,260636.1352,86
912,912.0,astar,45.8407,0.3713,35963.3501,270674.381,86
913,913.0,astar,46.0606,0.3375,35632.5251,285036.8085,86
914,914.0,astar,45.5336,0.405,36233.081,225807.1469,89
915,915.0,astar,46.1474,0.3713,35528.6637,269113.8663,87
916,916.0,astar,46.0684,0.405,35559.0794,216962.3203,86
917,917.0,astar,46.1332,0.3713,35438.5707,218849.1976,84
918,918.0,astar,46.0524,0.405,36525.683,239658.2775,84
919,919.0,astar,46.0684,0.3713,36536.8103,228178.3772,85
920,920.0,astar,45.8746,0.3713,36789.0354,202820.2612,85
921,921.0,astar,45.9297,0.4725,37413.6015,244144.0667,85
922,922.0,astar,45.9901,0.4725,37133.0074,246404.0141,86
923,923.0,astar,45.8028,0.4725,37290.9958,190585.7604,84
924,924.0,astar,45.6893,0.5063,38467.7282,244902.1141,85
925,925.0,astar,45.4917,0.4725,39297.3851,191576.9841,86
926,926.0,astar,45.4479,0.5738,38111.2052,202555.4451,86
927,927.0,astar,45.2821,0.5738,38366.4506,189684.3748,86
928,928.0,astar,44.6876,0.6075,39270.6538,194524.4953,86
929,929.0,astar,44.3105,0.5738,39775.7091,198362.2866,87
930,930.0,astar,43.5022,0.6413,41549.2846,182476.6268,87
931,931.0,astar,42.8361,0.6413,42226.1609,188374.4892,88
932,932.0,astar,42.5631,0.7088,42904.2247,191802.6412,87
933,933.0,astar,42.8917,0.675,43317.3998,229398.8686,85
934,934.0,astar,42.7171,0.7088,44092.0551,195369.5996,88
935,935.0,astar,43.1548,0.675,43339.1733,245426.7135,87
936,936.0,astar,42.3608,0.7425,44309.3775,194041.609,87
937,937.0,astar,42.8845,0.7763,43566.5432,229113.4096,83
938,938.0,astar,43.2939,0.81,44273.714,233920.7565,84
939,939.0,astar,43.3303,0.7763,43660.4829,175935.1358,83
940,940.0,astar,42.8042,0.7763,43627.288,190865.6042,84
941,941.0,astar,42.192,0.81,44715.5415,201538.6585,84
942,942.0,astar,42.3711,0.81,44295.7735,191766.2365,80
943,943.0,astar,42.4295,0.81,44122.8925,205830.2354,80
944,944.0,astar,42.1434,0.8775,43862.361,205478.2785,82
945,945.0,astar,42.807,0.7088,42323.8607,199141.0171,79
946,946.0,astar,42.2968,0.7088,41493.0197,217774.6563,79
947,947.0,astar,42.3289,0.6413,41050.4862,219472.7067,77
948,948.0,astar,41.8685,0.6413,40615.9505,206382.4764,75
949,949.0,astar,41.9227,0.6413,40720.4062,180950.0575,77
950,950.0,astar,43.3429,0.5063,38306.6774,162845.4706,71
951,951.0,astar,43.78,0.3375,37907.0703,183445.7688,68
952,952.0,astar,43.6158,0.3713,37589.7423,193355.3632,69
953,953.0,astar,43.9653,0.3038,36825.8629,221403.7799,72
954,954.0,astar,45.1663,0.3375,35320.9566,210357.8141,70
955,955.0,astar,45.4757,0.3713,34998.0387,282278.5981,75
956,956.0,astar,45.8233,0.3713,35197.4305,236027.5391,73
957,957.0,astar,46.173,0.3375,35000.5347,275252.1568,76
958,958.0,astar,47.5739,0.3713,33625.7536,221559.7539,74
959,959.0,astar,47.9266,0.3375,33223.9659,255115.5353,76
960,960.0,astar,47.4206,0.3713,33544.703,208437.9729,78
961,961.0,astar,47.3303,0.3375,33603.8271,231950.241,78
962,962.0,astar,46.5019,0.3713,34205.2069,220875.0832,78
963,963.0,astar,46.6383,0.3713,33890.6068,218127.3884,78
964,964.0,astar,45.1409,0.405,35380.534,195898.1127,80
965,965.0,astar,45.0998,0.405,35436.5058,220311.8217,80
966,966.0,astar,45.044,0.5063,35827.0883,211887.9097,80
967,967.0,astar,45.0213,0.5063,36661.0934,196573.5999,81
968,968.0,astar,44.777,0.5738,38023.3853,186892.0807,80
969,969.0,astar,44.5846,0.54,42504.7388,178750.1334,79
970,970.0,astar,44.1092,0.6413,51183.5456,180929.9324,80
971,971.0,astar,44.3781,0.6075,106393.77,184381.152,78
972,972.0,astar,43.6047,0.7088,6262168.7362,200756.9775,80
973,973.0,astar,44.0706,0.6413,49781.137,206850.4417,81
974,974.0,astar,44.2608,0.675,43834.4856,221879.2136,83
975,975.0,astar,44.4021,0.6413,45668.2006,216454.6559,83
976,976.0,astar,43.7732,0.7088,249533.5534,176544.7889,82
977,977.0,astar,44.0249,0.675,687667.9584,228831.8433,81
978,978.0,astar,44.0647,0.675,1564426.8461,186480.7713,80
979,979.0,astar,44.0209,0.675,2469907.7225,174722.2775,80
980,980.0,astar,42.5724,0.7088,6263562.24,188376.6971,81
981,981.0,astar,42.7488,0.7088,6263061.2248,207033.0445,81
982,982.0,astar,42.3664,0.7425,6263649.008,196310.0337,82
983,983.0,astar,42.7476,0.7425,6263739.7118,190999.0756,81
984,984.0,astar,42.18,0.81,6265116.0703,205131.1509,81
985,985.0,astar,42.45,0.7763,6264460.2512,210395.2536,81
986,986.0,astar,41.9257,0.81,6265149.6964,157848.7015,80
987,987.0,astar,41.7884,0.7763,6266424.742,178883.845,78
988,988.0,astar,41.432,0.8438,6268581.5075,186188.3749,81
989,989.0,astar,41.2473,0.8775,6270155.9564,182248.6042,81
990,990.0,astar,45.2021,0.4388,37746.4431,135928.5526,65
991,991.0,astar,44.6898,0.1688,39017.5871,158049.2235,65
992,992.0,astar,43.8311,0.1013,39457.0231,187949.3101,71
993,993.0,astar,44.6974,0.0675,36621.229,222496.6164,68
994,994.0,astar,43.7589,0.135,36346.7447,224041.2516,73
995,995.0,astar,43.9354,0.1013,36220.0935,289661.1478,78
996,996.0,astar,45.1665,0.2025,34742.4162,298252.9021,76
997,997.0,astar,46.2671,0.2362,33744.2629,324040.8926,77
998,998.0,astar,46.5231,0.27,33292.1508,312374.5305,81
999,999.0,astar,46.7924,0.27,33237.1373,270668.5429,83
1000,1000.0,astar,46.7486,0.3038,33467.6569,275769.1199,84
1001,1001.0,astar,46.9449,0.27,33458.4277,250990.9493,84
1002,1002.0,astar,46.5936,0.3038,34360.6434,211857.7604,84
1003,1003.0,astar,47.0158,0.3038,34321.334,242451.9479,84
1004,1004.0,astar,46.6077,0.3375,35221.7505,233845.2359,87
1005,1005.0,astar,46.9462,0.3713,35004.8422,241203.5713,84
1006,1006.0,astar,46.771,0.4388,36240.4561,222780.7457,81
1007,1007.0,astar,46.7363,0.405,37880.1252,209314.6366,82
1008,1008.0,astar,46.4827,0.4388,48921.2473,212980.7875,81
1009,1009.0,astar,46.3845,0.405,62288.1226,171626.1572,80
1010,1010.0,astar,45.5873,0.4388,49067.867,199033.7277,81
1011,1011.0,astar,45.7694,0.5063,45357.7092,226417.114,81
1012,1012.0,astar,45.5416,0.5738,42768.5629,195838.9228,81
1013,1013.0,astar,45.3275,0.54,41585.8643,204158.9939,80
1014,1014.0,astar,44.2043,0.5738,42156.4753,193397.3726,81
1015,1015.0,astar,44.0114,0.54,41933.8293,174805.1174,80
1016,1016.0,astar,43.0179,0.6075,43391.7871,201839.2117,84
1017,1017.0,astar,43.1205,0.6075,43413.0223,196548.7363,84
1018,1018.0,astar,43.0364,0.7088,43682.9906,198589.6401,84
1019,1019.0,astar,43.1832,0.675,43506.7162,227371.7176,85
1020,1020.0,astar,43.0407,0.7425,44412.38,227692.7199,85
1021,1021.0,astar,43.2357,0.7088,44923.892,193667.8957,84
1022,1022.0,astar,42.8047,0.7425,46610.1752,193258.4227,85
1023,1023.0,astar,43.2455,0.7088,49161.9845,201438.8705,85
1024,1024.0,astar,42.5331,0.7763,53048.4719,193011.7297,85
1025,1025.0,astar,42.5701,0.7763,53111.1816,186919.9813,83
1026,1026.0,astar,41.9404,0.8438,55510.9025,187398.0293,86
1027,1027.0,astar,41.925,0.81,54459.7802,196031.6555,84
1028,1028.0,astar,41.7638,0.8438,59845.226,187151.7099,84
1029,1029.0,astar,41.8269,0.8438,63200.4662,207547.3398,86
1030,1030.0,astar,41.653,0.9113,70576.5167,211132.3785,86
1031,1031.0,astar,42.0748,0.9113,69409.4104,243112.8482,87
1032,1032.0,astar,42.6553,0.945,63874.4292,198861.2277,84
1033,1033.0,astar,42.8116,0.9113,55663.912,244324.7149,87
1034,1034.0,astar,42.8099,0.945,53907.2315,190668.274,85
1035,1035.0,astar,43.3802,0.7425,45923.0311,216009.7474,79
1036,1036.0,astar,42.4832,0.6413,44776.0112,196870.1786,81
1037,1037.0,astar,43.1318,0.5738,42314.4514,188134.534,76
1038,1038.0,astar,41.8413,0.6075,42631.2778,187177.641,79
1039,1039.0,astar,41.762,0.54,41880.9393,214824.2873,80
1040,1040.0,astar,43.7589,0.3038,37208.5525,222682.4211,75
1041,1041.0,astar,44.0591,0.2025,36424.8619,259254.7769,75
1042,1042.0,astar,44.1032,0.2362,36118.8021,263886.4546,79
1043,1043.0,astar,44.0066,0.27,35664.4277,253800.7805,81
1044,1044.0,astar,44.9507,0.3038,34465.1516,291986.2584,80
1045,1045.0,astar,45.0244,0.27,34379.7135,259932.8183,83
1046,1046.0,astar,45.2075,0.3038,34347.2696,281080.0842,83
1047,1047.0,astar,45.5218,0.27,34076.6698,234232.2618,82
1048,1048.0,astar,44.4307,0.3375,34806.2501,251273.4266,86
1049,1049.0,astar,44.4176,0.3375,34994.254,224630.1179,88
1050,1050.0,astar,45.0075,0.405,34528.6028,253719.6963,88
1051,1051.0,astar,45.5649,0.405,33890.7041,266152.2492,86
1052,1052.0,astar,44.3245,0.4388,35556.9163,225598.2488,90
1053,1053.0,astar,45.1409,0.405,34647.9341,250972.8873,87
1054,1054.0,astar,44.5903,0.4725,34691.8182,262071.0722,90
1055,1055.0,astar,44.8584,0.4388,34384.0585,237288.7704,90
1056,1056.0,astar,45.668,0.4725,33779.1338,245992.6184,89
1057,1057.0,astar,45.6473,0.4388,33932.074,215663.2922,88
1058,1058.0,astar,46.1597,0.4725,33656.0697,234110.244,86
1059,1059.0,astar,45.6442,0.4388,34194.2892,200191.3389,87
1060,1060.0,astar,44.9979,0.5063,34521.714,223079.819,86
1061,1061.0,astar,45.1047,0.4725,34716.5696,209076.3046,86
1062,1062.0,astar,44.6423,0.5063,35248.9802,224486.386,86
1063,1063.0,astar,45.0426,0.4725,35282.9924,206914.9998,84
1064,1064.0,astar,44.6382,0.54,36147.4361,214417.1833,85
1065,1065.0,astar,44.2554,0.5063,36491.7651,210713.6873,85
1066,1066.0,astar,43.8785,0.6075,36461.2046,206666.3027,87
1067,1067.0,astar,43.9435,0.5738,36359.1036,204481.5264,86
1068,1068.0,astar,43.4005,0.6413,37454.9759,235313.5336,86
1069,1069.0,astar,43.3846,0.675,37941.8878,183828.3066,84
1070,1070.0,astar,42.584,0.7088,41320.198,194369.9313,85
1071,1071.0,astar,42.6433,0.675,113396.9156,176595.2705,83
1072,1072.0,astar,41.3827,0.7425,516206.2654,198486.9516,86
1073,1073.0,astar,41.0876,0.7088,3715501.9257,176760.2352,86
1074,1074.0,astar,40.3517,0.8438,6266885.3274,169896.2646,87
1075,1075.0,astar,40.0686,0.8775,6269269.1066,144534.1501,85
1076,1076.0,astar,38.5941,0.9113,6278839.4071,173315.8867,87
1077,1077.0,astar,38.2067,0.9113,6294825.2899,182034.5186,88
1078,1078.0,astar,37.773,1.1475,6731841.0397,175526.536,90
1079,1079.0,astar,37.6734,1.215,13313790.7612,199268.9838,89
1080,1080.0,astar,43.3293,0.675,41486.1758,190419.9938,69
1081,1081.0,astar,43.2436,0.405,40469.3236,177123.7668,69
1082,1082.0,astar,41.8728,0.27,41595.8431,192361.7012,74
1083,1083.0,astar,42.5051,0.1013,39804.5319,218101.0124,71
1084,1084.0,astar,41.7297,0.1688,39608.0897,273600.7299,77
1085,1085.0,astar,42.3301,0.1688,39108.3338,278496.8953,78
1086,1086.0,astar,43.6869,0.2362,37147.5392,310434.8221,77
1087,1087.0,astar,44.6195,0.2025,36009.8039,259471.278,75
1088,1088.0,astar,44.7437,0.2025,36009.9145,317579.6655,80
1089,1089.0,astar,45.2029,0.1688,35499.7835,281603.2864,82
1090,1090.0,astar,45.231,0.2025,34987.3541,279960.1552,80
1091,1091.0,astar,45.5735,0.1688,34637.3225,262954.414,82
1092,1092.0,astar,45.9422,0.2025,35364.3945,283818.8022,82
1093,1093.0,astar,46.806,0.2025,34473.25,219892.6438,82
1094,1094.0,astar,46.6803,0.2362,34370.3609,258035.3086,85
1095,1095.0,astar,46.8594,0.2025,34150.9422,244476.8623,87
1096,1096.0,astar,47.1688,0.2025,34030.2796,239915.0861,83
1097,1097.0,astar,47.067,0.2362,33875.8954,211936.5731,83
1098,1098.0,astar,47.1393,0.27,33807.027,194201.2195,83
1099,1099.0,astar,47.4307,0.2362,33584.0613,231931.3934,82
1100,1100.0,astar,47.1986,0.27,33943.901,198438.693,83
1101,1101.0,astar,47.0226,0.2362,34398.9697,214999.8362,84
1102,1102.0,astar,46.8651,0.2362,35200.3039,241130.2132,85
1103,1103.0,astar,46.9665,0.3038,36108.2622,246969.1543,85
1104,1104.0,astar,46.1571,0.3038,38024.8499,212833.6614,86
1105,1105.0,astar,45.9201,0.3038,39695.8477,227128.8104,86
1106,1106.0,astar,44.6853,0.3713,40936.1632,174553.1575,87
1107,1107.0,astar,44.6116,0.3375,41270.8119,203654.0034,86
1108,1108.0,astar,44.5414,0.3713,41695.7551,200355.9091,86
1109,1109.0,astar,44.0703,0.4388,42774.0422,213790.6646,86
1110,1110.0,astar,43.5834,0.4388,44653.8039,180783.6684,85
1111,1111.0,astar,43.9541,0.4388,47469.7371,192357.1123,81
1112,1112.0,astar,43.6314,0.5063,62912.6297,180520.4027,80
1113,1113.0,astar,43.8949,0.4725,215429.2475,199222.7952,80
1114,1114.0,astar,43.6401,0.54,853385.9504,195180.022,79
1115,1115.0,astar,43.733,0.5063,66497.5702,192582.2858,81
1116,1116.0,astar,43.749,0.54,54876.1369,222513.7282,82
1117,1117.0,astar,44.1628,0.54,49262.3579,198029.6003,79
1118,1118.0,astar,43.6622,0.5063,46988.499,204775.5747,81
1119,1119.0,astar,43.2644,0.54,46035.6743,230146.6472,83
1120,1120.0,astar,43.5098,0.5738,43801.6887,187446.6207,82
1121,1121.0,astar,43.6923,0.54,42993.3991,217685.8412,80
1122,1122.0,astar,43.2843,0.6075,42983.0198,230734.1039,82
1123,1123.0,astar,43.1268,0.6413,43274.067,206663.9107,83
1124,1124.0,astar,42.898,0.6413,43974.0196,208429.0305,83
1125,1125.0,astar,44.7355,0.4388,37475.271,174714.8088,76
1126,1126.0,astar,44.0896,0.4725,37485.8951,209144.912,75
1127,1127.0,astar,43.2887,0.405,38812.848,180422.6564,77
1128,1128.0,astar,43.0209,0.4725,39122.0746,214035.3786,76
1129,1129.0,astar,43.1096,0.5063,39262.9955,198778.2842,79
1130,1130.0,astar,45.2418,0.27,35384.9151,191333.4549,72
1131,1131.0,astar,46.531,0.2025,34593.891,202121.5029,68
1132,1132.0,astar,45.5146,0.1688,36417.7206,243473.7481,73
1133,1133.0,astar,44.8136,0.2025,35712.8455,252778.6904,75
1134,1134.0,astar,44.867,0.2362,35627.7632,261588.5445,77
1135,1135.0,astar,45.5348,0.2025,35283.2799,271904.7059,79
1136,1136.0,astar,46.8919,0.2362,32987.4648,289343.4879,79
1137,1137.0,astar,47.0862,0.2025,33291.0558,285903.5072,80
1138,1138.0,astar,47.9307,0.2362,32256.0995,263160.0507,82
1139,1139.0,astar,47.9934,0.2362,32154.9271,201281.4592,82
1140,1140.0,astar,47.8145,0.27,32371.1857,239593.5068,83
1141,1141.0,astar,48.0407,0.27,32134.7609,213799.665,81
1142,1142.0,astar,48.0402,0.3038,32142.3661,235333.2995,81
1143,1143.0,astar,47.4968,0.27,32896.4636,221756.6506,83
1144,1144.0,astar,47.1305,0.3038,33377.4946,187415.8035,82
1145,1145.0,astar,47.3972,0.3038,32656.9945,202296.5552,81
1146,1146.0,astar,47.9202,0.3375,32310.4212,206008.421,78
1147,1147.0,astar,46.8997,0.3375,33117.7171,199341.1935,81
1148,1148.0,astar,46.2841,0.3713,33886.2458,222842.0964,82
1149,1149.0,astar,46.2845,0.3713,33770.112,217990.9941,83
1150,1150.0,astar,45.9601,0.3713,33911.8297,248892.1328,85
1151,1151.0,astar,45.4863,0.3713,34325.6799,193726.3293,83
1152,1152.0,astar,45.192,0.4388,34680.9637,212451.9413,84
1153,1153.0,astar,45.1696,0.405,35089.1693,202737.9716,83
1154,1154.0,astar,45.3989,0.4388,34935.726,200298.3475,83
1155,1155.0,astar,45.4136,0.54,35057.656,211526.4802,85
1156,1156.0,astar,45.562,0.54,35306.3226,200394.9139,86
1157,1157.0,astar,45.7361,0.54,35223.9564,243956.5185,86
1158,1158.0,astar,45.6758,0.5738,35226.3422,214599.3286,85
1159,1159.0,astar,46.1752,0.54,34900.5561,185412.3142,83
1160,1160.0,astar,45.8278,0.5738,35542.0198,189960.096,84
1161,1161.0,astar,46.0846,0.5738,35215.1396,215008.7313,83
1162,1162.0,astar,45.6542,0.6075,36345.0499,211557.9671,85
1163,1163.0,astar,45.316,0.6075,36520.3632,193039.3399,82
1164,1164.0,astar,44.6845,0.6075,36944.5399,184748.214,80
1165,1165.0,astar,44.0589,0.6413,37219.9987,143890.8405,77
1166,1166.0,astar,43.3257,0.7088,39522.3575,188932.6339,81
1167,1167.0,astar,43.1508,0.7088,40581.3527,189779.7796,81
1168,1168.0,astar,42.7297,0.7763,41344.2784,167946.2374,84
1169,1169.0,astar,42.8048,0.8438,41222.7099,210605.5733,84
1170,1170.0,astar,45.9545,0.5063,35505.2062,221743.8962,72
1171,1171.0,astar,46.3566,0.2362,34873.9638,212210.1246,72
1172,1172.0,astar,45.3456,0.1013,35549.6437,198694.1672,73
1173,1173.0,astar,45.7855,0.0675,34369.0559,204243.2662,69
1174,1174.0,astar,44.4702,0.1013,35278.0878,213332.0655,73
1175,1175.0,astar,44.813,0.0675,35199.6732,250945.1383,76
1176,1176.0,astar,45.4693,0.1013,34518.0052,265892.6501,75
1177,1177.0,astar,46.4488,0.1013,33682.6159,245124.9239,75
1178,1178.0,astar,46.5006,0.1013,33635.2988,250327.0394,78
1179,1179.0,astar,46.1937,0.135,34100.6058,211969.0906,78
1180,1180.0,astar,46.3444,0.1688,34209.8412,228759.3051,79
1181,1181.0,astar,45.9536,0.135,34983.2617,231402.3993,83
1182,1182.0,astar,45.9837,0.1688,35876.9472,260806.8293,83
1183,1183.0,astar,46.43,0.135,37867.857,232550.6964,80
1184,1184.0,astar,46.1387,0.2362,43971.6965,183631.9513,79
1185,1185.0,astar,46.5139,0.2362,41974.7821,233657.1719,81
1186,1186.0,astar,46.258,0.3038,38788.8226,221025.9696,80
1187,1187.0,astar,46.5401,0.27,36833.9737,227806.184,81
1188,1188.0,astar,46.6352,0.3038,35959.3067,219994.6829,81
1189,1189.0,astar,46.4287,0.27,35622.6718,179331.0304,81
1190,1190.0,astar,46.468,0.3038,35706.4029,244670.6213,81
1191,1191.0,astar,46.7955,0.27,35768.8919,198274.4441,80
1192,1192.0,astar,46.4725,0.3375,36276.5189,180544.8671,81
1193,1193.0,astar,46.5732,0.3375,36449.2398,209011.4057,81
1194,1194.0,astar,46.6116,0.3713,36811.0186,191997.4548,80
1195,1195.0,astar,46.3009,0.3375,37695.3195,179594.5373,80
1196,1196.0,astar,45.7078,0.3713,39789.7254,164241.2649,82
1197,1197.0,astar,45.3237,0.3713,40102.2341,187918.2837,80
1198,1198.0,astar,44.4049,0.5063,40747.863,191822.168,81
1199,1199.0,astar,44.0233,0.4725,42259.5987,179189.0322,80
1200,1200.0,astar,43.7487,0.5738,44240.2067,172217.3451,81
1201,1201.0,astar,43.6807,0.5738,44400.8567,195264.8394,81
1202,1202.0,astar,42.8578,0.6075,45188.9773,179197.3696,83
1203,1203.0,astar,43.4038,0.6075,43594.6849,187018.3391,76
1204,1204.0,astar,42.7972,0.675,43652.1455,191315.4619,80
1205,1205.0,astar,42.8473,0.675,43638.08,200482.1266,80
1206,1206.0,astar,42.8641,0.7088,43692.3559,235911.9766,80
1207,1207.0,astar,43.1962,0.675,44222.5697,197415.7821,79
1208,1208.0,astar,41.6511,0.7425,47797.0143,217054.6949,83
1209,1209.0,astar,41.9856,0.7088,47091.8812,231296.2752,83
1210,1210.0,astar,42.0337,0.81,46116.2683,201269.0056,81
1211,1211.0,astar,42.549,0.7763,45034.0174,236853.8937,81
1212,1212.0,astar,42.1574,0.81,44549.8594,196829.097,80
1213,1213.0,astar,41.8892,0.7763,44656.6057,207065.4263,82
1214,1214.0,astar,42.0589,0.7763,44009.9507,217332.6971,81
1215,1215.0,astar,41.711,0.7425,44390.6107,212310.3204,80
1216,1216.0,astar,41.2562,0.675,46585.1373,203448.173,80
1217,1217.0,astar,41.6092,0.675,47700.8981,237890.8079,80
1218,1218.0,astar,42.2131,0.81,54411.6613,190702.9235,79
1219,1219.0,astar,42.2616,0.7763,51176.9443,209744.8196,79
1220,1220.0,astar,44.8256,0.5063,42677.2862,193309.4264,72
1221,1221.0,astar,45.0398,0.3375,41030.5953,220730.1423,74
1222,1222.0,astar,44.2614,0.27,40413.2522,232131.8073,76
1223,1223.0,astar,44.5543,0.2025,39026.8692,213465.1749,74
1224,1224.0,astar,44.2727,0.2362,38345.1235,254646.7145,76
1225,1225.0,astar,44.9218,0.1688,36682.988,292555.3766,81
1226,1226.0,astar,46.0882,0.1688,34338.7749,283840.2283,78
1227,1227.0,astar,46.9023,0.2025,33557.3551,318739.9141,81
1228,1228.0,astar,47.1164,0.2025,32838.08,240133.7092,81
1229,1229.0,astar,47.6809,0.1688,32190.3694,274834.7646,82
1230,1230.0,astar,47.1639,0.27,32620.242,230578.0882,84
1231,1231.0,astar,47.0133,0.2362,538842.3832,234922.9625,83
1232,1232.0,astar,46.9433,0.2362,36823.3892,214522.1448,83
1233,1233.0,astar,47.6616,0.2025,33273.0628,225003.8437,83
1234,1234.0,astar,47.3492,0.2025,65726.2534,207545.2603,84
1235,1235.0,astar,46.9166,0.27,639252.3818,220538.0396,82
1236,1236.0,astar,46.5551,0.27,6253001.9096,207588.4321,81
1237,1237.0,astar,46.4096,0.2362,6253046.4645,215754.6024,80
1238,1238.0,astar,45.9204,0.2362,6253278.704,191043.4858,81
1239,1239.0,astar,45.5073,0.27,6253633.9161,165818.9362,82
1240,1240.0,astar,44.9071,0.3375,6254486.5194,180549.1228,82
1241,1241.0,astar,45.1418,0.3038,6254432.3846,219117.238,79
1242,1242.0,astar,45.2416,0.3375,6254938.2068,201021.2761,77
1243,1243.0,astar,45.108,0.405,6255518.9392,174206.9081,77
1244,1244.0,astar,45.289,0.4388,6254732.3719,208755.2842,78
1245,1245.0,astar,45.0514,0.4388,6254993.1839,192562.9595,80
1246,1246.0,astar,44.4139,0.4725,6255758.275,240241.291,81
1247,1247.0,astar,44.4337,0.4388,6255833.7258,191847.5441,80
1248,1248.0,astar,44.0372,0.5063,6256474.9195,195114.5557,81
1249,1249.0,astar,44.725,0.4725,6256045.9621,217729.2515,79
1250,1250.0,astar,43.7786,0.54,6257857.9186,186092.1946,79
1251,1251.0,astar,43.8176,0.5063,6257885.5152,194441.301,78
1252,1252.0,astar,43.3114,0.54,6258723.5203,165332.0831,79
1253,1253.0,astar,43.4572,0.54,6259260.6779,188876.0,79
1254,1254.0,astar,43.4585,0.6075,6260384.784,169309.8282,78
1255,1255.0,astar,43.4027,0.5738,49367.881,185278.6776,78
1256,1256.0,astar,43.2167,0.6075,49994.161,166108.2739,77
1257,1257.0,astar,43.7001,0.6413,56309.2975,171039.4273,74
1258,1258.0,astar,42.3104,0.7425,53422.9255,151897.7969,76
1259,1259.0,astar,41.9882,0.7425,58481.8768,167233.2642,76
1260,1260.0,astar,46.2273,0.3375,36814.0201,149993.9739,60
1261,1261.0,astar,46.6369,0.1688,35408.1768,151286.7386,59
1262,1262.0,astar,45.4856,0.1013,35831.4879,210715.9411,66
1263,1263.0,astar,45.1769,0.135,35580.3997,204206.618,66
1264,1264.0,astar,45.4279,0.2025,35189.0546,249556.8636,69
1265,1265.0,astar,44.719,0.135,35748.2756,265944.5103,75
1266,1266.0,astar,45.4288,0.1688,35695.3801,262606.7541,73
1267,1267.0,astar,45.6894,0.1688,35613.1312,252226.7982,75
1268,1268.0,astar,45.8969,0.3038,36742.088,249153.1946,75
1269,1269.0,astar,46.0329,0.3038,38282.1227,249465.3653,74
1270,1270.0,astar,45.6032,0.3375,49944.1022,226985.5385,77
1271,1271.0,astar,45.6922,0.27,69605.7279,200822.1825,76
1272,1272.0,astar,45.2585,0.27,275479.4817,181058.872,76
1273,1273.0,astar,44.684,0.27,840469.9553,208998.356,78
1274,1274.0,astar,44.4476,0.3038,15785864.5024,182406.8537,77
1275,1275.0,astar,43.7847,0.3038,15787024.9757,185152.6329,79
1276,1276.0,astar,43.4949,0.4388,15788345.0036,197719.4305,80
1277,1277.0,astar,43.8981,0.4388,15788396.444,211664.559,78
1278,1278.0,astar,43.4292,0.5063,15789605.3397,198184.947,80
1279,1279.0,astar,43.967,0.4725,15789269.4052,215112.3814,78
1280,1280.0,astar,44.5207,0.4725,15788576.9454,197547.7284,77
1281,1281.0,astar,44.6356,0.5063,15789869.5202,244898.3915,80
1282,1282.0,astar,44.4011,0.5738,15792367.3461,190836.0235,81
1283,1283.0,astar,44.7784,0.5063,64701.0955,210625.2539,80
1284,1284.0,astar,44.8536,0.5738,51520.6472,209990.885,80
1285,1285.0,astar,44.8256,0.54,47903.6787,197307.536,80
1286,1286.0,astar,43.9628,0.5738,47145.9629,230537.1511,83
1287,1287.0,astar,43.8148,0.6413,46169.1061,201109.4361,83
1288,1288.0,astar,43.9237,0.675,47467.3391,252806.6196,84
1289,1289.0,astar,43.9456,0.6413,54239.1274,193180.4389,84
1290,1290.0,astar,43.5744,0.675,121885.9555,182916.2303,85
1291,1291.0,astar,43.665,0.6413,402724.4558,202712.7097,82
1292,1292.0,astar,42.7247,0.7088,748708.6685,171930.0401,83
1293,1293.0,astar,42.7803,0.675,1289172.0228,189001.4976,82
1294,1294.0,astar,41.4853,0.7088,10678043.8506,164021.3689,84
1295,1295.0,astar,41.7809,0.675,15794591.984,196037.8296,82
1296,1296.0,astar,40.8606,0.7088,15797139.184,159897.4951,82
1297,1297.0,astar,40.5688,0.7088,15801254.5279,156912.9541,80
1298,1298.0,astar,40.6201,0.7425,15807178.55,210394.5156,82
1299,1299.0,astar,40.0614,0.7763,15809645.0208,184892.7222,84
1300,1300.0,astar,41.1194,0.8438,73020.992,192372.6752,81
1301,1301.0,astar,41.9059,0.81,62426.4002,234341.8958,80
1302,1302.0,astar,41.6676,0.8775,58188.6696,213346.1594,81
1303,1303.0,astar,41.3957,0.8438,53817.2782,244813.9509,82
1304,1304.0,astar,40.7395,0.9788,51852.4248,209460.3103,82
1305,1305.0,astar,41.1597,0.7763,45878.6239,209452.0957,78
1306,1306.0,astar,40.8017,0.675,45294.1692,197942.0723,77
1307,1307.0,astar,40.712,0.675,45173.3842,198747.2592,78
1308,1308.0,astar,41.2382,0.7088,44010.7841,208427.514,74
1309,1309.0,astar,41.3039,0.8438,43557.9825,192115.5241,76
1310,1310.0,astar,42.2959,0.54,38721.4909,179639.7349,70
1311,1311.0,astar,43.3226,0.3375,36863.9285,183080.8174,68
1312,1312.0,astar,42.3975,0.3375,36918.6979,233909.5973,73
1313,1313.0,astar,43.5757,0.27,35749.4167,195699.5672,69
1314,1314.0,astar,43.1674,0.3375,36511.3122,200862.7992,72
1315,1315.0,astar,42.5794,0.3038,37173.8555,256784.8447,78
1316,1316.0,astar,42.8933,0.3713,36688.2174,229226.9443,80
1317,1317.0,astar,44.0342,0.405,35330.664,283103.9604,79
1318,1318.0,astar,43.9956,0.405,35255.1265,254114.884,81
1319,1319.0,astar,44.1313,0.4388,35485.7482,242997.4009,82
1320,1320.0,astar,44.1222,0.4388,35481.704,245533.4626,83
1321,1321.0,astar,44.1255,0.4388,35479.3624,284647.9058,84
1322,1322.0,astar,44.0641,0.4725,36513.9747,220278.3512,84
1323,1323.0,astar,43.6595,0.4388,36154.9141,220775.383,85
1324,1324.0,astar,43.3042,0.4725,37068.7628,221951.239,86
1325,1325.0,astar,43.3993,0.4388,36955.2102,215425.7571,86
1326,1326.0,astar,43.5862,0.4725,36849.4803,253915.3205,87
1327,1327.0,astar,43.8157,0.4725,37171.6741,223182.9372,85
1328,1328.0,astar,43.7087,0.5063,39687.0358,225673.1824,86
1329,1329.0,astar,44.0758,0.5063,2555375.6044,220097.2154,85
1330,1330.0,astar,43.3645,0.54,6256545.3593,206862.5374,86
1331,1331.0,astar,43.5956,0.54,6255995.0005,240685.0685,87
1332,1332.0,astar,43.5717,0.5738,6256073.8342,222661.0832,88
1333,1333.0,astar,43.844,0.5738,6255593.6195,210896.2854,86
1334,1334.0,astar,43.7805,0.6075,6255613.8398,234618.4652,86
1335,1335.0,astar,43.9711,0.5738,6255445.082,213905.9053,84
1336,1336.0,astar,43.9264,0.6075,6255858.0249,175930.7433,83
1337,1337.0,astar,43.591,0.5738,6257032.5628,165565.2188,80
1338,1338.0,astar,43.3096,0.6075,6257170.6416,185180.1975,79
1339,1339.0,astar,42.5933,0.6075,6258382.3197,155645.7824,81
1340,1340.0,astar,42.0808,0.7088,6259405.4277,178177.8003,80
1341,1341.0,astar,42.4122,0.7088,6258405.2076,181297.796,78
1342,1342.0,astar,41.4532,0.7425,6260989.5653,200251.0359,78
1343,1343.0,astar,41.2856,0.81,6261573.5802,214098.1697,80
1344,1344.0,astar,40.9694,0.8438,6262653.9821,197619.0786,83
1345,1345.0,astar,41.1896,0.8775,6263372.825,186209.0242,80
1346,1346.0,astar,41.5208,0.945,6264013.6294,203595.2653,81
1347,1347.0,astar,41.6517,0.9113,52718.0047,186495.9044,82
1348,1348.0,astar,41.2111,0.945,51360.1506,160349.1009,83
1349,1349.0,astar,40.9599,1.0125,50765.3091,193642.94,84
1350,1350.0,astar,44.8017,0.54,42346.5454,153325.4742,69
1351,1351.0,astar,45.2297,0.2025,38888.0464,184967.8297,69
1352,1352.0,astar,42.6325,0.2025,39365.9416,189431.674,73
1353,1353.0,astar,43.4311,0.1688,37085.9611,193390.0411,68
1354,1354.0,astar,42.5007,0.3038,37436.3334,263664.8005,76
1355,1355.0,astar,43.8106,0.27,36606.6083,276840.9455,76
1356,1356.0,astar,45.1731,0.2362,36119.7018,252727.2616,75
1357,1357.0,astar,45.4736,0.27,36071.8643,288578.361,78
1358,1358.0,astar,45.0032,0.3038,36313.5501,271159.066,81
1359,1359.0,astar,45.5896,0.3038,36087.2915,278881.5173,81
1360,1360.0,astar,44.3821,0.3713,38403.1086,219584.7474,85
1361,1361.0,astar,44.5784,0.3038,37684.7002,219708.3321,83
1362,1362.0,astar,43.9989,0.405,39253.6109,236070.7782,86
1363,1363.0,astar,43.9638,0.3713,40640.5565,216472.1097,85
1364,1364.0,astar,42.9149,0.4388,43132.3271,181945.2701,87
1365,1365.0,astar,43.3724,0.54,43074.1678,228807.3602,87
1366,1366.0,astar,42.8921,0.6075,42789.8398,216571.2264,87
1367,1367.0,astar,43.338,0.5738,42358.9566,237732.3632,87
1368,1368.0,astar,43.5276,0.6075,41791.081,197258.2729,85
1369,1369.0,astar,43.5832,0.5738,41212.0305,206690.1588,86
1370,1370.0,astar,43.9472,0.6075,42207.1269,231110.6443,86
1371,1371.0,astar,44.4445,0.5738,41088.7974,213331.1526,85
1372,1372.0,astar,44.2723,0.6075,41087.0404,201286.7601,86
1373,1373.0,astar,44.5834,0.5738,40449.1379,232291.5516,87
1374,1374.0,astar,44.1305,0.6075,41513.2341,216371.8742,89
1375,1375.0,astar,44.4675,0.6075,41990.3827,221259.384,87
1376,1376.0,astar,44.4597,0.675,42082.1775,192270.5606,89
1377,1377.0,astar,44.2433,0.6413,42487.8776,201316.2455,88
1378,1378.0,astar,43.7121,0.7088,42946.5923,187541.9574,88
1379,1379.0,astar,44.0182,0.7088,42892.8058,233812.9218,88
1380,1380.0,astar,43.0843,0.7763,43117.6673,174580.822,85
1381,1381.0,astar,43.3733,0.7425,43305.3334,203317.0179,85
1382,1382.0,astar,42.2202,0.7763,48456.5046,214485.4417,89
1383,1383.0,astar,42.1662,0.7425,49181.6773,203926.4479,85
1384,1384.0,astar,42.1685,0.7763,48503.2363,192966.5996,86
1385,1385.0,astar,42.4411,0.7763,49731.0584,249763.5961,86
1386,1386.0,astar,42.199,0.81,53559.8259,194214.7058,88
1387,1387.0,astar,41.7038,0.7763,55500.0999,169205.8353,87
1388,1388.0,astar,41.6243,0.8438,56714.8897,211373.2206,87
1389,1389.0,astar,41.6599,0.81,56449.2259,220146.6676,87
1390,1390.0,astar,41.7413,0.8775,55908.8387,236982.9721,86
1391,1391.0,astar,41.8996,0.8438,55064.3873,221539.745,85
1392,1392.0,astar,41.9081,0.9113,56339.8969,204552.6269,82
1393,1393.0,astar,41.8694,0.8775,54937.8091,201609.1731,83
1394,1394.0,astar,41.3,0.9113,55776.8692,187126.6091,86
1395,1395.0,astar,42.2177,0.7088,50872.6033,217241.3022,79
1396,1396.0,astar,41.8462,0.7088,48915.5686,216291.4562,80
1397,1397.0,astar,42.1127,0.6075,46822.8196,220866.1669,79
1398,1398.0,astar,42.3942,0.7088,44812.8698,181087.2472,74
1399,1399.0,astar,42.4007,0.675,44787.5819,218364.397,78
1400,1400.0,astar,44.369,0.405,39149.3276,240148.0779,72
1401,1401.0,astar,44.9468,0.2025,37797.2101,224616.7005,72
1402,1402.0,astar,44.7843,0.2025,36730.4846,309843.6576,79
1403,1403.0,astar,46.3335,0.135,34635.8011,260621.3682,74
1404,1404.0,astar,45.9646,0.1688,34449.2487,224385.1534,79
1405,1405.0,astar,46.7001,0.1688,33351.6957,268723.9917,79
1406,1406.0,astar,46.4545,0.2025,33017.6371,278852.6723,79
1407,1407.0,astar,47.1281,0.1688,32391.1499,330315.2465,82
1408,1408.0,astar,47.4099,0.2025,32052.5525,264292.1862,83
1409,1409.0,astar,48.3399,0.1688,31179.4161,276154.2817,84
1410,1410.0,astar,48.454,0.2025,31080.5891,279967.2686,84
1411,1411.0,astar,48.8227,0.1688,30799.8886,245863.025,85
1412,1412.0,astar,48.9291,0.2025,30787.6798,271695.7066,87
1413,1413.0,astar,48.6457,0.2025,31042.9716,211936.6437,87
1414,1414.0,astar,48.7307,0.2362,31224.1323,237919.5753,85
1415,1415.0,astar,48.6881,0.2025,31519.726,228590.2848,83
1416,1416.0,astar,48.6876,0.2362,31592.2959,222002.3932,83
1417,1417.0,astar,48.8775,0.27,31442.6492,222035.9856,84
1418,1418.0,astar,47.371,0.3038,32091.9574,216627.5961,86
1419,1419.0,astar,47.6874,0.27,31718.2492,227291.6448,85
1420,1420.0,astar,47.2427,0.3038,32291.671,208942.3861,86
1421,1421.0,astar,46.9061,0.27,32633.0917,221735.7421,86
1422,1422.0,astar,46.1586,0.3038,32810.6945,192790.9269,86
1423,1423.0,astar,46.2174,0.27,32665.5597,241922.2217,86
1424,1424.0,astar,45.9074,0.3038,33328.5987,218051.2196,88
1425,1425.0,astar,46.2297,0.3038,33033.6841,245542.1668,88
1426,1426.0,astar,45.7711,0.405,33726.1505,209252.3,88
1427,1427.0,astar,46.0146,0.3713,33532.5646,208445.3651,87
1428,1428.0,astar,45.2082,0.4388,34884.399,204433.1907,89
1429,1429.0,astar,44.9845,0.405,35314.1848,227010.3452,87
1430,1430.0,astar,44.6358,0.4388,36225.9211,198238.1313,86
1431,1431.0,astar,44.4138,0.4725,37187.1521,192884.7287,84
1432,1432.0,astar,44.4536,0.5063,38083.6045,199723.401,85
1433,1433.0,astar,44.5814,0.54,38421.7916,211782.7396,85
1434,1434.0,astar,43.9546,0.6075,39641.4351,189529.003,85
1435,1435.0,astar,43.4013,0.6075,40613.291,161549.8465,81
1436,1436.0,astar,42.2328,0.6413,42816.1227,150449.5062,80
1437,1437.0,astar,41.3774,0.675,45954.9432,169698.0972,81
1438,1438.0,astar,40.0579,0.7763,50979.1991,165774.4127,84
1439,1439.0,astar,39.403,0.8775,55000.3946,159611.7988,83
1440,1440.0,astar,44.1745,0.54,41746.7917,144015.2979,65
1441,1441.0,astar,44.3005,0.3713,38949.4368,170023.7093,64
1442,1442.0,astar,43.4172,0.405,39927.6683,194956.5229,71
1443,1443.0,astar,42.9931,0.3375,39721.9076,197777.0185,72
1444,1444.0,astar,42.3813,0.4388,39996.2759,235254.9996,75
1445,1445.0,astar,42.8244,0.5063,39502.1211,266709.4748,79
1446,1446.0,astar,43.5249,0.54,39825.4199,283784.5471,81
1447,1447.0,astar,44.0994,0.4388,38655.3494,280943.2181,81
1448,1448.0,astar,45.0563,0.4725,37614.0649,264201.0903,80
1449,1449.0,astar,45.1612,0.4725,37365.2452,226453.2389,81
1450,1450.0,astar,44.9055,0.4725,37777.3488,230206.5299,83
1451,1451.0,astar,45.9555,0.4388,36627.5742,219242.1908,79
1452,1452.0,astar,45.9067,0.4725,36467.9754,227272.0292,80
1453,1453.0,astar,45.7915,0.5738,36835.4765,194561.4921,82
1454,1454.0,astar,45.8231,0.5738,36771.1357,237746.7862,83
1455,1455.0,astar,46.2202,0.54,36646.9137,246130.5499,83
1456,1456.0,astar,46.3363,0.5738,37112.4064,219172.6239,83
1457,1457.0,astar,46.3723,0.5738,37145.3635,190902.239,83
1458,1458.0,astar,46.2653,0.6413,37473.5121,185833.4507,83
1459,1459.0,astar,46.1647,0.6413,37450.4115,197420.0239,83
1460,1460.0,astar,45.3627,0.675,39006.3217,178842.659,84
1461,1461.0,astar,45.8443,0.6413,39000.5059,215143.4605,82
1462,1462.0,astar,44.4296,0.7425,40132.3272,198339.3037,84
1463,1463.0,astar,44.5637,0.7088,39946.6181,217447.0101,83
1464,1464.0,astar,43.8824,0.81,41226.7754,204000.9316,82
1465,1465.0,astar,43.453,0.81,41698.3681,196999.9601,83
1466,1466.0,astar,43.1599,0.8438,42428.1701,204023.9527,84
1467,1467.0,astar,43.2814,0.81,43131.3064,212518.9138,84
1468,1468.0,astar,42.3715,0.8438,45382.5307,181213.6879,84
1469,1469.0,astar,42.2631,0.8775,45966.7089,186976.4622,85
1470,1470.0,astar,41.5773,0.9113,46351.0575,165534.8585,85
1471,1471.0,astar,42.1121,0.9113,46728.5488,183062.6172,84
1472,1472.0,astar,41.7182,0.945,47009.7518,207561.1451,86
1473,1473.0,astar,42.1849,0.9113,46798.6798,170289.4107,84
1474,1474.0,astar,41.8003,0.945,47708.0536,230882.0212,86
1475,1475.0,astar,42.3289,0.945,46740.8961,197237.993,86
1476,1476.0,astar,41.5044,0.9788,48534.8298,220288.6715,85
1477,1477.0,astar,41.8316,0.9788,48380.9967,210366.6783,84
1478,1478.0,astar,42.1525,0.9788,48779.3706,188941.2487,83
1479,1479.0,astar,41.4945,1.0463,51426.1713,193967.4614,85
1480,1480.0,astar,41.2836,1.08,54014.1562,175760.6513,85
1481,1481.0,astar,41.6694,1.08,53465.9867,228298.1537,85
1482,1482.0,astar,41.1639,1.1475,55021.1677,176214.6485,83
1483,1483.0,astar,39.4835,1.1813,57262.1228,178419.8676,85
1484,1484.0,astar,39.3652,1.215,59847.1868,192027.6422,85
1485,1485.0,astar,39.0381,0.9788,83049.4923,141018.0563,77
1486,1486.0,astar,38.9465,0.8775,162597.1287,191632.5263,80
1487,1487.0,astar,39.1792,0.7763,454394.4456,219033.7408,81
1488,1488.0,astar,38.7298,0.7763,970606.2837,170976.9446,77
1489,1489.0,astar,39.0908,0.7763,6268407.2844,216072.5656,77
1490,1490.0,astar,41.0415,0.6075,6261398.8015,218321.7386,73
1491,1491.0,astar,42.0703,0.405,46482.7657,246548.1767,72
1492,1492.0,astar,42.0978,0.405,42291.9295,278521.78,77
1493,1493.0,astar,43.3283,0.3375,38990.9479,246282.4059,75
1494,1494.0,astar,43.3929,0.3038,36926.7415,267869.503,79
1495,1495.0,astar,43.3021,0.3713,36720.31,282923.1075,83
1496,1496.0,astar,43.8029,0.3713,35491.8839,301698.6985,81
1497,1497.0,astar,43.809,0.3713,35513.5508,269813.4802,82
1498,1498.0,astar,44.3706,0.3713,34674.2034,299274.4198,82
1499,1499.0,astar,44.9061,0.3713,34292.5791,227151.8669,80
1500,1500.0,astar,44.9602,0.4388,34075.9457,286612.7263,85
1501,1501.0,astar,45.7427,0.405,33405.5606,283169.9561,84
1502,1502.0,astar,46.0366,0.5063,33290.3059,247148.2717,84
1503,1503.0,astar,45.5355,0.4388,34068.9628,264571.3854,87
1504,1504.0,astar,45.6705,0.4725,34366.6824,256910.6071,88
1505,1505.0,astar,46.0416,0.4388,34810.13,255366.5641,88
1506,1506.0,astar,45.2755,0.4725,40847.5208,254494.7428,88
1507,1507.0,astar,45.3257,0.4388,111376.8735,228374.5183,88
1508,1508.0,astar,45.4638,0.54,271220.8189,267388.1307,89
1509,1509.0,astar,45.156,0.5063,421103.3883,198520.1082,89
1510,1510.0,astar,44.9982,0.54,1194205.4996,210430.8367,89
1511,1511.0,astar,44.7868,0.5738,2771974.5248,221704.7347,89
1512,1512.0,astar,44.1328,0.6413,6041977.38,208758.208,88
1513,1513.0,astar,43.8834,0.6413,7582963.6246,209245.6846,88
1514,1514.0,astar,44.0494,0.675,12474606.0981,198009.2593,89
1515,1515.0,astar,44.1384,0.675,12474420.5225,236098.268,89
1516,1516.0,astar,43.1653,0.7088,12475702.2782,236043.6854,90
1517,1517.0,astar,43.6325,0.675,12475259.8781,224737.5033,89
1518,1518.0,astar,43.696,0.7088,12475361.0209,213654.0785,88
1519,1519.0,astar,43.9729,0.675,12475371.7189,226779.7182,87
1520,1520.0,astar,43.2471,0.7088,12477078.327,192143.3734,88
1521,1521.0,astar,42.9396,0.7425,12478007.4254,183791.7208,89
1522,1522.0,astar,42.4017,0.81,12480923.6529,227475.209,89
1523,1523.0,astar,42.2445,0.8438,12486336.1627,174490.0354,89
1524,1524.0,astar,42.3928,0.945,12487173.4547,210607.3407,90
1525,1525.0,astar,41.6268,1.08,12488277.525,186442.4905,91
1526,1526.0,astar,41.6122,1.1475,12482396.7703,191029.6033,90
1527,1527.0,astar,41.3341,1.1475,12482967.35,196863.5772,89
1528,1528.0,astar,40.9056,1.1813,12484189.76,196899.2945,92
1529,1529.0,astar,41.2964,1.215,12483429.0875,217603.4025,92
1530,1530.0,astar,45.4799,0.7088,38227.9864,151216.9814,74
1531,1531.0,astar,45.4699,0.4388,37255.618,188935.15,74
1532,1532.0,astar,44.3205,0.27,37606.6384,219094.2048,77
1533,1533.0,astar,44.9408,0.1688,36574.0427,216261.2815,76
1534,1534.0,astar,43.9696,0.2025,36796.5081,267931.7433,81
1535,1535.0,astar,44.2306,0.135,37371.9657,293008.8203,84
1536,1536.0,astar,43.8188,0.2362,37075.6059,307771.7045,87
1537,1537.0,astar,45.1065,0.2362,35425.9968,280531.5318,86
1538,1538.0,astar,44.9264,0.3038,35632.7246,331185.9013,90
1539,1539.0,astar,45.9216,0.2362,34198.9425,273337.3396,87
1540,1540.0,astar,45.8679,0.2362,34234.1409,306051.3374,89
1541,1541.0,astar,45.8959,0.2025,34340.4063,270873.062,90
1542,1542.0,astar,45.825,0.2362,35265.4475,306256.1543,91
1543,1543.0,astar,46.5021,0.2025,34234.9633,258591.2642,90
1544,1544.0,astar,46.1958,0.2362,35135.8454,277347.4849,94
1545,1545.0,astar,46.9363,0.2362,34676.2197,295874.5491,92
1546,1546.0,astar,45.6517,0.3038,35704.5476,249822.6125,94
1547,1547.0,astar,45.5545,0.3038,35878.7659,232169.9197,95
1548,1548.0,astar,45.0699,0.405,35868.1831,267732.0166,95
1549,1549.0,astar,45.4424,0.3713,36001.5363,260469.0852,94
1550,1550.0,astar,45.7122,0.4388,35964.4824,279701.1586,95
1551,1551.0,astar,45.4745,0.4388,35929.0623,223426.9161,94
1552,1552.0,astar,45.1361,0.4725,36161.4896,230442.3672,95
1553,1553.0,astar,45.2334,0.4388,36141.8552,225413.4028,96
1554,1554.0,astar,45.5128,0.4388,36075.7765,235669.059,94
1555,1555.0,astar,45.2897,0.4725,36416.2683,231294.3211,97
1556,1556.0,astar,44.5002,0.4725,37359.8856,277331.093,98
1557,1557.0,astar,45.0797,0.4725,37159.5836,247387.5086,95
1558,1558.0,astar,44.0993,0.5063,38602.9178,246457.4557,97
1559,1559.0,astar,44.48,0.4725,38627.0864,241770.6354,95
1560,1560.0,astar,44.5214,0.54,38976.5193,239293.8379,97
1561,1561.0,astar,44.3838,0.54,39996.0355,242129.8502,96
1562,1562.0,astar,44.4254,0.54,41645.9808,270356.2542,97
1563,1563.0,astar,43.745,0.5738,52364.9263,247936.426,98
1564,1564.0,astar,42.8084,0.5738,298028.2864,242892.9238,99
1565,1565.0,astar,42.3561,0.5738,751761.773,205881.7282,100
1566,1566.0,astar,42.3746,0.6413,1687326.3651,253993.6098,99
1567,1567.0,astar,42.5064,0.6075,7440993.7098,221938.8191,97
1568,1568.0,astar,42.7627,0.7088,15790147.4675,253693.8975,97
1569,1569.0,astar,42.5631,0.7088,15790279.1244,240695.2308,98
1570,1570.0,astar,42.4121,0.7763,15791227.7034,211745.6944,94
1571,1571.0,astar,42.5708,0.7763,15791691.125,265131.7439,94
1572,1572.0,astar,41.9837,0.7763,15792509.7818,212347.2406,91
1573,1573.0,astar,41.9462,0.7763,15791931.8591,257059.9537,92
1574,1574.0,astar,41.8841,0.8438,15791407.7459,235198.0443,92
1575,1575.0,astar,42.3632,0.7088,15789235.0858,223446.0071,88
1576,1576.0,astar,42.5992,0.6413,15788649.474,212845.4471,86
1577,1577.0,astar,42.1101,0.5063,15788851.5512,242363.1902,88
1578,1578.0,astar,41.3949,0.5063,31536483.5878,206837.348,83
1579,1579.0,astar,41.6901,0.4388,63221.5012,232384.0738,87
1580,1580.0,astar,44.901,0.135,36206.3128,228187.6824,80
1581,1581.0,astar,45.9671,0.1013,34535.9951,283729.3687,80
1582,1582.0,astar,45.5676,0.135,34760.6572,273566.922,85
1583,1583.0,astar,46.6199,0.1013,33241.7725,249960.5077,82
1584,1584.0,astar,46.3848,0.135,33421.6208,272461.3816,84
1585,1585.0,astar,45.8199,0.135,34172.921,236504.1287,85
1586,1586.0,astar,45.7408,0.2025,34262.9813,279873.501,86
1587,1587.0,astar,46.6652,0.1688,33502.9631,316301.7539,85
1588,1588.0,astar,46.2645,0.1688,34183.6203,239051.764,87
1589,1589.0,astar,46.72,0.27,33936.1576,274058.0524,86
1590,1590.0,astar,45.4346,0.3038,6254561.08,244067.1063,87
1591,1591.0,astar,45.5607,0.2362,39603.7857,244415.6347,87
1592,1592.0,astar,45.6501,0.27,36679.6771,256376.7657,90
1593,1593.0,astar,45.3145,0.3038,55447.5823,227893.0571,91
1594,1594.0,astar,44.8545,0.3375,68584.7521,233583.3167,90
1595,1595.0,astar,45.251,0.3375,128635.3623,217353.9779,89
1596,1596.0,astar,45.3016,0.4388,1379574.1677,248655.3107,89
1597,1597.0,astar,45.8188,0.405,6255691.6855,235901.5202,86
1598,1598.0,astar,45.5846,0.4388,6255908.1686,226001.4229,87
1599,1599.0,astar,46.0763,0.405,6255575.0407,198699.8345,86
1600,1600.0,astar,45.076,0.4388,6256039.8295,238261.4311,89
1601,1601.0,astar,45.4158,0.405,6255798.824,253388.8042,89
1602,1602.0,astar,44.9244,0.4388,6256433.2039,244369.2886,89
1603,1603.0,astar,44.5771,0.405,6256734.5066,199709.3814,89
1604,1604.0,astar,44.3518,0.4388,6257286.5486,226549.749,89
1605,1605.0,astar,44.5582,0.405,6256982.4176,203811.3803,90
1606,1606.0,astar,44.4724,0.4725,6256987.4794,203396.0721,90
1607,1607.0,astar,44.4036,0.4388,6256723.6482,229484.5466,90
1608,1608.0,astar,44.5107,0.5063,6256533.9991,228960.35,89
1609,1609.0,astar,44.149,0.5063,6256691.3983,213627.8619,87
1610,1610.0,astar,43.8686,0.54,6257248.9088,218618.8405,88
1611,1611.0,astar,43.3789,0.54,6257644.063,195174.0129,86
1612,1612.0,astar,43.0373,0.5738,6258341.0426,185574.1309,86
1613,1613.0,astar,42.5093,0.54,6259361.1553,197369.4749,88
1614,1614.0,astar,42.1976,0.6413,6260391.5045,176761.3265,89
1615,1615.0,astar,42.2812,0.7088,6260872.5106,276219.9139,91
1616,1616.0,astar,42.0352,0.81,6261301.7037,224927.9966,91
1617,1617.0,astar,41.7998,0.8775,6261455.3007,226795.4397,89
1618,1618.0,astar,40.9499,0.9788,6266072.1325,177398.7321,88
1619,1619.0,astar,41.1608,0.9788,6264916.8179,231448.8725,88
1620,1620.0,astar,46.1623,0.405,38557.2523,166492.354,70
1621,1621.0,astar,45.9247,0.3038,37580.1772,180420.2697,70
1622,1622.0,astar,45.1759,0.135,37418.1722,222580.5429,73
1623,1623.0,astar,45.4953,0.0675,35787.7813,166794.709,69
1624,1624.0,astar,43.7227,0.135,36637.2429,266340.8823,76
1625,1625.0,astar,43.8459,0.1688,37123.6906,287438.4053,79
1626,1626.0,astar,45.3683,0.1688,36037.0911,325246.9805,79
1627,1627.0,astar,46.1235,0.1688,35594.4719,304404.9258,78
1628,1628.0,astar,45.8647,0.2025,35859.4201,300377.3082,80
1629,1629.0,astar,46.8558,0.2025,34845.8044,282077.7392,80
1630,1630.0,astar,46.5663,0.27,34920.1136,269872.9494,84
1631,1631.0,astar,47.2384,0.2025,34295.9578,251725.2679,83
1632,1632.0,astar,47.8497,0.2362,33794.3957,298587.1608,84
1633,1633.0,astar,47.9207,0.2362,33930.8039,241193.6554,85
1634,1634.0,astar,47.4744,0.27,33842.9087,256091.695,85
1635,1635.0,astar,47.8878,0.27,33721.1996,234990.2756,81
1636,1636.0,astar,47.7527,0.3038,33852.1164,217381.0731,83
1637,1637.0,astar,48.1058,0.27,33649.8172,236187.092,82
1638,1638.0,astar,47.7434,0.3375,34243.5046,209749.2181,82
1639,1639.0,astar,47.0665,0.27,35022.5653,170783.3039,82
1640,1640.0,astar,45.8246,0.3038,37060.6636,176880.4985,78
1641,1641.0,astar,45.5511,0.27,37616.1285,154218.8486,76
1642,1642.0,astar,44.9912,0.3375,38131.68,217106.0904,79
1643,1643.0,astar,45.421,0.3038,37549.3961,233282.6802,80
1644,1644.0,astar,45.6065,0.405,37426.7636,226432.5927,81
1645,1645.0,astar,45.7353,0.4388,37342.5918,235610.2794,82
1646,1646.0,astar,46.0073,0.4725,38086.2066,235741.0031,82
1647,1647.0,astar,45.9387,0.4388,38600.7381,178898.1491,82
1648,1648.0,astar,44.8518,0.4725,40873.6966,185702.0947,82
1649,1649.0,astar,44.7014,0.4388,41668.4891,203268.7064,83
1650,1650.0,astar,43.9977,0.54,42429.3025,200731.4032,85
1651,1651.0,astar,43.9145,0.6075,42700.6999,223099.9439,85
1652,1652.0,astar,43.3821,0.7088,43577.3053,205915.1663,84
1653,1653.0,astar,43.1145,0.7088,44701.0155,182944.9247,81
1654,1654.0,astar,42.5495,0.7425,46603.4036,171167.5406,81
1655,1655.0,astar,42.2264,0.7425,49610.8599,167698.8062,80
1656,1656.0,astar,41.811,0.7763,123735.9327,192457.2281,83
1657,1657.0,astar,41.8765,0.7763,301147.0412,187213.1399,82
1658,1658.0,astar,40.288,0.8438,622442.7368,201727.2527,84
1659,1659.0,astar,40.6913,0.8438,704242.0036,232720.1659,83
1660,1660.0,astar,40.0151,0.8775,13926740.8647,169342.1962,80
1661,1661.0,astar,40.2771,0.8775,16578973.9945,186189.8879,78
1662,1662.0,astar,39.3945,0.9113,31429107.1432,193460.6586,82
1663,1663.0,astar,39.5909,0.9113,31510055.9161,184330.5962,81
1664,1664.0,astar,39.7081,0.9788,31608431.1857,203648.0859,82
1665,1665.0,astar,40.8473,0.8775,16166193.6961,175502.2238,76
1666,1666.0,astar,40.6959,0.8775,17466036.8654,173798.4389,76
1667,1667.0,astar,40.4005,0.81,15844376.6323,191602.6219,77
1668,1668.0,astar,39.9666,0.8438,15820909.224,197537.3732,80
1669,1669.0,astar,40.1073,0.81,15809917.7298,203398.4228,79
1670,1670.0,astar,43.5289,0.5063,48466.1594,201630.4183,72
1671,1671.0,astar,43.8543,0.3375,43808.9837,206514.0165,72
1672,1672.0,astar,43.0989,0.27,41482.8208,231431.9106,77
1673,1673.0,astar,44.2525,0.2362,38354.4989,242086.6476,75
1674,1674.0,astar,44.4943,0.2362,36485.809,244468.2889,75
1675,1675.0,astar,44.6966,0.27,35579.226,251854.7813,75
1676,1676.0,astar,46.2387,0.27,33218.4371,273695.2931,72
1677,1677.0,astar,46.1635,0.3038,33059.6389,263632.0598,76
1678,1678.0,astar,46.5275,0.3038,32733.0511,251822.74,76
1679,1679.0,astar,45.8125,0.3375,33230.6303,222165.2289,77
1680,1680.0,astar,45.3412,0.4388,33772.0121,251504.2118,80
1681,1681.0,astar,46.1325,0.3713,33073.3848,259977.5365,80
1682,1682.0,astar,46.1646,0.405,33337.6338,246848.9263,80
1683,1683.0,astar,45.8381,0.405,33841.5871,253119.1818,82
1684,1684.0,astar,45.4957,0.405,34107.8981,178012.1361,81
1685,1685.0,astar,45.6444,0.405,34198.9677,197030.3998,81
1686,1686.0,astar,45.0086,0.4388,34823.491,205828.5946,81
1687,1687.0,astar,44.5139,0.4725,35129.245,216173.2097,84
1688,1688.0,astar,44.4637,0.54,35582.301,239958.1637,84
1689,1689.0,astar,44.805,0.5063,35284.2431,235360.663,85
1690,1690.0,astar,45.3966,0.54,34524.9802,245344.4748,84
1691,1691.0,astar,45.9515,0.5063,33851.9905,258504.6982,85
1692,1692.0,astar,45.7246,0.54,34028.4434,183747.9599,84
1693,1693.0,astar,45.4868,0.5063,34790.2282,209634.3872,84
1694,1694.0,astar,45.8085,0.54,34115.7672,231029.4083,84
1695,1695.0,astar,45.69,0.5063,34164.3231,198912.402,84
1696,1696.0,astar,44.8151,0.54,35275.2697,225023.4463,86
1697,1697.0,astar,44.928,0.5063,35126.8169,224413.8143,86
1698,1698.0,astar,44.5523,0.54,35644.5114,233577.6761,87
1699,1699.0,astar,44.6764,0.5063,35904.0217,203791.5299,85
1700,1700.0,astar,43.2253,0.6075,38577.378,185435.4101,87
1701,1701.0,astar,43.0729,0.6075,40190.4224,169604.7186,84
1702,1702.0,astar,42.2076,0.675,44115.9311,186848.1669,83
1703,1703.0,astar,41.4923,0.7425,202212.5296,144643.023,83
1704,1704.0,astar,41.4149,0.7763,3516932.3023,173930.5519,84
1705,1705.0,astar,41.504,0.8438,6264714.2185,189282.7498,82
1706,1706.0,astar,41.2473,0.8775,6266107.2677,178027.4662,84
1707,1707.0,astar,41.4846,0.9113,6269579.4567,202039.1208,82
1708,1708.0,astar,40.6576,1.0463,6269097.9393,167449.0663,84
1709,1709.0,astar,40.5626,1.0463,6270798.9768,191352.4056,85
1710,1710.0,astar,44.8459,0.6075,38225.6702,185069.2535,66
1711,1711.0,astar,44.8257,0.27,37942.0856,178362.6937,66
1712,1712.0,astar,45.449,0.1688,37006.56,218729.3002,67
1713,1713.0,astar,46.2843,0.0675,35515.7673,186369.2751,65
1714,1714.0,astar,44.6905,0.135,35629.5045,243506.1011,72
1715,1715.0,astar,44.1331,0.135,36956.0333,275399.8907,76
1716,1716.0,astar,43.7241,0.0675,36732.5616,306417.2521,78
1717,1717.0,astar,45.2412,0.0338,35086.8546,309392.7674,75
1718,1718.0,astar,45.6302,0.1013,34938.5645,288972.1181,77
1719,1719.0,astar,46.3728,0.0675,34327.7916,268847.2161,80
1720,1720.0,astar,46.376,0.135,34025.5018,238920.4099,81
1721,1721.0,astar,46.8252,0.1688,33782.9414,250234.9256,79
1722,1722.0,astar,46.3612,0.2025,34831.5058,254933.8266,81
1723,1723.0,astar,46.7671,0.1688,34544.0326,260795.5034,81
1724,1724.0,astar,47.2967,0.2362,34402.2501,257539.1697,80
1725,1725.0,astar,46.8417,0.2025,34725.6033,235988.2026,79
1726,1726.0,astar,46.2267,0.27,35692.4399,214095.5402,81
1727,1727.0,astar,46.8982,0.27,35211.7784,241745.6394,79
1728,1728.0,astar,46.9845,0.3038,35140.0508,223222.2154,79
1729,1729.0,astar,46.5797,0.3375,35763.6766,194101.7105,80
1730,1730.0,astar,46.5361,0.3375,36450.7868,187135.6869,80
1731,1731.0,astar,46.391,0.3375,36884.6894,221237.4492,80
1732,1732.0,astar,46.1222,0.3713,37787.3294,204115.0455,82
1733,1733.0,astar,46.3179,0.3375,37192.429,199604.9002,80
1734,1734.0,astar,46.5913,0.405,36743.7961,225697.9023,80
1735,1735.0,astar,46.1406,0.3713,37104.5568,206971.1705,81
1736,1736.0,astar,45.2698,0.4388,37036.2117,194760.9813,82
1737,1737.0,astar,45.2251,0.405,37066.5996,183450.0209,81
1738,1738.0,astar,44.7036,0.4388,37811.3468,163327.4959,81
1739,1739.0,astar,44.1978,0.405,38869.6151,196259.1582,82
1740,1740.0,astar,44.3125,0.4388,39014.9264,199653.4606,80
1741,1741.0,astar,44.0544,0.4388,39042.8649,204387.7604,82
1742,1742.0,astar,44.0744,0.4725,39059.3822,224999.919,81
1743,1743.0,astar,44.1582,0.4388,42174.5021,200974.6468,83
1744,1744.0,astar,43.6028,0.4725,41537.8195,258549.5388,84
1745,1745.0,astar,43.6641,0.4725,41373.2774,239738.6887,84
1746,1746.0,astar,44.1731,0.54,40891.2119,231292.2418,83
1747,1747.0,astar,44.3276,0.54,41144.672,194271.8681,80
1748,1748.0,astar,43.428,0.5738,41422.7364,218539.0829,83
1749,1749.0,astar,43.7611,0.54,41064.2701,218684.909,83
1750,1750.0,astar,42.952,0.6075,42233.7856,221362.8539,82
1751,1751.0,astar,42.6836,0.5738,42356.8374,186710.2808,80
1752,1752.0,astar,42.3018,0.6413,43383.8796,208402.445,79
1753,1753.0,astar,41.9126,0.6075,44218.6517,171661.0485,79
1754,1754.0,astar,41.7491,0.675,44079.0032,187868.7328,79
1755,1755.0,astar,42.9754,0.54,40039.4444,179251.1696,73
1756,1756.0,astar,42.483,0.5063,41093.5686,192876.4216,73
1757,1757.0,astar,42.16,0.4725,41890.1099,181471.7396,75
1758,1758.0,astar,41.9614,0.4725,41336.1303,176118.8484,76
1759,1759.0,astar,42.5872,0.5063,40209.8472,200302.817,74
1760,1760.0,astar,43.9303,0.3713,37920.5147,173458.7463,67
1761,1761.0,astar,44.3009,0.27,36998.0986,230443.3405,69
1762,1762.0,astar,44.1024,0.2025,36419.0156,192117.044,71
1763,1763.0,astar,44.6041,0.2362,35420.9094,193029.5667,69
1764,1764.0,astar,44.5942,0.3038,35087.0329,212395.2392,72
1765,1765.0,astar,44.8142,0.2362,35107.9617,215801.9757,74
1766,1766.0,astar,45.9618,0.2362,33693.0407,220224.2166,73
1767,1767.0,astar,46.0158,0.3038,33621.5593,207519.8437,75
1768,1768.0,astar,46.067,0.3038,33367.6808,233254.193,77
1769,1769.0,astar,45.9867,0.3038,33245.4066,248981.5613,79
1770,1770.0,astar,45.6175,0.3375,33921.1558,202034.0251,80
1771,1771.0,astar,45.9925,0.3038,33384.6901,201540.3704,79
1772,1772.0,astar,45.7379,0.3375,33684.869,210231.1035,79
1773,1773.0,astar,45.6993,0.3038,33667.7162,202281.8997,80
1774,1774.0,astar,45.2788,0.3713,34033.2512,208877.1247,82
1775,1775.0,astar,45.2866,0.3713,33963.5123,198589.8745,79
1776,1776.0,astar,44.814,0.405,35083.2967,216232.268,79
1777,1777.0,astar,44.3092,0.3713,35459.6176,211303.885,80
1778,1778.0,astar,44.1078,0.405,35801.5879,210450.0863,80
1779,1779.0,astar,44.6814,0.405,35266.5735,193627.3281,78
1780,1780.0,astar,43.0602,0.4725,36781.7546,210760.7471,80
1781,1781.0,astar,43.0031,0.4388,36990.8548,197468.6187,80
1782,1782.0,astar,43.7288,0.5063,36298.7098,241606.2149,80
1783,1783.0,astar,44.2318,0.5063,35672.6683,221541.3547,79
1784,1784.0,astar,44.6126,0.5738,35237.5075,222036.2198,81
1785,1785.0,astar,45.0597,0.54,34774.4734,204167.0166,80
1786,1786.0,astar,45.1788,0.5738,34828.541,202273.5225,82
1787,1787.0,astar,45.4712,0.54,34734.7282,200070.3993,80
1788,1788.0,astar,45.3061,0.5738,35132.5195,201379.4216,81
1789,1789.0,astar,45.1738,0.54,35485.8228,192738.9911,79
1790,1790.0,astar,44.8503,0.5738,36156.1333,189531.8711,80
1791,1791.0,astar,44.4185,0.6075,36779.8943,165891.7209,82
1792,1792.0,astar,43.9999,0.7088,37227.131,194616.0375,83
1793,1793.0,astar,43.7979,0.675,37702.984,200477.0729,83
1794,1794.0,astar,43.4168,0.7763,38943.853,197748.819,83
1795,1795.0,astar,43.0009,0.7425,40359.5666,159448.9875,81
1796,1796.0,astar,42.0465,0.81,40837.5998,170167.255,80
1797,1797.0,astar,41.4824,0.81,41361.6047,170887.686,80
1798,1798.0,astar,41.4834,0.8438,41196.768,178962.6579,81
1799,1799.0,astar,40.7178,0.8438,42044.7036,182706.4143,80
1800,1800.0,astar,44.9483,0.405,35967.7976,150872.3578,61
1801,1801.0,astar,45.2974,0.2025,35399.2452,138871.2709,61
1802,1802.0,astar,42.4618,0.135,38083.0428,165677.5834,67
1803,1803.0,astar,43.3229,0.1688,37185.5941,214479.4438,66
1804,1804.0,astar,42.998,0.3038,37657.1307,229041.8943,70
1805,1805.0,astar,43.6264,0.27,37090.8246,244491.932,72
1806,1806.0,astar,45.0806,0.3375,35457.8103,273062.2333,73
1807,1807.0,astar,45.1492,0.3375,35532.2302,273284.8464,74
1808,1808.0,astar,45.4431,0.405,35609.7018,247721.0792,77
1809,1809.0,astar,46.1107,0.405,34873.7856,242417.8176,77
1810,1810.0,astar,46.2955,0.405,35027.486,224811.3427,77
1811,1811.0,astar,46.2364,0.405,35109.5944,206360.1636,77
1812,1812.0,astar,45.2844,0.4725,35944.358,195443.4438,78
1813,1813.0,astar,45.844,0.4388,35938.5315,219871.1568,77
1814,1814.0,astar,44.5178,0.4725,40086.2681,193116.7539,79
1815,1815.0,astar,44.7459,0.4388,39111.9224,226886.3028,79
1816,1816.0,astar,44.1535,0.4725,38775.3363,183701.3445,79
1817,1817.0,astar,44.8305,0.3713,36942.4431,228736.8289,78
1818,1818.0,astar,43.8367,0.405,37227.2066,182519.2132,80
1819,1819.0,astar,44.197,0.3713,37290.8852,190357.0506,79
1820,1820.0,astar,43.8681,0.405,38810.4161,221695.8418,81
1821,1821.0,astar,44.0761,0.4388,39588.7589,208302.031,80
1822,1822.0,astar,43.9215,0.4725,40826.2066,238611.4944,82
1823,1823.0,astar,44.5078,0.4388,40561.2289,222173.0583,80
1824,1824.0,astar,44.5405,0.54,40586.2348,215711.3858,80
1825,1825.0,astar,44.6829,0.5738,40404.9197,206286.5876,82
1826,1826.0,astar,44.2657,0.5738,40749.3746,202432.8694,82
1827,1827.0,astar,44.6146,0.54,40540.8699,216800.8906,80
1828,1828.0,astar,44.1792,0.6075,40602.609,182988.4524,80
1829,1829.0,astar,44.1994,0.5738,40221.4132,227931.1673,84
1830,1830.0,astar,44.1818,0.6075,40109.0424,208371.0303,85
1831,1831.0,astar,44.595,0.5738,40002.4153,196209.6778,83
1832,1832.0,astar,43.6792,0.6413,40715.2228,217777.5882,83
1833,1833.0,astar,43.6695,0.6075,40896.2897,187600.4468,81
1834,1834.0,astar,43.1119,0.6413,41764.9217,167785.6665,82
1835,1835.0,astar,43.183,0.675,42003.3487,195510.7884,81
1836,1836.0,astar,42.1931,0.7088,42809.9073,205275.9226,80
1837,1837.0,astar,42.4168,0.675,43282.9595,199412.0459,80
1838,1838.0,astar,41.6043,0.7088,44315.076,208022.5827,82
1839,1839.0,astar,41.6791,0.7088,44952.2262,198526.5469,81
1840,1840.0,astar,40.8475,0.7425,46104.1336,197562.6056,81
1841,1841.0,astar,41.0762,0.7425,45796.5771,249019.6997,81
1842,1842.0,astar,40.6654,0.81,46006.2103,202262.3535,82
1843,1843.0,astar,41.0399,0.81,45169.0222,214723.9469,80
1844,1844.0,astar,40.417,0.8438,44922.8618,213350.8372,82
1845,1845.0,astar,41.2119,0.6413,42612.3562,206386.1037,79
1846,1846.0,astar,41.3197,0.6075,44167.4046,216080.9385,78
1847,1847.0,astar,40.5286,0.5738,46370.3171,161201.1582,79
1848,1848.0,astar,39.622,0.6413,47211.9941,172009.5877,78
1849,1849.0,astar,38.5876,0.675,49382.4523,173158.2205,81
1850,1850.0,astar,40.9824,0.4725,44840.0743,180991.8899,72
1851,1851.0,astar,41.555,0.3375,285367.8779,210662.0186,70
1852,1852.0,astar,41.6945,0.2362,438423.1193,252503.1582,72
1853,1853.0,astar,42.6939,0.405,4722562.2314,211743.7619,72
1854,1854.0,astar,43.0045,0.3713,6255932.433,242034.7053,74
1855,1855.0,astar,42.9174,0.4388,6256093.3247,264430.3263,79
1856,1856.0,astar,43.5016,0.4388,6255500.4721,280741.3406,78
1857,1857.0,astar,44.1477,0.4388,6254659.8162,250294.4152,79
1858,1858.0,astar,43.7888,0.405,6254873.99,260355.2792,81
1859,1859.0,astar,44.4137,0.405,6254492.7348,252806.3352,79
1860,1860.0,astar,44.2111,0.4725,6255386.2957,249335.3734,81
1861,1861.0,astar,44.1955,0.5063,6258991.6047,244580.6788,82
1862,1862.0,astar,43.2409,0.6075,6295594.0322,214401.8532,85
1863,1863.0,astar,43.6289,0.5738,9335051.686,261367.7477,85
1864,1864.0,astar,43.2995,0.6413,12475282.0741,208625.9352,85
1865,1865.0,astar,43.291,0.6413,12475567.0376,222594.3017,85
1866,1866.0,astar,42.3282,0.7088,12476568.0465,203076.1472,85
1867,1867.0,astar,42.7995,0.675,12476019.0919,227045.4018,83
1868,1868.0,astar,42.6014,0.7088,12476251.8957,210827.4825,85
1869,1869.0,astar,42.3655,0.675,12476428.0547,192609.6174,85
1870,1870.0,astar,42.6219,0.7088,12476220.9186,242126.8621,84
1871,1871.0,astar,43.0683,0.675,12475829.8966,224445.3431,84
1872,1872.0,astar,42.8595,0.7088,12475932.1313,196668.5898,85
1873,1873.0,astar,43.3322,0.675,12475405.1575,226202.3573,85
1874,1874.0,astar,42.5356,0.7088,12476261.9789,193539.0635,85
1875,1875.0,astar,42.8002,0.675,12475901.7087,213826.8444,85
1876,1876.0,astar,42.6105,0.7088,12476422.9278,180141.3974,84
1877,1877.0,astar,42.9075,0.675,12476362.6332,216195.5918,84
1878,1878.0,astar,42.3991,0.7088,12477298.0093,178196.1845,85
1879,1879.0,astar,42.5078,0.675,12477595.3105,188121.8832,84
1880,1880.0,astar,42.6171,0.7425,12478417.1594,217720.252,85
1881,1881.0,astar,42.5072,0.7088,12479406.9114,189024.7915,84
1882,1882.0,astar,42.3718,0.81,12481701.6181,183238.4988,82
1883,1883.0,astar,41.4039,0.81,6281578.2289,156256.0123,81
1884,1884.0,astar,40.9137,0.9113,6279806.8624,151646.9504,83
1885,1885.0,astar,40.5882,0.945,6279875.5018,170960.7308,81
1886,1886.0,astar,40.4599,0.9788,6278370.5341,149891.7936,78
1887,1887.0,astar,40.414,1.0463,6274860.9656,178860.5952,78
1888,1888.0,astar,39.7822,1.1813,6267535.8101,155477.7469,82
1889,1889.0,astar,39.9162,1.1813,6267580.828,189508.9887,82
1890,1890.0,astar,45.1775,0.675,39875.1897,162126.3435,66
1891,1891.0,astar,45.6678,0.5063,38592.1115,192243.3772,64
1892,1892.0,astar,43.7256,0.4388,40047.1825,177484.7637,71
1893,1893.0,astar,43.6322,0.3375,39849.6837,197787.4674,70
1894,1894.0,astar,42.5701,0.3713,41379.084,264365.4227,76
1895,1895.0,astar,44.1446,0.2362,38540.9084,304696.4753,78
1896,1896.0,astar,44.7809,0.27,37584.2953,280858.1813,78
1897,1897.0,astar,45.3575,0.2025,36484.1456,313792.4064,80
1898,1898.0,astar,45.0606,0.2025,36835.7904,272468.544,79
1899,1899.0,astar,45.2239,0.2025,37044.5819,253266.4147,80
1900,1900.0,astar,45.2956,0.27,36714.8689,266092.3484,82
1901,1901.0,astar,45.8141,0.27,36124.979,249460.0992,81
1902,1902.0,astar,45.1301,0.3038,36111.8456,227988.5817,83
1903,1903.0,astar,45.6718,0.3038,35405.4467,230819.1164,84
1904,1904.0,astar,45.6472,0.3375,35244.9176,222513.8354,83
1905,1905.0,astar,45.3622,0.3038,35491.0665,194644.1948,84
1906,1906.0,astar,44.6323,0.3713,36499.2466,233927.8607,83
1907,1907.0,astar,44.8754,0.3038,36328.388,195687.9998,80
1908,1908.0,astar,44.6407,0.3375,36900.3327,222192.3054,80
1909,1909.0,astar,44.9682,0.3038,37035.09,219693.5977,80
1910,1910.0,astar,44.5495,0.3375,38730.031,222309.009,81
1911,1911.0,astar,45.1786,0.3713,38125.1678,222709.7901,79
1912,1912.0,astar,44.7589,0.4388,38648.8481,184647.5545,83
1913,1913.0,astar,45.4063,0.405,38057.3311,235262.6891,81
1914,1914.0,astar,44.8934,0.5063,38906.4571,192396.4379,83
1915,1915.0,astar,44.9089,0.4725,38611.5562,179397.8027,83
1916,1916.0,astar,45.0591,0.5063,39375.6145,210448.2257,81
1917,1917.0,astar,44.8225,0.4725,39937.4517,184480.0802,80
1918,1918.0,astar,44.5211,0.54,40163.8178,195517.5989,82
1919,1919.0,astar,44.7286,0.5063,40138.6502,210985.7934,84
1920,1920.0,astar,44.6264,0.5738,40336.166,211154.863,85
1921,1921.0,astar,44.9132,0.5738,39679.3007,203886.3815,85
1922,1922.0,astar,44.5327,0.6075,39813.8831,194341.7584,86
1923,1923.0,astar,44.0428,0.5738,41211.8311,199990.9677,84
1924,1924.0,astar,43.501,0.6075,41642.5528,243557.5445,84
1925,1925.0,astar,43.1198,0.5738,43047.7042,194212.6393,83
1926,1926.0,astar,43.6161,0.675,44048.0117,166943.2094,79
1927,1927.0,astar,43.1251,0.675,44937.8978,207337.2432,82
1928,1928.0,astar,42.7917,0.675,46005.7997,202060.4981,82
1929,1929.0,astar,44.2916,0.7088,44898.746,214596.9146,77
1930,1930.0,astar,44.3483,0.7088,45046.0204,178075.8361,78
1931,1931.0,astar,43.5837,0.7425,46725.1222,189752.5389,80
1932,1932.0,astar,42.8822,0.8438,47052.7407,205119.902,82
1933,1933.0,astar,42.7239,0.7425,46684.5987,181558.4364,81
1934,1934.0,astar,42.3581,0.7763,46069.2211,208071.1763,82
1935,1935.0,astar,43.0339,0.6413,41699.4183,181805.5833,76
1936,1936.0,astar,42.6248,0.6075,41082.1379,207287.3417,78
1937,1937.0,astar,42.8166,0.5063,40156.5296,225380.9588,80
1938,1938.0,astar,43.7831,0.5063,38668.5464,216065.6295,76
1939,1939.0,astar,43.5063,0.6075,38528.9245,233699.1385,81
1940,1940.0,astar,45.3087,0.3713,35567.0339,240757.3989,75
1941,1941.0,astar,44.595,0.2025,35817.42,198233.8614,76
1942,1942.0,astar,44.6453,0.1688,35694.2881,265004.2659,81
1943,1943.0,astar,45.6098,0.135,34491.3619,215632.0065,77
1944,1944.0,astar,45.3845,0.2025,35237.7102,263204.8939,78
1945,1945.0,astar,45.6526,0.2025,35353.7862,236375.8913,79
1946,1946.0,astar,46.0625,0.27,34958.3373,271830.8325,78
1947,1947.0,astar,47.3714,0.2362,32329.2036,286448.9557,78
1948,1948.0,astar,46.5278,0.27,32641.3233,280695.9123,83
1949,1949.0,astar,46.95,0.2362,32226.5902,236818.9871,82
1950,1950.0,astar,47.05,0.3038,32302.7778,276978.272,84
1951,1951.0,astar,47.2738,0.27,32092.4122,233646.222,81
1952,1952.0,astar,47.1837,0.3038,32527.4111,238382.8459,81
1953,1953.0,astar,47.2278,0.27,32277.489,231693.1118,83
1954,1954.0,astar,46.9648,0.27,32998.9278,210837.3557,83
1955,1955.0,astar,47.29,0.3038,34731.5628,253864.3929,83
1956,1956.0,astar,46.9676,0.3375,70078.3435,230698.5526,83
1957,1957.0,astar,46.9395,0.3375,104567.987,194394.7216,83
1958,1958.0,astar,46.9901,0.3713,159936.5263,244894.9703,85
1959,1959.0,astar,46.5725,0.3375,1265612.6842,195382.5649,85
1960,1960.0,astar,46.2072,0.405,4070608.4927,247505.4414,85
1961,1961.0,astar,45.8839,0.405,6254647.0307,189441.5186,84
1962,1962.0,astar,44.3493,0.4388,6255760.5878,213512.4849,84
1963,1963.0,astar,44.3198,0.405,6255147.0413,201840.3319,82
1964,1964.0,astar,43.634,0.4725,6256845.5847,211939.8659,83
1965,1965.0,astar,43.8311,0.4725,6255120.0996,207481.9105,84
1966,1966.0,astar,43.1054,0.5063,6255937.4054,177965.8555,86
1967,1967.0,astar,42.8365,0.5738,6256365.7718,212127.414,86
1968,1968.0,astar,42.3518,0.6075,6257585.6987,220729.8982,85
1969,1969.0,astar,42.2828,0.5738,6259104.3425,180597.4435,85
1970,1970.0,astar,41.5618,0.675,6262415.1551,206781.7302,85
1971,1971.0,astar,41.5495,0.675,6269795.1322,201905.0982,84
1972,1972.0,astar,40.5999,0.7425,6311201.5071,172834.9949,83
1973,1973.0,astar,41.0575,0.7763,6631211.4719,210847.8629,85
1974,1974.0,astar,40.2787,0.8775,7234540.9176,177871.4864,85
1975,1975.0,astar,40.5957,0.8775,8231499.1014,157190.2803,84
1976,1976.0,astar,40.1489,0.9113,15828933.6542,190172.6546,85
1977,1977.0,astar,39.8128,0.945,21877434.4778,173725.8725,84
1978,1978.0,astar,39.2672,0.9788,21878885.4111,171239.4173,85
1979,1979.0,astar,39.0852,0.9788,21880641.1845,171926.3476,86
1980,1980.0,astar,43.4021,0.5738,42365.1452,166858.7582,70
1981,1981.0,astar,43.7869,0.2362,40331.8397,175455.9827,69
1982,1982.0,astar,42.5216,0.0675,40176.6643,190151.8308,75
1983,1983.0,astar,43.2369,0.0338,38669.6828,218865.2596,72
1984,1984.0,astar,41.7409,0.135,39894.3365,257965.3609,78
1985,1985.0,astar,42.1288,0.2362,39611.8727,295414.3916,82
1986,1986.0,astar,44.2582,0.2362,37400.4194,294553.8608,77
1987,1987.0,astar,44.7794,0.3038,37845.7415,327402.4461,80
1988,1988.0,astar,45.2985,0.3038,38036.5376,323726.2468,83
1989,1989.0,astar,46.3974,0.3038,38357.9303,285182.6948,83
1990,1990.0,astar,46.2542,0.3713,39090.167,231788.2916,85
1991,1991.0,astar,46.7448,0.405,37177.995,298464.1854,87
1992,1992.0,astar,47.1157,0.4388,36355.1124,250530.1113,87
1993,1993.0,astar,47.4506,0.4388,35288.5326,273317.062,88
1994,1994.0,astar,46.8991,0.4388,35742.3414,261416.8158,90
1995,1995.0,astar,46.7735,0.405,35742.2713,235040.2475,91
1996,1996.0,astar,46.456,0.4388,36035.9714,229931.4219,89
1997,1997.0,astar,46.5266,0.405,36267.6922,230425.8921,89
1998,1998.0,astar,46.4068,0.54,36618.3677,214127.4589,90
1999,1999.0,astar,46.5599,0.5063,37016.3187,226382.6824,89
2000,2000.0,astar,46.3213,0.54,38352.7281,216611.8381,89
2001,2001.0,astar,46.0022,0.5063,40121.6338,229451.0998,88
2002,2002.0,astar,45.3295,0.5738,41737.1598,185135.277,90
2003,2003.0,astar,45.2769,0.6075,42277.9007,234679.073,90
2004,2004.0,astar,45.0123,0.675,44482.1875,200619.9972,89
2005,2005.0,astar,45.0693,0.675,44391.1573,208510.0107,89
2006,2006.0,astar,44.1095,0.7763,44806.4078,207693.7819,90
2007,2007.0,astar,44.3045,0.7425,44593.578,197484.8655,89
2008,2008.0,astar,43.9683,0.81,46237.8317,209929.0717,91
2009,2009.0,astar,43.9052,0.7763,45716.8152,194483.7721,90
2010,2010.0,astar,44.027,0.81,44382.7204,208827.5177,89
2011,2011.0,astar,43.7151,0.81,44676.4927,179120.652,88
2012,2012.0,astar,42.522,0.8775,45472.5626,200606.5452,88
2013,2013.0,astar,42.2694,0.8438,47323.6105,185363.207,87
2014,2014.0,astar,41.5486,0.8775,48411.1146,193601.2773,87
2015,2015.0,astar,42.5269,0.9113,47499.1663,233452.3383,87
2016,2016.0,astar,42.805,1.0125,46595.7522,243008.0221,89
2017,2017.0,astar,42.7243,0.9788,46702.4042,197817.2798,88
2018,2018.0,astar,42.6199,1.0125,46601.4817,247192.8469,90
2019,2019.0,astar,42.9437,0.9788,46108.7694,235482.9249,89
2020,2020.0,astar,42.2354,1.0463,46270.065,201744.5462,88
2021,2021.0,astar,42.1263,1.0463,46051.0029,225896.6394,90
2022,2022.0,astar,41.4871,1.08,46761.3248,202144.7603,89
2023,2023.0,astar,41.731,1.0463,46264.8568,202006.5209,86
2024,2024.0,astar,40.8544,1.1475,50157.1938,193931.9023,86
2025,2025.0,astar,40.9465,0.9113,48768.9208,221931.2136,80
2026,2026.0,astar,41.1958,0.8775,46680.8447,196627.6975,81
2027,2027.0,astar,40.7097,0.8438,46146.5965,224301.5684,83
2028,2028.0,astar,40.5709,0.81,45849.5811,204474.3121,82
2029,2029.0,astar,40.2832,0.8438,47317.1693,199373.1944,81
2030,2030.0,astar,41.6336,0.7088,44836.0385,208726.0585,77
2031,2031.0,astar,42.0459,0.5063,42646.7521,200672.1197,74
2032,2032.0,astar,41.8061,0.4388,41473.3458,220408.2099,79
2033,2033.0,astar,42.1835,0.3375,39446.0526,265273.0767,81
2034,2034.0,astar,42.1205,0.3375,37825.4815,224529.8653,79
2035,2035.0,astar,43.2141,0.3713,36575.5022,257298.946,80
2036,2036.0,astar,43.3392,0.405,36209.0366,300620.1777,84
2037,2037.0,astar,44.4086,0.3713,35493.1912,332771.1324,85
2038,2038.0,astar,44.2986,0.4388,35944.4738,301539.5911,85
2039,2039.0,astar,45.2488,0.3713,34835.7001,294699.3641,87
2040,2040.0,astar,45.0603,0.405,35121.8048,287524.3348,89
2041,2041.0,astar,45.8739,0.3713,33957.6332,271412.877,88
2042,2042.0,astar,45.8458,0.3713,33686.6354,251130.9717,90
2043,2043.0,astar,46.307,0.3713,33177.5355,233484.182,88
2044,2044.0,astar,45.9984,0.405,33432.8774,257479.4847,90
2045,2045.0,astar,45.7126,0.4388,33866.5398,226914.618,92
2046,2046.0,astar,46.1471,0.4388,33210.8159,246478.7629,91
2047,2047.0,astar,46.5928,0.4388,32889.7591,249628.0675,91
2048,2048.0,astar,46.2309,0.4725,33404.8107,240143.1828,92
2049,2049.0,astar,46.9181,0.4388,32926.5313,242187.094,89
2050,2050.0,astar,46.0997,0.4725,33835.5166,213628.2576,90
2051,2051.0,astar,46.5291,0.4388,33443.6776,244408.8976,89
2052,2052.0,astar,46.4648,0.5063,33726.5969,226409.3564,87
2053,2053.0,astar,45.8092,0.4725,34570.1076,211843.52,87
2054,2054.0,astar,45.0071,0.5063,34727.6621,226469.9322,88
2055,2055.0,astar,45.4147,0.4725,34410.4878,233895.7077,85
2056,2056.0,astar,44.7384,0.5738,35884.868,198464.9133,87
2057,2057.0,astar,44.6331,0.5738,36071.1798,225521.5553,88
2058,2058.0,astar,44.7005,0.6075,36503.7667,268006.4723,86
2059,2059.0,astar,44.8633,0.5738,37451.5059,226042.732,87
2060,2060.0,astar,45.2658,0.6075,37329.7462,239957.9644,87
2061,2061.0,astar,45.3429,0.6075,37883.4948,187478.1929,86
2062,2062.0,astar,45.4717,0.6075,38494.7188,210995.7307,84
2063,2063.0,astar,44.6464,0.6413,41449.9731,148632.0807,85
2064,2064.0,astar,44.5568,0.7088,42029.6349,181023.3732,85
2065,2065.0,astar,44.3002,0.7088,44262.1385,206474.6224,83
2066,2066.0,astar,42.8625,0.8775,47460.237,195768.0978,82
2067,2067.0,astar,42.6933,0.945,50176.3519,189324.2229,83
2068,2068.0,astar,42.1903,0.9113,49388.3974,195536.8106,87
2069,2069.0,astar,40.3983,1.0125,49981.2117,183826.9674,86
2070,2070.0,astar,44.7097,0.54,40751.8542,153618.9742,67
2071,2071.0,astar,44.5461,0.27,39209.6973,214579.3115,69
2072,2072.0,astar,42.3412,0.27,41365.3725,210777.1559,76
2073,2073.0,astar,43.3885,0.135,38844.7133,220810.8343,71
2074,2074.0,astar,41.563,0.2025,39236.0403,254646.7864,79
2075,2075.0,astar,41.4509,0.2362,39209.0503,289618.2836,85
2076,2076.0,astar,43.1944,0.27,38975.3382,308054.017,79
2077,2077.0,astar,43.5974,0.3038,38566.1616,322457.6835,82
2078,2078.0,astar,44.7453,0.27,36741.2552,315746.5281,82
2079,2079.0,astar,45.1611,0.3038,36139.2983,266289.5586,83
2080,2080.0,astar,44.9331,0.3038,36222.5985,307972.6268,87
2081,2081.0,astar,45.4377,0.3038,35649.7226,250651.2128,85
2082,2082.0,astar,44.7482,0.3038,36519.188,255118.065,88
2083,2083.0,astar,44.8483,0.3038,36545.9492,280090.5791,90
2084,2084.0,astar,44.5163,0.3713,37247.3812,217471.4078,90
2085,2085.0,astar,44.4619,0.405,37352.3293,263755.0495,92
2086,2086.0,astar,44.4422,0.4725,37613.7572,259995.6412,92
2087,2087.0,astar,44.8321,0.4725,37576.0223,235186.2859,87
2088,2088.0,astar,44.9019,0.54,37906.9081,225835.1542,87
2089,2089.0,astar,44.8806,0.5063,38054.5449,245677.8998,89
2090,2090.0,astar,44.5208,0.54,38814.8309,200882.627,90
2091,2091.0,astar,44.5519,0.5063,39556.9401,234110.4169,91
2092,2092.0,astar,44.2786,0.5738,41233.4151,222538.8812,91
2093,2093.0,astar,44.2061,0.54,43904.5271,234196.2499,91
2094,2094.0,astar,43.71,0.6075,84984.9249,208959.1275,92
2095,2095.0,astar,43.9209,0.6413,700368.7518,217476.3671,91
2096,2096.0,astar,44.4654,0.6413,7557179.498,236868.6106,89
2097,2097.0,astar,43.9839,0.675,15787162.3554,226213.2662,91
2098,2098.0,astar,43.5622,0.675,15788344.5847,219158.8978,93
2099,2099.0,astar,43.4143,0.6413,15790490.3349,227588.829,93
2100,2100.0,astar,42.8566,0.675,15795280.9656,192996.8896,95
2101,2101.0,astar,42.9948,0.675,15814202.0378,233141.5103,92
2102,2102.0,astar,42.8187,0.7088,16054246.368,203545.6648,91
2103,2103.0,astar,42.1268,0.7088,15852112.4877,201248.1139,93
2104,2104.0,astar,41.918,0.7425,15814499.1997,213909.2197,93
2105,2105.0,astar,41.9581,0.7088,15858618.9095,230130.462,93
2106,2106.0,astar,42.0899,0.7425,16369577.5093,200538.1594,93
2107,2107.0,astar,42.012,0.7763,17168984.7627,232773.813,94
2108,2108.0,astar,42.2464,0.81,3161507.6039,225286.1746,93
2109,2109.0,astar,42.805,0.7763,89600.5769,222908.0668,92
2110,2110.0,astar,42.1124,0.81,70699.7406,221646.6358,95
2111,2111.0,astar,41.911,0.8775,62710.9617,249096.2786,96
2112,2112.0,astar,42.6721,0.8775,56941.6434,248328.8067,93
2113,2113.0,astar,43.1942,0.9113,49792.5396,248405.4446,92
2114,2114.0,astar,42.9979,0.9788,48044.0264,228891.3617,92
2115,2115.0,astar,43.3558,0.7425,42885.5842,217201.4201,86
2116,2116.0,astar,43.6526,0.5738,41260.7059,258544.527,85
2117,2117.0,astar,43.1284,0.4725,40964.9647,216674.9217,87
2118,2118.0,astar,44.2834,0.5063,38883.2493,228267.9383,81
2119,2119.0,astar,43.8234,0.54,39020.0613,224915.2931,84
2120,2120.0,astar,46.2509,0.3038,34450.3345,262808.2446,78
2121,2121.0,astar,46.3204,0.3038,34330.1041,241254.3013,79
2122,2122.0,astar,46.0075,0.2362,34175.3641,293476.2091,84
2123,2123.0,astar,47.2925,0.27,32713.7324,238611.5597,80
2124,2124.0,astar,47.0377,0.3375,33138.4074,302064.3477,87
2125,2125.0,astar,47.0624,0.27,33218.1496,274397.6505,90
2126,2126.0,astar,48.0579,0.27,32202.6164,297126.4208,86
2127,2127.0,astar,48.1658,0.27,32047.3588,278470.2491,86
2128,2128.0,astar,48.4044,0.3038,31913.5003,297859.5876,88
2129,2129.0,astar,48.4059,0.3375,31925.1308,222249.6696,89
2130,2130.0,astar,47.4416,0.3713,32321.8647,248162.597,91
2131,2131.0,astar,48.2702,0.3375,31665.9667,284744.4058,90
2132,2132.0,astar,47.4494,0.4388,32611.2842,244454.5878,91
2133,2133.0,astar,47.5669,0.3713,32534.3471,216673.0772,91
2134,2134.0,astar,47.7384,0.405,32471.942,247577.0363,91
2135,2135.0,astar,47.0257,0.5063,33410.8359,227175.784,90
2136,2136.0,astar,46.6023,0.4725,33968.9543,212044.8983,90
2137,2137.0,astar,46.9973,0.4725,33236.8686,246998.4778,89
2138,2138.0,astar,46.7732,0.54,33796.4541,201241.799,88
2139,2139.0,astar,46.1237,0.5063,34514.9148,204637.9345,89
2140,2140.0,astar,46.9115,0.4725,34122.6706,247037.0829,88
2141,2141.0,astar,46.9527,0.54,34396.3901,212755.0912,87
2142,2142.0,astar,45.7917,0.6075,35082.4696,268231.9534,89
2143,2143.0,astar,46.2614,0.6075,34676.2052,261624.9205,89
2144,2144.0,astar,46.5603,0.675,34528.1229,214631.3046,89
2145,2145.0,astar,46.6118,0.675,34474.2222,212305.5098,87
2146,2146.0,astar,46.2885,0.7088,34776.5944,228678.9868,89
2147,2147.0,astar,46.0769,0.675,35261.431,201569.3676,90
2148,2148.0,astar,45.2503,0.7763,36631.3899,213060.2025,90
2149,2149.0,astar,45.3016,0.7425,37227.2284,201967.2479,88
2150,2150.0,astar,44.6332,0.8775,39453.3535,165023.8025,90
2151,2151.0,astar,43.7568,0.8775,41688.7116,191772.143,90
2152,2152.0,astar,42.9544,0.9113,43252.3532,178973.4314,89
2153,2153.0,astar,42.7315,0.9788,45190.4177,160354.8671,88
2154,2154.0,astar,42.6595,1.0125,46967.921,171312.0186,86
2155,2155.0,astar,42.9063,1.1475,49144.732,192705.275,84
2156,2156.0,astar,42.8371,1.2488,51573.493,183529.8162,84
2157,2157.0,astar,42.9482,1.3163,54597.5521,165854.7599,84
2158,2158.0,astar,42.1675,1.3838,54523.7123,189916.5766,87
2159,2159.0,astar,41.7957,1.3838,55098.274,209784.1907,88
2160,2160.0,astar,43.9285,0.8775,45864.0603,172265.0082,70
2161,2161.0,astar,44.4552,0.3713,42118.0819,201008.8182,70
2162,2162.0,astar,43.2325,0.135,40958.1523,261012.5157,79
2163,2163.0,astar,44.4031,0.0338,37644.2684,215358.7773,69
2164,2164.0,astar,42.6488,0.0675,36743.4961,273862.834,71
2165,2165.0,astar,42.4664,0.0338,36714.0731,280577.7876,77
2166,2166.0,astar,43.5889,0.1688,35732.1561,341405.1977,78
2167,2167.0,astar,44.0513,0.2025,35626.3752,299581.1446,82
2168,2168.0,astar,44.7195,0.2025,35537.7994,322471.3281,81
2169,2169.0,astar,46.0659,0.2025,34329.2124,301179.2038,79
2170,2170.0,astar,45.5894,0.2362,34439.726,241356.4785,81
2171,2171.0,astar,45.982,0.2025,34349.5394,236810.1973,82
2172,2172.0,astar,46.4165,0.27,34497.6544,246178.9968,83
2173,2173.0,astar,46.7619,0.2362,34084.6695,276339.0179,84
2174,2174.0,astar,46.7888,0.3038,34281.7034,245925.3168,86
2175,2175.0,astar,46.8767,0.3038,34008.5502,267648.6754,86
2176,2176.0,astar,46.9985,0.3713,34045.7802,263055.9289,85
2177,2177.0,astar,47.161,0.3375,34348.1572,251484.5078,84
2178,2178.0,astar,46.8807,0.3375,35204.6592,181978.8975,83
2179,2179.0,astar,46.5409,0.3038,36271.9304,197504.3038,82
2180,2180.0,astar,45.8643,0.3375,36783.0648,247952.4953,84
2181,2181.0,astar,46.3314,0.3713,36846.2169,192554.2949,83
2182,2182.0,astar,46.9528,0.3713,36425.4675,248739.1937,84
2183,2183.0,astar,45.4017,0.3713,37807.9976,221473.6162,85
2184,2184.0,astar,45.3327,0.405,38421.5793,251941.3228,84
2185,2185.0,astar,45.2534,0.405,42237.4683,228190.4391,83
2186,2186.0,astar,44.9172,0.405,58248.7273,220390.4217,83
2187,2187.0,astar,45.462,0.405,763651.1058,247770.4587,82
2188,2188.0,astar,45.7042,0.4388,1766278.1922,214264.6639,82
2189,2189.0,astar,45.4187,0.4725,1983539.1239,202960.1254,84
2190,2190.0,astar,45.6625,0.5063,15782654.3736,236687.4289,84
2191,2191.0,astar,45.4436,0.4725,15782957.1997,224755.4369,85
2192,2192.0,astar,44.6958,0.5063,15783302.7751,234974.5106,87
2193,2193.0,astar,44.341,0.54,15783598.097,193938.9882,87
2194,2194.0,astar,44.1367,0.5738,15783769.9274,189528.787,87
2195,2195.0,astar,44.1812,0.54,15783858.3213,208927.4661,84
2196,2196.0,astar,43.9254,0.5738,15784477.9284,196322.2574,85
2197,2197.0,astar,43.7233,0.5738,15784834.2073,184998.0858,86
2198,2198.0,astar,43.2611,0.6413,15785100.091,210203.1186,83
2199,2199.0,astar,43.0714,0.6413,15785382.8791,206163.071,84
2200,2200.0,astar,42.774,0.7088,15786257.597,189006.2602,85
2201,2201.0,astar,42.9103,0.7088,15786090.9157,207891.5987,83
2202,2202.0,astar,42.5374,0.7763,15786906.2652,213104.7746,84
2203,2203.0,astar,42.5754,0.8438,15787487.3096,195899.0474,84
2204,2204.0,astar,41.3492,0.8775,15790896.8945,165374.9609,85
2205,2205.0,astar,41.9741,0.81,15790899.3812,196310.5275,80
2206,2206.0,astar,41.4707,0.7425,15790866.1369,178549.2772,78
2207,2207.0,astar,41.5616,0.675,15790667.2882,182720.4332,77
2208,2208.0,astar,41.2553,0.7425,51496.4675,176812.9719,76
2209,2209.0,astar,41.3171,0.7425,49752.4577,186348.5911,74
2210,2210.0,astar,42.2911,0.5738,43411.2072,166341.5377,71
2211,2211.0,astar,43.3933,0.4388,40703.0573,198508.26,70
2212,2212.0,astar,41.8818,0.4388,42141.2913,213981.5321,74
2213,2213.0,astar,42.4811,0.3713,40061.4546,205553.2006,72
2214,2214.0,astar,42.9369,0.4388,38590.4522,227728.6391,73
2215,2215.0,astar,42.1596,0.405,38805.2505,190821.0494,76
2216,2216.0,astar,42.9642,0.4725,38917.4964,209422.9352,74
2217,2217.0,astar,43.6662,0.4725,38128.9305,250319.2438,76
2218,2218.0,astar,43.208,0.5063,39479.4817,188323.2481,78
2219,2219.0,astar,43.4733,0.5063,39588.562,233106.7857,79
2220,2220.0,astar,43.9825,0.5738,39311.763,234036.4071,81
2221,2221.0,astar,44.2314,0.5738,38874.6044,250527.2202,81
2222,2222.0,astar,43.8559,0.6075,39246.7985,227975.0079,81
2223,2223.0,astar,44.1052,0.6075,39017.2949,224237.7122,81
2224,2224.0,astar,44.0726,0.6413,38672.1768,209623.0527,82
2225,2225.0,astar,44.3844,0.6413,38729.264,215629.1378,82
2226,2226.0,astar,43.8418,0.6413,6258538.0016,224780.9232,82
2227,2227.0,astar,43.3581,0.6413,43262.1278,189569.9452,82
2228,2228.0,astar,43.3991,0.6413,42265.801,218270.0033,83
2229,2229.0,astar,42.9226,0.675,54227.2626,205729.3575,83
2230,2230.0,astar,42.0812,0.675,171555.419,221084.3424,85
2231,2231.0,astar,42.0577,0.675,6291335.0228,188771.6751,85
2232,2232.0,astar,41.9665,0.81,10023480.833,224036.6838,86
2233,2233.0,astar,42.8991,0.7763,12169925.7082,214356.9973,85
2234,2234.0,astar,42.7031,0.81,19032020.9332,193831.728,86
2235,2235.0,astar,42.9558,0.7763,21873737.5727,196535.787,85
2236,2236.0,astar,42.6277,0.81,21874194.0969,205587.8968,85
2237,2237.0,astar,42.6687,0.7763,21874189.5309,206879.1457,84
2238,2238.0,astar,41.9511,0.81,21874984.4513,210750.5373,87
2239,2239.0,astar,42.0128,0.81,21875069.5656,213727.5607,88
2240,2240.0,astar,41.5526,0.8438,21875250.1739,224969.0188,86
2241,2241.0,astar,41.7452,0.8438,21875678.2325,213351.1978,85
2242,2242.0,astar,41.1826,0.8775,21877545.305,189266.8059,86
2243,2243.0,astar,40.8205,0.8438,21880007.4524,186807.9681,85
2244,2244.0,astar,40.9737,0.9113,21881984.0362,201167.8091,86
2245,2245.0,astar,41.1768,0.8775,21884411.6208,210456.1345,86
2246,2246.0,astar,40.6538,0.9113,21885591.7092,213690.9544,88
2247,2247.0,astar,40.9158,0.945,21885120.0197,228975.834,87
2248,2248.0,astar,40.1198,1.0463,21887980.6208,201608.495,87
2249,2249.0,astar,39.515,1.0463,21893831.9496,175275.5302,88
2250,2250.0,astar,44.7259,0.4725,42399.9814,173185.6958,68
2251,2251.0,astar,44.9751,0.1688,39147.5264,221481.3805,69
2252,2252.0,astar,43.9351,0.1688,43925.3639,184304.402,72
2253,2253.0,astar,45.4712,0.135,36001.2463,198112.1626,65
2254,2254.0,astar,42.6843,0.2025,37775.8921,263314.8464,75
2255,2255.0,astar,42.0705,0.27,38593.2242,262342.3385,81
2256,2256.0,astar,44.0449,0.2025,36214.6936,294048.5576,77
2257,2257.0,astar,44.7915,0.2362,35189.5287,263058.2134,78
2258,2258.0,astar,44.6004,0.2362,35686.4478,274963.9899,84
2259,2259.0,astar,45.7018,0.2362,34625.8876,321598.1909,85
2260,2260.0,astar,45.5837,0.27,34181.3769,250046.6304,86
2261,2261.0,astar,46.2098,0.2025,33847.0628,285448.0898,85
2262,2262.0,astar,46.15,0.2025,33944.9765,227900.8606,85
2263,2263.0,astar,46.0335,0.2025,34340.3253,240068.5478,87
2264,2264.0,astar,45.9054,0.3038,34788.5415,262565.3606,89
2265,2265.0,astar,46.2179,0.2362,34645.3314,208249.8248,87
2266,2266.0,astar,45.894,0.27,35162.8667,238654.7208,85
2267,2267.0,astar,46.0453,0.27,35140.2073,249943.835,86
2268,2268.0,astar,44.9616,0.3375,35966.0934,199709.2362,87
2269,2269.0,astar,45.2163,0.3375,35837.2153,223943.8568,87
2270,2270.0,astar,45.5039,0.405,35889.1775,234171.0923,86
2271,2271.0,astar,45.4723,0.3713,36123.1029,216056.5432,87
2272,2272.0,astar,44.5228,0.5063,15784306.8143,213572.8,88
2273,2273.0,astar,44.7898,0.4725,47584.8262,227143.0472,87
2274,2274.0,astar,43.7225,0.54,49928.863,201025.5811,88
2275,2275.0,astar,44.2095,0.5063,43813.8306,211177.4106,88
2276,2276.0,astar,43.8534,0.54,42477.5032,204463.3791,89
2277,2277.0,astar,44.0304,0.5063,41054.7654,217242.2552,90
2278,2278.0,astar,43.6618,0.5738,40585.6598,199289.2261,89
2279,2279.0,astar,43.8277,0.5738,40793.9517,202421.9118,89
2280,2280.0,astar,43.4866,0.6075,42177.3804,232429.429,90
2281,2281.0,astar,44.1515,0.6075,41737.892,220491.0169,91
2282,2282.0,astar,44.4783,0.675,41797.7245,258376.576,92
2283,2283.0,astar,44.7741,0.675,40894.2056,204317.745,89
2284,2284.0,astar,44.0955,0.7425,41755.0635,205922.1335,88
2285,2285.0,astar,44.2421,0.7425,40945.8194,234683.5414,89
2286,2286.0,astar,44.1537,0.7763,41065.3896,231750.2355,90
2287,2287.0,astar,43.6614,0.7763,41092.8247,214336.0408,90
2288,2288.0,astar,42.6471,0.8438,41970.3119,196151.0683,90
2289,2289.0,astar,42.436,0.81,48993.6313,198758.5268,86
2290,2290.0,astar,40.3923,0.8438,47848.5246,172452.5554,88
2291,2291.0,astar,40.6279,0.8775,44919.3528,205116.5614,85
2292,2292.0,astar,41.1974,0.9113,44961.7046,189286.116,81
2293,2293.0,astar,41.1779,0.9113,44865.1594,209960.4644,83
2294,2294.0,astar,40.5065,0.9788,62075.3527,204718.9974,87
2295,2295.0,astar,42.138,0.7763,41896.0079,229098.9861,81
2296,2296.0,astar,42.563,0.675,40607.8771,220177.5258,80
2297,2297.0,astar,42.7869,0.675,42020.0249,219735.9372,78
2298,2298.0,astar,43.3962,0.6413,41307.6206,184882.5405,73
2299,2299.0,astar,42.9276,0.6075,43723.4188,204456.8901,77
2300,2300.0,astar,45.1606,0.3713,38028.8537,187381.649,71
2301,2301.0,astar,45.2011,0.27,37753.3637,214972.1132,72
2302,2302.0,astar,44.6211,0.27,37829.0105,255482.1425,77
2303,2303.0,astar,46.1227,0.1688,35839.3746,217058.5898,72
2304,2304.0,astar,45.362,0.2025,36089.0695,212720.6726,74
2305,2305.0,astar,44.6169,0.1688,35954.4493,269943.1526,79
2306,2306.0,astar,45.6046,0.2025,34079.9365,299206.9606,77
2307,2307.0,astar,45.7785,0.1688,33835.4599,258148.8567,78
2308,2308.0,astar,46.1079,0.2362,33331.9142,290724.0925,81
2309,2309.0,astar,47.0455,0.2025,32645.3527,292049.4474,81
2310,2310.0,astar,45.6183,0.2362,33833.7612,269530.484,84
2311,2311.0,astar,46.3213,0.2025,33322.737,281889.3657,84
2312,2312.0,astar,46.9614,0.27,32810.944,266086.3733,83
2313,2313.0,astar,47.4707,0.2362,32294.2891,275213.0923,84
2314,2314.0,astar,47.6804,0.27,32029.4917,233301.6464,85
2315,2315.0,astar,47.9188,0.27,31806.406,225825.0709,85
2316,2316.0,astar,47.9627,0.3038,31820.2934,261318.3578,86
2317,2317.0,astar,48.4632,0.27,31459.6526,239905.0028,84
2318,2318.0,astar,48.1601,0.3038,31849.1644,230746.5547,84
2319,2319.0,astar,48.1335,0.27,31879.4055,228184.0052,84
2320,2320.0,astar,47.5769,0.3038,32223.816,192354.0102,85
2321,2321.0,astar,47.2648,0.27,32462.7807,254229.2221,84
2322,2322.0,astar,47.3444,0.27,32433.1683,220366.4932,84
2323,2323.0,astar,46.6866,0.3038,33158.4681,237605.4739,86
2324,2324.0,astar,46.1039,0.3375,34008.6683,209730.0171,86
2325,2325.0,astar,45.5477,0.3375,34457.3089,225182.2889,87
2326,2326.0,astar,45.6009,0.405,34395.7708,202708.2182,87
2327,2327.0,astar,45.4223,0.3713,34579.9486,205257.0559,87
2328,2328.0,astar,45.1165,0.4725,35170.8736,240343.0558,89
2329,2329.0,astar,45.2568,0.4725,35035.2767,209361.7316,88
2330,2330.0,astar,44.3131,0.54,35867.1339,231450.1254,88
2331,2331.0,astar,44.022,0.54,36226.477,180130.1752,86
2332,2332.0,astar,43.5965,0.5738,37073.1324,193747.7985,83
2333,2333.0,astar,43.2668,0.5738,37800.8152,193489.1879,82
2334,2334.0,astar,41.524,0.6075,41662.2111,191443.346,83
2335,2335.0,astar,41.8701,0.6413,40783.6871,202348.6659,82
2336,2336.0,astar,41.878,0.7763,43199.2578,200682.5851,83
2337,2337.0,astar,41.5843,0.7763,42933.4566,166450.02,82
2338,2338.0,astar,40.669,0.8438,44420.173,153707.9952,78
2339,2339.0,astar,40.0071,0.81,45339.4622,155329.0411,78
2340,2340.0,astar,43.1008,0.405,40242.2743,134909.2987,65
2341,2341.0,astar,42.755,0.2025,39511.0605,140739.7216,65
2342,2342.0,astar,41.4577,0.1688,41145.4349,179060.8309,69
2343,2343.0,astar,42.0357,0.1013,40249.6079,149072.1539,61
2344,2344.0,astar,41.1494,0.1688,40916.1743,228474.6963,69
2345,2345.0,astar,41.3999,0.2362,42062.0609,233942.0135,71
2346,2346.0,astar,42.6272,0.3375,42595.3916,260619.1371,69
2347,2347.0,astar,42.7134,0.405,41941.81,260433.3317,73
2348,2348.0,astar,43.3106,0.4388,42445.0532,253227.1627,72
2349,2349.0,astar,44.1697,0.4725,42798.131,231143.316,73
2350,2350.0,astar,44.7959,0.4725,42610.705,234237.3121,71
2351,2351.0,astar,43.8635,0.5063,44080.2075,175186.4655,74
2352,2352.0,astar,44.0787,0.54,43695.5107,239303.4105,77
2353,2353.0,astar,44.4619,0.54,43611.0628,226363.8528,77
2354,2354.0,astar,44.4162,0.54,43217.3588,214624.9986,79
2355,2355.0,astar,44.778,0.5063,42354.8012,225699.7175,79
2356,2356.0,astar,44.6223,0.5738,43150.6951,223777.8752,81
2357,2357.0,astar,45.4601,0.5063,41951.1858,233838.5013,78
2358,2358.0,astar,45.0954,0.54,15789879.7712,213016.7239,77
2359,2359.0,astar,45.2842,0.5063,62358.8711,187911.6164,77
2360,2360.0,astar,45.4004,0.54,63070.115,222795.8966,77
2361,2361.0,astar,45.6061,0.5063,118037.6177,173770.7239,76
2362,2362.0,astar,45.2995,0.5738,1400151.4214,205019.6366,77
2363,2363.0,astar,44.9659,0.54,15655298.3471,177216.3169,77
2364,2364.0,astar,43.8777,0.5738,15655529.0257,189945.1186,79
2365,2365.0,astar,44.0428,0.54,15655631.619,190258.442,76
2366,2366.0,astar,43.5359,0.6413,15655913.3417,200626.6513,77
2367,2367.0,astar,43.4047,0.6075,15655774.7873,162987.6264,77
2368,2368.0,astar,43.8994,0.675,15655058.9893,212134.0906,77
2369,2369.0,astar,44.2912,0.6413,87107.9405,198073.4313,77
2370,2370.0,astar,43.6031,0.675,68623.9357,170104.7582,80
2371,2371.0,astar,44.242,0.7088,57667.4246,227611.0004,78
2372,2372.0,astar,43.9412,0.7425,48577.5308,203637.2284,81
2373,2373.0,astar,43.8405,0.7088,45846.1834,193913.6792,79
2374,2374.0,astar,44.0175,0.7088,43643.5381,195199.6026,77
2375,2375.0,astar,44.4139,0.7088,42093.2105,200617.869,75
2376,2376.0,astar,44.6855,0.7425,42273.5208,175373.9032,73
2377,2377.0,astar,44.4241,0.7425,41362.5468,179383.3289,73
2378,2378.0,astar,43.8223,0.7763,41490.6637,178747.1769,73
2379,2379.0,astar,43.4884,0.7763,40892.8116,174084.9754,73
2380,2380.0,astar,43.1569,0.7763,40984.043,194093.3973,72
2381,2381.0,astar,42.6006,0.7425,41108.7651,160055.0839,73
2382,2382.0,astar,42.0259,0.7763,41784.7672,193067.7445,73
2383,2383.0,astar,42.8445,0.7763,41614.5889,210398.0575,73
2384,2384.0,astar,42.8634,0.8775,43076.9724,193277.6037,72
2385,2385.0,astar,43.9327,0.6413,40566.1696,195433.2665,65
2386,2386.0,astar,43.6682,0.5063,40347.0356,184972.8383,65
2387,2387.0,astar,43.4563,0.3713,39408.9838,196077.3728,67
2388,2388.0,astar,43.8926,0.405,38987.4958,146727.8837,62
2389,2389.0,astar,42.7951,0.405,43252.3743,192342.972,66
2390,2390.0,astar,45.4378,0.2025,34672.7501,179014.8508,59
2391,2391.0,astar,46.5,0.135,33492.9978,235767.3396,59
2392,2392.0,astar,45.2403,0.135,34859.1248,221872.8791,64
2393,2393.0,astar,45.9537,0.135,33965.898,195431.4642,65
2394,2394.0,astar,46.6488,0.1688,33055.872,239643.5261,66
2395,2395.0,astar,46.8377,0.1013,32778.7881,222268.415,68
2396,2396.0,astar,48.4745,0.0675,31226.4244,257292.8318,65
2397,2397.0,astar,48.2842,0.1013,31512.4241,218895.6215,67
2398,2398.0,astar,47.4911,0.1013,32632.4612,245436.3309,70
2399,2399.0,astar,48.3457,0.1013,31662.7782,213019.2625,68
2400,2400.0,astar,47.8463,0.135,32181.7467,188998.0912,70
2401,2401.0,astar,48.3134,0.1013,31626.2878,215447.9181,70
2402,2402.0,astar,48.4713,0.135,31198.4554,218501.9317,71
2403,2403.0,astar,48.6753,0.1013,30865.7732,216682.6021,71
2404,2404.0,astar,48.312,0.135,31219.7573,213743.9428,71
2405,2405.0,astar,48.1919,0.1013,31238.5802,184338.5484,70
2406,2406.0,astar,47.3493,0.1688,32207.3126,203017.857,72
2407,2407.0,astar,47.8201,0.1688,31647.1421,189111.1211,71
2408,2408.0,astar,46.9345,0.2025,32350.5718,201803.5106,72
2409,2409.0,astar,46.8151,0.1688,32549.6689,196282.0271,73
2410,2410.0,astar,47.2823,0.2362,31934.9446,213717.348,73
2411,2411.0,astar,47.8814,0.2025,31430.3369,189809.9351,71
2412,2412.0,astar,47.7404,0.2362,31670.348,202724.789,71
2413,2413.0,astar,47.7544,0.2025,31547.8652,185482.8657,72
2414,2414.0,astar,47.5769,0.2362,31656.6931,199095.3184,73
2415,2415.0,astar,47.4748,0.2025,31770.7008,183926.9751,72
2416,2416.0,astar,47.041,0.2362,32137.0491,200487.1209,73
2417,2417.0,astar,46.8675,0.2025,32446.1583,182301.8167,71
2418,2418.0,astar,46.7647,0.27,32749.8504,178940.5383,72
2419,2419.0,astar,46.8322,0.2362,32899.7883,174472.3545,71
2420,2420.0,astar,46.9256,0.3375,33087.6261,197352.685,70
2421,2421.0,astar,46.8529,0.3038,33499.6645,173033.3252,67
2422,2422.0,astar,46.5822,0.3375,36598.9846,178684.1956,67
2423,2423.0,astar,46.3767,0.3375,37219.9643,152445.3168,66
2424,2424.0,astar,45.5249,0.3713,38904.802,183971.0962,66
2425,2425.0,astar,44.92,0.3713,38677.7038,152709.1169,65
2426,2426.0,astar,44.9217,0.405,39231.8524,168290.3052,63
2427,2427.0,astar,44.0372,0.405,39786.3182,144026.6833,63
2428,2428.0,astar,43.7406,0.5063,40292.2001,175773.0488,62
2429,2429.0,astar,43.297,0.5738,41064.0124,169311.6232,64
2430,2430.0,astar,46.0913,0.27,36689.152,140784.7251,54
2431,2431.0,astar,46.7217,0.135,36042.6414,205299.6889,54
2432,2432.0,astar,45.0075,0.0675,37545.5555,167450.9324,58
2433,2433.0,astar,45.4695,0.1013,36986.8893,177069.4055,59
2434,2434.0,astar,45.2027,0.1013,36240.0205,212445.8979,60
2435,2435.0,astar,45.971,0.1013,35922.312,228232.4664,61
2436,2436.0,astar,46.6987,0.1688,35916.0753,258186.423,62
2437,2437.0,astar,47.3663,0.135,34999.4458,226538.7736,63
2438,2438.0,astar,46.8147,0.2025,36410.3228,237548.6279,67
2439,2439.0,astar,47.7747,0.135,34431.0648,224522.8008,65
2440,2440.0,astar,47.861,0.1688,34622.5434,215543.4013,67
2441,2441.0,astar,48.0058,0.1688,34494.7855,201952.9849,69
2442,2442.0,astar,47.8043,0.2025,34200.6599,206683.3001,70
2443,2443.0,astar,47.7921,0.1688,33857.5727,173868.6667,69
2444,2444.0,astar,47.6266,0.27,33726.2274,213327.585,70
2445,2445.0,astar,47.3392,0.2362,33853.7754,175815.4327,69
2446,2446.0,astar,48.0274,0.3038,33265.8637,197956.8262,68
2447,2447.0,astar,48.0839,0.27,33059.2598,164093.6929,68
2448,2448.0,astar,48.1728,0.3038,32948.027,164315.165,68
2449,2449.0,astar,48.503,0.3038,32758.3229,167342.4815,65
2450,2450.0,astar,48.0037,0.3375,33345.4674,156125.1471,66
2451,2451.0,astar,48.0834,0.3038,33237.2256,164832.3357,66
2452,2452.0,astar,48.2309,0.3375,33048.8286,181387.689,66
2453,2453.0,astar,47.6151,0.3713,33686.5811,146011.487,67
2454,2454.0,astar,46.6419,0.405,34582.7271,194228.3619,70
2455,2455.0,astar,46.6694,0.405,34375.6488,151996.3605,70
2456,2456.0,astar,46.0476,0.4388,34649.3425,177298.1528,71
2457,2457.0,astar,46.0541,0.405,34698.578,204232.2573,72
2458,2458.0,astar,45.5511,0.4388,35667.6079,178609.1639,73
2459,2459.0,astar,45.6266,0.4388,35968.173,187701.2702,72
2460,2460.0,astar,45.4142,0.54,37019.3836,184714.5509,73
2461,2461.0,astar,45.3916,0.5063,38660.8274,158118.3882,72
2462,2462.0,astar,44.8515,0.54,46834.3178,163472.5488,72
2463,2463.0,astar,44.9254,0.54,416500.6599,179469.2075,71
2464,2464.0,astar,43.975,0.6075,795797.6281,152808.3533,72
2465,2465.0,astar,44.32,0.5738,15787112.0946,185419.2951,72
2466,2466.0,astar,43.9136,0.6413,15787274.3055,160914.6484,72
2467,2467.0,astar,43.7175,0.6075,15787366.5699,173229.8284,72
2468,2468.0,astar,43.3014,0.6413,15788342.8963,162472.2795,72
2469,2469.0,astar,43.0031,0.6075,15788940.2117,174975.2471,70
2470,2470.0,astar,41.6933,0.675,15790823.9872,176435.9575,71
2471,2471.0,astar,41.3668,0.675,15791840.8702,184870.9841,71
2472,2472.0,astar,40.6803,0.7425,15792709.0866,151552.6604,72
2473,2473.0,astar,40.6829,0.81,15792841.8059,187374.103,72
2474,2474.0,astar,40.4326,0.8438,15792259.1664,170478.192,73
2475,2475.0,astar,41.5789,0.675,15788837.718,180020.4573,68
2476,2476.0,astar,41.9133,0.6075,15788962.325,162560.6348,65
2477,2477.0,astar,41.3998,0.6075,15789744.5224,141377.7336,66
2478,2478.0,astar,41.1666,0.7088,15791098.664,148616.5005,67
2479,2479.0,astar,40.8405,0.7425,15792174.8421,205124.2458,71
2480,2480.0,astar,43.5983,0.54,39223.5042,182252.672,62
2481,2481.0,astar,44.5633,0.3375,37995.6815,187115.2644,62
2482,2482.0,astar,43.8927,0.2362,38044.7616,200463.4299,67
2483,2483.0,astar,45.2073,0.1688,35667.5462,228428.0595,63
2484,2484.0,astar,44.2813,0.2025,36375.9607,216476.4186,70
2485,2485.0,astar,44.3524,0.2025,96910.1626,249019.7448,70
2486,2486.0,astar,43.7572,0.2362,39042.2538,239727.99,71
2487,2487.0,astar,44.1649,0.2025,36721.8977,250923.9194,73
2488,2488.0,astar,44.6894,0.2025,52217.497,255810.794,74
2489,2489.0,astar,44.6846,0.2025,58363.8146,206566.7864,76
2490,2490.0,astar,44.3919,0.27,4088696.7722,264890.4431,78
2491,2491.0,astar,45.2003,0.27,6253188.8105,263203.177,77
2492,2492.0,astar,44.9042,0.3038,6253249.2925,236507.8174,78
2493,2493.0,astar,45.2343,0.27,6253168.424,216852.0166,77
2494,2494.0,astar,45.0973,0.3038,6253347.3106,232175.125,78
2495,2495.0,astar,44.995,0.27,6253673.4764,195332.6657,79
2496,2496.0,astar,45.8016,0.27,6252987.2848,254035.2709,78
2497,2497.0,astar,44.6385,0.3038,6254010.5648,173754.4939,79
2498,2498.0,astar,45.7509,0.3038,6253157.158,239278.1579,78
2499,2499.0,astar,45.6538,0.27,6253125.7335,215173.5128,80
2500,2500.0,astar,44.7027,0.3375,6254459.585,176800.2847,82
2501,2501.0,astar,45.3802,0.3375,6253573.6468,254048.9096,82
2502,2502.0,astar,45.7207,0.3375,6253358.9691,212785.9508,81
2503,2503.0,astar,45.1354,0.3038,6255560.365,229450.314,81
2504,2504.0,astar,44.6213,0.3375,6255039.3551,209963.8459,81
2505,2505.0,astar,45.0389,0.3038,6253847.3715,203226.7995,82
2506,2506.0,astar,44.0654,0.3713,6255022.0382,199890.6974,83
2507,2507.0,astar,43.8692,0.3375,6254856.1487,219530.6902,81
2508,2508.0,astar,43.7296,0.4388,6254637.5392,217516.4873,80
2509,2509.0,astar,43.3482,0.4388,6254811.258,206684.7939,81
2510,2510.0,astar,42.0765,0.4725,6256872.3561,189827.402,83
2511,2511.0,astar,41.7438,0.4725,6256757.2484,158009.8109,81
2512,2512.0,astar,40.8561,0.5063,6258204.1061,199398.819,82
2513,2513.0,astar,41.2217,0.54,6258548.1269,202673.093,80
2514,2514.0,astar,40.8323,0.6075,6260382.0433,193334.9739,78
2515,2515.0,astar,40.3466,0.675,6261007.2419,188082.8239,78
2516,2516.0,astar,40.5112,0.675,6260822.8543,185908.2115,78
2517,2517.0,astar,40.3929,0.7088,6260772.3916,153931.7095,78
2518,2518.0,astar,39.8919,0.7763,6260761.7495,179173.3206,79
2519,2519.0,astar,39.8493,0.8438,6261105.6842,162096.4461,78
2520,2520.0,astar,44.6413,0.3713,35573.2057,132939.5678,62
2521,2521.0,astar,44.6237,0.135,35900.1501,139971.8326,59
2522,2522.0,astar,43.182,0.1013,37745.0709,177271.4769,63
2523,2523.0,astar,43.1477,0.2025,38652.786,154253.4579,64
2524,2524.0,astar,42.5555,0.2362,39680.5236,218775.0051,71
2525,2525.0,astar,42.1729,0.3038,40316.7235,249955.7347,77
2526,2526.0,astar,43.7871,0.3713,38469.6606,275164.3846,73
2527,2527.0,astar,44.5471,0.4388,37357.7338,258437.3863,76
2528,2528.0,astar,43.9496,0.4725,37717.0708,263404.4451,80
2529,2529.0,astar,45.2532,0.3713,36236.563,262659.5626,81
2530,2530.0,astar,45.4282,0.4388,35506.1302,248899.4397,82
2531,2531.0,astar,46.122,0.405,34841.6529,249714.6812,81
2532,2532.0,astar,46.455,0.4388,34691.5685,237432.4569,81
2533,2533.0,astar,46.5361,0.405,34698.8618,206296.017,83
2534,2534.0,astar,46.2967,0.4388,35093.8523,199190.8393,85
2535,2535.0,astar,46.438,0.405,35082.4454,269960.8524,84
2536,2536.0,astar,45.9007,0.4725,35756.058,191119.3514,85
2537,2537.0,astar,45.4188,0.4388,35885.1054,186302.0071,86
2538,2538.0,astar,45.3173,0.4725,36066.9021,208135.5457,85
2539,2539.0,astar,45.9326,0.4388,36463.2753,226612.8339,84
2540,2540.0,astar,45.8512,0.4725,35969.9221,241263.0392,86
2541,2541.0,astar,46.1418,0.4388,35539.8398,203143.7178,85
2542,2542.0,astar,46.2095,0.4725,35310.9504,242880.2247,86
2543,2543.0,astar,46.9975,0.5063,34652.1333,213041.5347,83
2544,2544.0,astar,45.9905,0.54,35174.1428,217569.583,84
2545,2545.0,astar,46.4388,0.5063,34762.8052,246128.4618,84
2546,2546.0,astar,46.1717,0.54,35118.8725,210609.8753,85
2547,2547.0,astar,45.985,0.5738,35393.0242,215289.6019,85
2548,2548.0,astar,45.2206,0.5738,36903.2251,214595.3302,86
2549,2549.0,astar,45.2672,0.54,36560.6578,217785.5608,87
2550,2550.0,astar,45.3262,0.5738,36321.7498,209964.8834,86
2551,2551.0,astar,45.3241,0.54,36774.8273,216300.297,86
2552,2552.0,astar,44.9568,0.5738,37602.1269,208943.134,85
2553,2553.0,astar,45.2091,0.54,37704.3637,205192.4202,84
2554,2554.0,astar,44.0628,0.5738,39358.7755,188556.6528,87
2555,2555.0,astar,44.3716,0.5738,39362.9023,231129.3847,85
2556,2556.0,astar,44.2067,0.675,39502.9581,197101.9875,84
2557,2557.0,astar,43.7009,0.7088,40098.8229,198169.85,84
2558,2558.0,astar,42.9973,0.7425,41129.6987,216059.2987,85
2559,2559.0,astar,43.0642,0.7088,41243.5656,176685.647,83
2560,2560.0,astar,42.7404,0.7425,42973.7411,209536.4723,79
2561,2561.0,astar,43.0441,0.8438,42998.5915,237225.9516,83
2562,2562.0,astar,42.9567,0.8775,42645.7792,176326.0262,82
2563,2563.0,astar,42.8066,0.8775,43647.0175,232704.4648,81
2564,2564.0,astar,42.8628,0.945,43714.582,192469.4368,80
2565,2565.0,astar,43.0934,0.7763,41943.2582,186686.8577,75
2566,2566.0,astar,42.1016,0.6413,42439.7118,167435.9826,78
2567,2567.0,astar,41.9054,0.5063,44228.5707,177168.2762,75
2568,2568.0,astar,41.8744,0.5063,1616267.8301,192451.7463,72
2569,2569.0,astar,41.5539,0.5063,3377518.5093,166002.9673,72
2570,2570.0,astar,42.3366,0.3038,6260062.0595,188032.9824,69
2571,2571.0,astar,42.6343,0.1688,6259458.5333,219195.8347,69
2572,2572.0,astar,42.4661,0.3038,6259009.2713,236639.7634,72
2573,2573.0,astar,43.3067,0.3038,6257934.8878,198549.6634,71
2574,2574.0,astar,43.4005,0.3375,6257063.9065,264977.8125,75
2575,2575.0,astar,44.176,0.3038,6255690.0947,277000.5422,77
2576,2576.0,astar,44.5187,0.3375,6254938.1326,278261.771,79
2577,2577.0,astar,45.437,0.27,6253812.6491,300070.6297,80
2578,2578.0,astar,45.9627,0.27,6253292.709,268927.4294,82
2579,2579.0,astar,47.002,0.2362,6252257.5712,289366.1967,80
2580,2580.0,astar,46.7952,0.27,6252376.0267,266333.8956,84
2581,2581.0,astar,47.0279,0.27,6252180.4741,219613.0275,84
2582,2582.0,astar,46.6576,0.3038,6252964.0277,224111.4662,84
2583,2583.0,astar,46.9496,0.27,6252525.3453,243019.9905,85
2584,2584.0,astar,46.2085,0.3038,6252712.8849,205060.3454,83
2585,2585.0,astar,46.1688,0.2362,6252745.0978,202948.443,83
2586,2586.0,astar,45.4808,0.27,6253524.0935,205849.6321,86
2587,2587.0,astar,45.8126,0.2362,6253279.1478,234757.769,85
2588,2588.0,astar,45.7313,0.27,6254375.1369,258349.2465,85
2589,2589.0,astar,45.7764,0.3038,6254799.3524,203555.4789,85
2590,2590.0,astar,45.9101,0.3713,6254763.1347,260950.724,85
2591,2591.0,astar,45.4435,0.3713,6255174.0139,185578.279,87
2592,2592.0,astar,45.7704,0.405,6255359.6049,242458.8499,87
2593,2593.0,astar,45.719,0.3713,6255366.9457,222352.2702,88
2594,2594.0,astar,45.7053,0.5063,6255488.9313,217842.4213,89
2595,2595.0,astar,45.4542,0.4725,6255729.5936,194746.8333,88
2596,2596.0,astar,45.0956,0.54,6255976.0501,242977.6469,88
2597,2597.0,astar,45.3354,0.5063,6255571.4593,218261.5214,87
2598,2598.0,astar,44.655,0.54,6256074.1164,210911.9546,85
2599,2599.0,astar,44.5687,0.54,6256033.8698,187176.6322,84
2600,2600.0,astar,44.2189,0.5738,6256439.6584,179529.3481,86
2601,2601.0,astar,43.9384,0.5738,6256688.8653,212911.9733,87
2602,2602.0,astar,43.6861,0.6413,6256730.8705,200496.0025,87
2603,2603.0,astar,43.4265,0.675,6257066.2917,194584.8225,87
2604,2604.0,astar,42.6621,0.7425,6258556.4482,198269.9125,85
2605,2605.0,astar,42.2914,0.7425,6259251.1065,188770.8014,86
2606,2606.0,astar,41.9199,0.7425,6260268.499,162331.7851,83
2607,2607.0,astar,41.3459,0.81,6261292.1739,172210.8952,84
2608,2608.0,astar,39.7685,0.8775,6262997.0241,162360.0084,87
2609,2609.0,astar,39.0719,0.9788,6264300.9455,195187.0686,87
2610,2610.0,astar,43.1977,0.405,38943.0599,133941.6186,69
2611,2611.0,astar,42.4221,0.27,40820.3937,125647.7347,69
2612,2612.0,astar,40.3976,0.3375,45536.1624,167310.3592,75
2613,2613.0,astar,40.326,0.3375,45915.0024,171664.2692,70
2614,2614.0,astar,38.3197,0.4388,46624.7261,246031.0462,78
2615,2615.0,astar,38.6354,0.5063,46266.0769,265499.5919,81
2616,2616.0,astar,40.0936,0.5738,44471.085,324225.9385,80
2617,2617.0,astar,40.5125,0.5063,43678.4019,298275.5469,82
2618,2618.0,astar,41.607,0.54,42377.0781,296786.4727,81
2619,2619.0,astar,42.5709,0.5063,41021.1407,278882.3855,81
2620,2620.0,astar,41.8437,0.54,41077.6376,247881.5636,83
2621,2621.0,astar,42.8599,0.5063,40160.7931,206716.6023,79
2622,2622.0,astar,42.9231,0.5063,40575.837,236429.4574,80
2623,2623.0,astar,42.7683,0.5063,42755.4182,185769.8686,81
2624,2624.0,astar,42.4951,0.54,43189.4021,262173.8651,83
2625,2625.0,astar,42.8457,0.54,41337.3214,219600.1429,81
2626,2626.0,astar,42.3836,0.54,40955.0398,228640.8584,82
2627,2627.0,astar,42.9208,0.5063,40732.7952,216111.773,81
2628,2628.0,astar,42.3527,0.5738,41100.8861,180022.9831,82
2629,2629.0,astar,42.9191,0.54,40638.552,227659.9632,82
2630,2630.0,astar,43.0456,0.5738,40046.6695,240543.2819,82
2631,2631.0,astar,43.3729,0.54,40163.4784,204779.0512,83
2632,2632.0,astar,43.5975,0.5738,39909.0606,234457.6467,84
2633,2633.0,astar,44.1636,0.54,39612.2706,246317.8293,84
2634,2634.0,astar,44.2783,0.5738,39455.9979,224613.8348,84
2635,2635.0,astar,44.695,0.54,38458.165,211171.9848,84
2636,2636.0,astar,44.9217,0.54,38141.9042,194412.6863,82
2637,2637.0,astar,44.9213,0.5738,38778.564,194539.675,81
2638,2638.0,astar,44.334,0.5738,39728.065,205218.5151,84
2639,2639.0,astar,43.6898,0.54,40608.5723,201610.7073,86
2640,2640.0,astar,43.6132,0.54,41248.5976,198054.5969,86
2641,2641.0,astar,43.4489,0.5738,42763.7009,182265.5111,84
2642,2642.0,astar,43.1618,0.5738,45650.8228,209683.1804,84
2643,2643.0,astar,42.4784,0.6075,50034.098,178410.9771,83
2644,2644.0,astar,42.8528,0.7088,53249.6162,193001.9723,83
2645,2645.0,astar,43.1964,0.7088,54027.9756,193260.893,81
2646,2646.0,astar,42.5955,0.7763,51275.8962,178306.865,79
2647,2647.0,astar,41.9715,0.7425,50193.5939,178227.5439,82
2648,2648.0,astar,41.7382,0.7763,47855.9681,222364.5037,85
2649,2649.0,astar,42.1942,0.7425,46758.3891,205467.826,83
2650,2650.0,astar,42.1785,0.7425,48056.5415,198192.868,84
2651,2651.0,astar,41.7699,0.81,49550.468,206115.7914,84
2652,2652.0,astar,41.6693,0.8438,53033.3804,210730.6459,84
2653,2653.0,astar,41.6865,0.8438,54237.9447,186933.3627,84
2654,2654.0,astar,40.9773,0.9113,61303.7829,210366.7087,83
2655,2655.0,astar,41.3047,0.7425,68566.5949,175136.6459,76
2656,2656.0,astar,41.782,0.6413,129498.0082,205631.613,77
2657,2657.0,astar,41.2666,0.6413,154327.2183,176070.8769,76
2658,2658.0,astar,41.4769,0.675,455802.1706,198469.4559,75
2659,2659.0,astar,41.5291,0.7763,4875954.6357,161711.8335,75
2660,2660.0,astar,42.6081,0.54,43556.393,177084.1134,69
2661,2661.0,astar,42.941,0.4388,42074.7348,207104.7979,69
2662,2662.0,astar,42.7326,0.3375,40976.4992,233851.4055,74
2663,2663.0,astar,43.5401,0.2362,39549.0195,203620.3882,72
2664,2664.0,astar,44.9217,0.2025,36949.3799,241390.6679,69
2665,2665.0,astar,44.5126,0.2025,36464.5153,259354.8872,76
2666,2666.0,astar,45.7515,0.2362,34548.2881,267974.7709,72
2667,2667.0,astar,46.9661,0.2362,33247.9526,273801.7278,74
2668,2668.0,astar,47.1784,0.27,33127.5832,301164.2712,78
2669,2669.0,astar,48.1035,0.2362,32091.2311,269626.5493,78
2670,2670.0,astar,48.4534,0.3038,32048.0633,316803.6083,80
2671,2671.0,astar,48.8209,0.27,31582.4736,242439.532,81
2672,2672.0,astar,47.9171,0.3038,32790.9033,207140.7026,82
2673,2673.0,astar,48.2555,0.27,32316.8985,247835.4031,81
2674,2674.0,astar,48.0658,0.3038,32385.3836,202065.8087,82
2675,2675.0,astar,47.8518,0.27,32573.5036,212595.138,83
2676,2676.0,astar,47.6924,0.3713,32808.8075,224170.5006,83
2677,2677.0,astar,48.4385,0.3375,32020.8711,186195.6604,79
2678,2678.0,astar,47.3834,0.3375,33766.9861,221710.9475,81
2679,2679.0,astar,47.2258,0.3038,33785.8574,223711.4954,79
2680,2680.0,astar,46.7625,0.3713,34195.7731,201006.9219,79
2681,2681.0,astar,47.1025,0.3375,33717.1959,194573.829,78
2682,2682.0,astar,47.073,0.405,33854.8722,194916.861,78
2683,2683.0,astar,47.24,0.405,33717.2121,163783.5041,76
2684,2684.0,astar,46.6853,0.4388,34660.0912,206150.9114,77
2685,2685.0,astar,46.7453,0.4388,34461.442,209323.8365,79
2686,2686.0,astar,46.7242,0.4725,34883.165,207887.6657,78
2687,2687.0,astar,46.6729,0.4725,34820.2743,181077.8601,79
2688,2688.0,astar,46.254,0.5063,35293.1003,179774.468,80
2689,2689.0,astar,46.8012,0.4725,34944.019,172268.634,78
2690,2690.0,astar,46.1554,0.54,35691.6392,182148.5965,79
2691,2691.0,astar,46.7465,0.5063,35206.9534,191774.3698,78
2692,2692.0,astar,45.5441,0.54,36974.7232,186688.0727,79
2693,2693.0,astar,45.3594,0.54,37740.6133,167861.6688,80
2694,2694.0,astar,45.333,0.6075,38590.5865,210599.4841,79
2695,2695.0,astar,45.176,0.6075,39038.753,171799.4066,78
2696,2696.0,astar,44.7407,0.7088,39977.2317,207862.9304,79
2697,2697.0,astar,44.2857,0.7763,39556.5197,157556.053,81
2698,2698.0,astar,44.0187,0.7763,41090.2633,174610.7599,80
2699,2699.0,astar,43.2653,0.8438,43646.9593,156383.1996,81
2700,2700.0,astar,43.7121,0.5738,40917.4233,146877.026,70
2701,2701.0,astar,43.9887,0.405,40456.7941,163014.7299,68
2702,2702.0,astar,42.5244,0.3375,41599.6217,199523.3122,75
2703,2703.0,astar,43.868,0.2025,38823.348,186890.8299,68
2704,2704.0,astar,43.1023,0.2025,39534.1907,218559.6927,71
2705,2705.0,astar,43.3306,0.1688,39215.9149,244724.3665,78
2706,2706.0,astar,43.6894,0.2362,38294.7926,304253.2411,78
2707,2707.0,astar,44.6279,0.2362,37131.0744,293643.3912,79
2708,2708.0,astar,45.504,0.27,36032.8859,313305.0537,80
2709,2709.0,astar,46.2927,0.2362,35282.7062,283774.7862,80
2710,2710.0,astar,46.2567,0.27,35282.8945,234493.824,80
2711,2711.0,astar,46.3387,0.27,35445.2143,236579.7476,83
2712,2712.0,astar,46.3463,0.27,35021.9645,229871.4069,83
2713,2713.0,astar,46.6991,0.27,34518.2741,234611.9313,83
2714,2714.0,astar,46.1438,0.3038,35309.1457,229658.7041,83
2715,2715.0,astar,45.8561,0.27,35622.3445,183181.489,80
2716,2716.0,astar,45.6655,0.3375,36068.6688,234347.2951,80
2717,2717.0,astar,45.8148,0.3375,36344.4044,209317.9024,80
2718,2718.0,astar,46.3559,0.3375,36068.6915,223669.8954,79
2719,2719.0,astar,46.1191,0.405,36937.8101,230421.2259,81
2720,2720.0,astar,46.0406,0.405,37140.9859,191244.3892,82
2721,2721.0,astar,45.3418,0.3713,38051.3433,189209.1627,82
2722,2722.0,astar,45.2598,0.405,38576.7323,220464.117,82
2723,2723.0,astar,45.4046,0.4388,38335.2295,211229.1897,81
2724,2724.0,astar,45.5622,0.5063,38122.1961,178285.9797,81
2725,2725.0,astar,45.7406,0.4725,38745.9717,228282.0527,83
2726,2726.0,astar,44.8147,0.5063,42395.5435,194799.1627,85
2727,2727.0,astar,44.9266,0.4725,42960.1507,210991.9149,82
2728,2728.0,astar,43.457,0.5063,45020.0053,193464.0662,82
2729,2729.0,astar,43.4602,0.5063,46591.2544,195561.0479,82
2730,2730.0,astar,44.2499,0.54,43833.6113,220246.5382,82
2731,2731.0,astar,44.9019,0.54,42788.9903,185383.0126,78
2732,2732.0,astar,45.0212,0.6075,42994.9585,204724.5705,80
2733,2733.0,astar,44.997,0.5738,42400.8065,207908.1381,82
2734,2734.0,astar,44.9,0.6075,42099.6298,178964.8228,82
2735,2735.0,astar,44.6771,0.5738,42221.0123,202168.8994,82
2736,2736.0,astar,43.8511,0.6075,45337.1639,193724.5732,81
2737,2737.0,astar,43.3426,0.6075,52007.3953,179922.5353,79
2738,2738.0,astar,42.9798,0.6413,69341.3728,192027.1802,81
2739,2739.0,astar,43.0656,0.6075,79423.122,206401.9171,82
2740,2740.0,astar,42.8774,0.675,64161.6491,196703.3141,81
2741,2741.0,astar,43.1315,0.7088,56016.5561,208485.0885,79
2742,2742.0,astar,42.6693,0.7425,51399.2765,214120.5487,80
2743,2743.0,astar,42.6458,0.7425,48383.787,209579.5095,78
2744,2744.0,astar,41.9991,0.81,46994.7113,176209.3712,79
2745,2745.0,astar,42.6907,0.6413,38872.9362,180406.4114,74
2746,2746.0,astar,41.7567,0.675,39937.9766,199750.3154,76
2747,2747.0,astar,41.799,0.5738,39816.3436,253390.1025,79
2748,2748.0,astar,43.1601,0.5738,38156.0774,211343.2589,72
2749,2749.0,astar,42.9839,0.6413,38244.7051,198906.7677,73
2750,2750.0,astar,43.6836,0.54,36373.0861,183037.9562,69
2751,2751.0,astar,44.6682,0.3713,35265.1381,232712.4082,68
2752,2752.0,astar,44.3738,0.3375,35351.8837,198941.9795,72
2753,2753.0,astar,45.5822,0.3375,33985.155,223880.5813,69
2754,2754.0,astar,45.8294,0.3713,33911.2427,236463.8541,70
2755,2755.0,astar,46.1312,0.3713,33592.3899,227879.8594,72
2756,2756.0,astar,45.9587,0.4388,33846.9739,240067.7471,74
2757,2757.0,astar,46.3621,0.405,33499.3016,233835.4631,74
2758,2758.0,astar,45.7768,0.4388,34517.2321,244841.105,76
2759,2759.0,astar,46.1014,0.4388,34079.7299,230512.2695,77
2760,2760.0,astar,45.4955,0.5063,35008.0433,188834.2439,78
2761,2761.0,astar,45.8874,0.4725,34352.648,229622.8943,78
2762,2762.0,astar,45.5793,0.5063,34697.5058,197557.3063,78
2763,2763.0,astar,45.8218,0.5063,34352.5081,188428.3113,77
2764,2764.0,astar,44.9376,0.54,34782.7647,201960.3981,77
2765,2765.0,astar,45.3104,0.54,34512.5371,229120.347,77
2766,2766.0,astar,44.9743,0.6075,34679.5803,224931.4734,79
2767,2767.0,astar,45.2069,0.5738,34379.7564,192301.7472,78
2768,2768.0,astar,45.0623,0.6075,34576.2245,193663.6414,77
2769,2769.0,astar,45.3126,0.5738,34375.4647,217005.0926,77
2770,2770.0,astar,45.0994,0.5738,34772.1779,197174.0248,75
2771,2771.0,astar,44.9602,0.5738,34978.7263,192043.4918,77
2772,2772.0,astar,44.1552,0.6413,36152.7687,192411.8418,78
2773,2773.0,astar,43.8865,0.6413,39174.3442,187244.3454,80
2774,2774.0,astar,43.2698,0.675,125848.7321,218074.0716,82
2775,2775.0,astar,43.2964,0.675,198039.9507,221573.2925,83
2776,2776.0,astar,42.6731,0.7425,678413.519,238230.1857,84
2777,2777.0,astar,43.1424,0.7425,981190.2304,209085.8901,82
2778,2778.0,astar,42.5392,0.7763,6258216.9674,191028.2544,82
2779,2779.0,astar,42.7544,0.7763,6258253.4183,205258.0701,82
2780,2780.0,astar,42.8089,0.9113,6258581.4867,213791.2944,83
2781,2781.0,astar,42.5782,0.9113,46805.9283,196800.2136,82
2782,2782.0,astar,41.6072,0.945,44993.7726,156343.4061,82
2783,2783.0,astar,40.7783,0.945,45471.7808,173967.2055,81
2784,2784.0,astar,40.8876,0.9788,45966.8598,171004.3348,80
2785,2785.0,astar,40.6173,1.08,50858.989,147641.7005,80
2786,2786.0,astar,39.7513,1.215,387139.6084,193526.3308,81
2787,2787.0,astar,40.2127,1.215,570802.3865,196492.5759,82
2788,2788.0,astar,39.93,1.2488,6265766.0586,183978.2889,84
2789,2789.0,astar,39.6087,1.215,6266233.9664,178044.6223,85
2790,2790.0,astar,45.7126,0.6413,35599.0362,179315.0907,66
2791,2791.0,astar,45.8728,0.3375,35479.1146,184688.1485,66
2792,2792.0,astar,44.9252,0.1688,36047.2163,223200.1435,70
2793,2793.0,astar,45.1865,0.1688,35193.3071,196483.0061,68
2794,2794.0,astar,43.1432,0.135,37308.8303,253992.7345,77
2795,2795.0,astar,42.6806,0.2025,38412.7843,269231.5471,84
2796,2796.0,astar,44.2658,0.27,37163.6087,278275.8226,80
2797,2797.0,astar,44.2419,0.3038,37442.0773,280578.4014,84
2798,2798.0,astar,44.4104,0.3375,36926.0285,281324.8016,81
2799,2799.0,astar,44.6956,0.3038,36834.458,232057.2105,80
2800,2800.0,astar,44.3437,0.3038,37298.8832,273319.5774,85
2801,2801.0,astar,44.68,0.27,37236.3296,292940.5254,85
2802,2802.0,astar,44.0611,0.3038,38666.063,241558.6082,84
2803,2803.0,astar,44.6263,0.27,38821.0268,272117.9188,86
2804,2804.0,astar,44.6534,0.3713,39724.1709,250136.4035,88
2805,2805.0,astar,45.0281,0.3713,40169.3726,277025.5602,87
2806,2806.0,astar,45.4914,0.405,40071.7513,241514.8856,85
2807,2807.0,astar,45.6931,0.4388,40094.1749,228962.0051,85
2808,2808.0,astar,45.856,0.4388,40639.3299,247233.617,85
2809,2809.0,astar,45.6037,0.405,40833.3756,207117.0501,85
2810,2810.0,astar,45.4643,0.4388,41386.3531,223468.1879,85
2811,2811.0,astar,44.8683,0.405,53449.5316,231291.029,86
2812,2812.0,astar,44.4749,0.4388,57929.3826,208914.3873,86
2813,2813.0,astar,44.6218,0.405,121235.5027,233797.5353,87
2814,2814.0,astar,44.5386,0.4388,16198189.6374,244148.8623,87
2815,2815.0,astar,44.7465,0.4388,1085206.1259,207455.105,86
2816,2816.0,astar,44.0118,0.4725,6715564.281,192731.0342,89
2817,2817.0,astar,44.2707,0.4388,15655146.4216,232330.8507,90
2818,2818.0,astar,44.5223,0.5063,15654042.236,226362.3318,89
2819,2819.0,astar,44.6742,0.4725,71119.6307,220561.3056,90
2820,2820.0,astar,44.2522,0.5063,56245.343,224480.6072,92
2821,2821.0,astar,44.7107,0.5063,50469.8379,231085.0919,89
2822,2822.0,astar,44.8417,0.5063,47689.6824,196063.6044,88
2823,2823.0,astar,44.016,0.54,46611.3358,214581.5331,89
2824,2824.0,astar,43.5204,0.6413,45783.2665,227505.5236,90
2825,2825.0,astar,43.9582,0.5738,44503.1262,221937.6698,85
2826,2826.0,astar,43.7396,0.6075,44444.283,212787.9271,87
2827,2827.0,astar,43.5284,0.5738,43437.9028,244535.8782,87
2828,2828.0,astar,42.5077,0.6075,44336.6114,205353.1176,90
2829,2829.0,astar,41.7655,0.6075,45033.5108,196468.0433,90
2830,2830.0,astar,41.7377,0.675,45610.451,242853.5171,89
2831,2831.0,astar,41.6877,0.675,46846.7863,194985.4639,88
2832,2832.0,astar,40.9634,0.81,50318.2261,220820.0733,88
2833,2833.0,astar,41.1977,0.7763,50662.562,205429.3193,86
2834,2834.0,astar,40.0372,0.8775,52329.1754,202479.7001,87
2835,2835.0,astar,40.5232,0.675,48007.6814,188353.8859,80
2836,2836.0,astar,40.4806,0.6075,46553.1846,207190.023,79
2837,2837.0,astar,40.9241,0.54,44813.1103,225500.8427,77
2838,2838.0,astar,40.0481,0.6075,45191.5022,169212.5328,74
2839,2839.0,astar,40.3226,0.6075,44961.141,213718.9932,77
2840,2840.0,astar,42.9936,0.4388,41236.381,229170.9479,73
2841,2841.0,astar,43.6359,0.3375,39130.7556,243261.2101,74
2842,2842.0,astar,43.3007,0.3713,38612.8165,251403.1786,79
2843,2843.0,astar,43.9194,0.3038,37521.2707,251763.2276,79
2844,2844.0,astar,45.441,0.3038,35575.019,263803.0217,82
2845,2845.0,astar,46.6172,0.3038,34058.3199,259185.6869,81
2846,2846.0,astar,46.7139,0.3375,33812.8526,274604.5529,85
2847,2847.0,astar,47.3857,0.3713,33436.891,302155.7607,84
2848,2848.0,astar,47.9697,0.3713,33032.3504,275480.6088,83
2849,2849.0,astar,48.0167,0.3375,33106.8766,242277.1804,85
2850,2850.0,astar,47.9453,0.405,33381.4187,262123.0983,87
2851,2851.0,astar,47.8699,0.405,33723.4347,254605.4318,89
2852,2852.0,astar,47.7401,0.405,33823.5876,209644.998,86
2853,2853.0,astar,47.6205,0.4388,33757.3019,229856.8918,87
2854,2854.0,astar,46.8309,0.5063,34519.9718,269370.3394,89
2855,2855.0,astar,46.4505,0.4388,34372.5308,231687.6861,90
2856,2856.0,astar,45.7701,0.4725,34396.534,259562.7173,90
2857,2857.0,astar,45.6553,0.4725,34322.8635,215519.8004,89
2858,2858.0,astar,46.0794,0.4725,33886.5718,227124.2293,87
2859,2859.0,astar,45.9353,0.5063,34124.9038,220795.3762,88
2860,2860.0,astar,45.6522,0.5738,34240.8705,224729.6474,89
2861,2861.0,astar,45.7179,0.6075,34273.7183,215273.1561,90
2862,2862.0,astar,45.3585,0.6075,34781.5138,214503.9046,91
2863,2863.0,astar,45.5316,0.6075,34925.8843,262043.2791,92
2864,2864.0,astar,45.0859,0.675,35549.2637,218054.4362,92
2865,2865.0,astar,44.7576,0.6413,36256.9527,192518.584,91
2866,2866.0,astar,44.5276,0.7088,36572.9566,230320.6184,89
2867,2867.0,astar,44.6221,0.7088,36785.2531,208203.9829,89
2868,2868.0,astar,43.9298,0.7425,37961.8352,236857.8934,89
2869,2869.0,astar,43.4595,0.7088,38380.5252,222719.8456,90
2870,2870.0,astar,42.9814,0.81,38977.9521,230257.4932,91
2871,2871.0,astar,42.994,0.81,39183.736,197061.0271,88
2872,2872.0,astar,41.8923,0.8438,40400.7075,214329.8457,88
2873,2873.0,astar,42.0716,0.81,41434.028,206554.7166,86
2874,2874.0,astar,42.3703,0.8438,41826.6335,206668.1975,87
2875,2875.0,astar,41.8416,0.9113,43444.1892,163191.92,86
2876,2876.0,astar,41.7996,1.08,45534.317,186651.4946,85
2877,2877.0,astar,41.4942,1.0463,49317.769,195052.5871,85
2878,2878.0,astar,40.4313,1.1475,56685.0843,187709.2384,85
2879,2879.0,astar,39.7764,1.215,77559.3335,163374.8557,88
2880,2880.0,astar,42.9827,0.7088,41125.1118,166019.2851,71
2881,2881.0,astar,43.1839,0.3713,40000.248,201099.9707,71
2882,2882.0,astar,42.4292,0.2362,40391.257,238751.1649,77
2883,2883.0,astar,43.8316,0.1688,37898.5294,219547.73,70
2884,2884.0,astar,42.2047,0.2362,39504.8314,252581.2271,75
2885,2885.0,astar,41.8992,0.1688,40479.0917,274568.5622,81
2886,2886.0,astar,42.9832,0.2362,38672.8988,299350.3948,79
2887,2887.0,astar,43.0221,0.3038,38881.9205,292711.4781,80
2888,2888.0,astar,44.1635,0.3038,38367.6418,310246.3918,80
2889,2889.0,astar,45.045,0.3038,37164.5359,235388.2756,80
2890,2890.0,astar,45.1563,0.3713,36873.3624,273536.3003,83
2891,2891.0,astar,44.7984,0.3375,37925.6632,247544.3192,85
2892,2892.0,astar,44.6467,0.3713,43868.5416,260411.2423,83
2893,2893.0,astar,44.5823,0.3713,51900.1864,228170.4103,84
2894,2894.0,astar,44.5521,0.4388,45536.376,248415.5618,84
2895,2895.0,astar,44.0026,0.4388,44442.3096,215487.2716,87
2896,2896.0,astar,43.1299,0.5063,15790308.0256,239042.0411,89
2897,2897.0,astar,43.2712,0.5063,60489.5607,214123.3972,88
2898,2898.0,astar,43.486,0.6075,56552.7662,251719.8444,88
2899,2899.0,astar,43.6341,0.6075,59946.9648,209641.2708,86
2900,2900.0,astar,43.4476,0.6413,110511.8122,230092.3777,87
2901,2901.0,astar,43.4565,0.6413,448423.5568,175434.8957,85
2902,2902.0,astar,43.2396,0.7088,1047860.1999,198099.3884,87
2903,2903.0,astar,43.0875,0.675,11011919.3849,212831.7167,88
2904,2904.0,astar,42.7288,0.7425,15792238.7606,203870.5846,88
2905,2905.0,astar,42.9956,0.7425,15791353.1309,253529.5801,87
2906,2906.0,astar,42.6722,0.81,15791297.8362,166540.476,89
2907,2907.0,astar,42.5678,0.7763,15791670.4377,222228.5467,90
2908,2908.0,astar,42.1129,0.81,69444.6371,213441.4962,90
2909,2909.0,astar,42.4569,0.7763,59207.5921,225014.2045,89
2910,2910.0,astar,41.9988,0.81,55008.9555,212339.2069,89
2911,2911.0,astar,41.3476,0.7763,52356.8317,183680.3991,90
2912,2912.0,astar,41.2782,0.81,51149.4552,227588.651,89
2913,2913.0,astar,41.1636,0.81,50344.7572,187189.6501,89
2914,2914.0,astar,41.0141,0.8438,50304.3796,218336.0635,91
2915,2915.0,astar,41.2997,0.8775,49441.7734,248702.7682,92
2916,2916.0,astar,40.4972,0.9113,50361.5205,241842.6015,93
2917,2917.0,astar,40.8086,0.8775,49997.8052,254271.389,91
2918,2918.0,astar,40.7361,0.945,51197.8675,227510.9688,93
2919,2919.0,astar,40.4626,0.9113,51688.3376,229705.1619,94
2920,2920.0,astar,40.6355,1.0125,51409.3125,228890.4647,91
2921,2921.0,astar,41.1212,1.0125,51095.4773,204567.6481,89
2922,2922.0,astar,41.0663,1.08,51080.7777,185286.8566,88
2923,2923.0,astar,41.089,1.08,50723.9772,221343.1434,89
2924,2924.0,astar,41.081,1.1138,50418.1188,200320.3823,85
2925,2925.0,astar,41.8693,0.945,47528.0666,201529.4587,78
2926,2926.0,astar,41.445,0.8775,47229.3086,194380.6022,80
2927,2927.0,astar,40.9834,0.81,47118.8007,200280.426,82
2928,2928.0,astar,40.5947,0.8775,47490.2912,195997.6016,82
2929,2929.0,astar,41.5443,0.8438,46053.9391,242041.2302,82
2930,2930.0,astar,42.8359,0.6075,41014.5554,194504.0626,74
2931,2931.0,astar,43.1288,0.3713,40664.0255,200317.0262,74
2932,2932.0,astar,42.6421,0.27,39272.4092,251594.2656,78
2933,2933.0,astar,44.6966,0.3038,35587.3529,243788.5095,72
2934,2934.0,astar,44.5536,0.405,35683.1497,258173.4481,76
2935,2935.0,astar,43.9262,0.3713,36370.5513,234865.4848,80
2936,2936.0,astar,45.0926,0.405,35027.7993,248248.5016,76
2937,2937.0,astar,45.1976,0.405,34603.3476,276680.7791,80
2938,2938.0,astar,44.5945,0.4388,34847.5337,282457.4959,85
2939,2939.0,astar,45.687,0.405,33880.0268,313452.13,84
2940,2940.0,astar,46.2901,0.405,33411.855,295169.3507,85
2941,2941.0,astar,46.3577,0.4388,33471.7661,266678.0996,83
2942,2942.0,astar,46.0661,0.4388,34014.2829,240874.633,84
2943,2943.0,astar,46.4189,0.405,33923.6118,235604.8049,83
2944,2944.0,astar,46.4145,0.405,34243.9195,200080.2883,80
2945,2945.0,astar,46.0948,0.54,34392.6746,179438.55,80
2946,2946.0,astar,45.3586,0.5738,34898.8128,185388.3718,82
2947,2947.0,astar,45.2597,0.54,35031.7951,204739.8211,82
2948,2948.0,astar,44.8525,0.5063,35176.7373,212299.7486,81
2949,2949.0,astar,44.3955,0.54,35633.2395,231486.3317,84
2950,2950.0,astar,44.5564,0.54,36593.3866,220142.6599,82
2951,2951.0,astar,44.677,0.5063,52830.1118,226530.5407,83
2952,2952.0,astar,44.2046,0.54,75946.5755,210286.031,86
2953,2953.0,astar,44.2872,0.5063,111288.1871,226574.8499,86
2954,2954.0,astar,44.2467,0.5063,148151.6538,259394.6142,87
2955,2955.0,astar,44.4783,0.54,691183.8036,244677.6667,85
2956,2956.0,astar,43.4203,0.6075,6257022.0617,226129.9938,86
2957,2957.0,astar,43.2137,0.6075,6259245.3557,242472.2581,86
2958,2958.0,astar,42.6275,0.6413,6259977.8654,211300.394,88
2959,2959.0,astar,41.8426,0.6413,6261267.8408,197972.6996,88
2960,2960.0,astar,41.1665,0.7425,6264252.607,230876.3798,88
2961,2961.0,astar,42.0528,0.7425,6268803.2949,192489.2434,85
2962,2962.0,astar,40.7582,0.7763,6304225.8121,194885.8615,87
2963,2963.0,astar,40.7026,0.7763,6541500.6089,197465.3228,86
2964,2964.0,astar,40.6698,0.81,13538375.2252,178953.5559,85
2965,2965.0,astar,40.5458,0.8438,21896388.6329,196282.272,84
2966,2966.0,astar,39.3801,0.945,21940625.3415,181774.5267,85
2967,2967.0,astar,38.86,0.945,22125410.2532,208192.7614,86
2968,2968.0,astar,38.2679,1.08,23077907.4766,188563.4889,88
2969,2969.0,astar,38.0707,1.0463,37495209.8957,219335.0155,89
2970,2970.0,astar,42.6719,0.4725,40987.8339,169645.04,70
2971,2971.0,astar,42.3619,0.2025,63508.2822,195898.9622,69
2972,2972.0,astar,42.4137,0.2025,44722.2995,200368.9362,70
2973,2973.0,astar,44.4854,0.135,36880.0106,200203.8139,66
2974,2974.0,astar,44.4178,0.1688,35676.0623,263520.6019,76
2975,2975.0,astar,44.1643,0.27,36541.5011,286794.0041,81
2976,2976.0,astar,44.7029,0.3038,35796.2781,291939.4475,80
2977,2977.0,astar,46.0217,0.27,34563.138,264925.3497,74
2978,2978.0,astar,44.2182,0.27,36295.0242,264791.7313,83
2979,2979.0,astar,45.67,0.27,35360.6778,256321.3065,82
2980,2980.0,astar,44.3133,0.3375,37003.8436,251812.0091,84
2981,2981.0,astar,44.8436,0.2362,35713.9709,291511.7495,87
2982,2982.0,astar,44.5629,0.3038,35335.9163,261316.5528,89
2983,2983.0,astar,45.8892,0.27,34454.4971,278821.6018,86
2984,2984.0,astar,45.5148,0.3038,35366.396,257799.9229,89
2985,2985.0,astar,46.2212,0.3038,35272.4906,264504.6475,88
2986,2986.0,astar,46.0992,0.3713,36158.1833,231941.4814,89
2987,2987.0,astar,46.9253,0.3713,35534.4688,254276.7225,87
2988,2988.0,astar,46.9938,0.4388,35857.4495,258847.6721,90
2989,2989.0,astar,47.7968,0.405,35848.8473,258734.9149,88
2990,2990.0,astar,46.8253,0.4388,37425.5597,244955.7072,90
2991,2991.0,astar,46.8873,0.405,37850.2906,225200.858,90
2992,2992.0,astar,46.3076,0.4388,39406.4012,222042.1265,90
2993,2993.0,astar,46.4954,0.4388,39693.0661,249874.2642,91
2994,2994.0,astar,45.5247,0.5063,39798.6737,206062.184,90
2995,2995.0,astar,45.8931,0.4725,39710.4974,208009.9941,88
2996,2996.0,astar,45.6095,0.54,40036.7173,218846.4691,91
2997,2997.0,astar,46.2478,0.5063,38496.084,231512.6485,91
2998,2998.0,astar,45.8511,0.54,39118.8691,199904.2927,91
2999,2999.0,astar,46.0379,0.54,38870.1541,242445.1099,91
3000,3000.0,astar,45.8486,0.5738,39210.9531,216416.8524,90
3001,3001.0,astar,45.9085,0.54,39220.8833,251264.7354,90
3002,3002.0,astar,45.5491,0.5738,39638.3081,209079.7253,91
3003,3003.0,astar,45.4735,0.54,40750.0209,208949.9602,87
3004,3004.0,astar,44.8138,0.5738,40922.3416,212880.2928,88
3005,3005.0,astar,44.8153,0.54,40677.6346,198960.8377,90
3006,3006.0,astar,45.2022,0.5738,40371.2016,241358.9386,89
3007,3007.0,astar,45.2429,0.54,40915.3803,235729.3268,87
3008,3008.0,astar,43.8501,0.5738,44747.615,173038.7153,88
3009,3009.0,astar,43.1792,0.5738,52949.496,222388.1939,90
3010,3010.0,astar,43.2851,0.6075,68337.6438,228993.2127,84
3011,3011.0,astar,42.5218,0.5738,143393.3186,210593.0924,86
3012,3012.0,astar,41.8878,0.7088,256364.5771,228085.3562,88
3013,3013.0,astar,41.4232,0.675,666801.7746,207989.0666,89
3014,3014.0,astar,40.6569,0.7425,1080920.8337,220917.1574,88
3015,3015.0,astar,41.4152,0.7088,44175.2688,216453.0211,82
3016,3016.0,astar,40.7578,0.675,44616.7977,187647.5429,82
3017,3017.0,astar,40.5343,0.5738,44231.0592,202975.433,82
3018,3018.0,astar,40.7101,0.6075,52863.5379,214391.904,80
3019,3019.0,astar,41.2209,0.6413,69581.6407,221661.0451,82
3020,3020.0,astar,41.9138,0.5738,129573.8244,233182.7869,78
3021,3021.0,astar,42.2504,0.4388,2512196.585,237873.022,80
3022,3022.0,astar,43.0565,0.4388,5843248.8506,247995.2539,81
3023,3023.0,astar,44.8946,0.405,46265.3856,228197.0179,78
3024,3024.0,astar,44.114,0.4388,38756.1128,250251.6659,82
3025,3025.0,astar,44.1614,0.405,36905.9644,277703.3734,85
3026,3026.0,astar,43.2542,0.4725,37661.1808,281174.2955,87
3027,3027.0,astar,43.4702,0.4388,36766.972,311153.7409,91
3028,3028.0,astar,43.748,0.5063,35999.7825,295618.2743,92
3029,3029.0,astar,44.5503,0.5063,35051.3277,278374.608,91
3030,3030.0,astar,44.4257,0.54,35241.7167,316723.4955,92
3031,3031.0,astar,44.3158,0.5063,35130.4897,230867.574,92
3032,3032.0,astar,44.1584,0.5738,35196.7156,240362.1405,91
3033,3033.0,astar,43.9432,0.5738,35618.9609,231869.3977,91
3034,3034.0,astar,43.8377,0.6413,35854.5951,237144.5942,89
3035,3035.0,astar,43.6975,0.6075,36325.8173,229727.6351,89
3036,3036.0,astar,43.1075,0.7088,38310.8855,221009.0968,92
3037,3037.0,astar,42.9588,0.675,46644.0395,232345.4608,91
3038,3038.0,astar,42.7102,0.7425,1105787.2911,232230.0252,93
3039,3039.0,astar,42.8136,0.7425,3186213.4257,222398.9152,93
3040,3040.0,astar,42.2011,0.7763,6286539.8797,257185.3622,94
3041,3041.0,astar,41.8988,0.7763,12477710.8114,224748.571,92
3042,3042.0,astar,41.2028,0.81,12478184.2188,238938.3921,91
3043,3043.0,astar,41.4549,0.81,12477763.6684,208518.4096,90
3044,3044.0,astar,41.1542,0.8438,12478141.791,199468.7379,90
3045,3045.0,astar,41.6063,0.81,12477867.0974,210791.742,87
3046,3046.0,astar,41.1985,0.8438,12478682.2981,206120.9372,88
3047,3047.0,astar,41.1058,0.81,12482328.3263,214599.0011,90
3048,3048.0,astar,40.4709,0.8775,12482201.7213,180477.8271,89
3049,3049.0,astar,40.9298,0.8438,12480414.1531,217859.0653,88
3050,3050.0,astar,40.7064,0.9113,12481587.7849,201667.0615,89
3051,3051.0,astar,41.1111,0.945,12481660.761,236252.8686,88
3052,3052.0,astar,40.8485,1.0125,12482187.0937,202926.2476,89
3053,3053.0,astar,40.9357,1.0125,12482367.5418,209616.9072,88
3054,3054.0,astar,40.201,1.08,12482870.0395,205805.902,87
3055,3055.0,astar,39.7278,1.0463,12484079.884,176778.4771,85
3056,3056.0,astar,39.663,1.0463,12482650.3789,179378.9049,87
3057,3057.0,astar,39.4246,1.08,12483775.9785,168475.1735,83
3058,3058.0,astar,38.4626,1.1813,12487190.5264,183902.1892,86
3059,3059.0,astar,38.3984,1.2488,12491480.8518,183732.8075,85
3060,3060.0,astar,43.2815,0.7088,40464.6122,147918.0625,66
3061,3061.0,astar,44.1275,0.3038,38537.2033,183938.0685,65
3062,3062.0,astar,43.9223,0.2025,38161.3266,206658.2712,69
3063,3063.0,astar,44.0501,0.1013,36997.6757,212983.9336,69
3064,3064.0,astar,42.5328,0.2025,37648.5249,308176.6588,78
3065,3065.0,astar,43.6421,0.1688,36133.351,336602.7466,79
3066,3066.0,astar,44.0039,0.2362,36107.3755,342041.8607,81
3067,3067.0,astar,45.8725,0.2362,34501.3464,357472.7044,79
3068,3068.0,astar,45.0162,0.27,34891.4336,316061.6202,85
3069,3069.0,astar,45.3994,0.27,34777.8098,252139.729,84
3070,3070.0,astar,45.8512,0.2362,33955.663,212150.5391,83
3071,3071.0,astar,46.286,0.2362,33356.1723,221707.9051,83
3072,3072.0,astar,45.3162,0.27,34462.4934,212339.8207,83
3073,3073.0,astar,44.8941,0.2025,35147.0411,228261.2042,86
3074,3074.0,astar,44.9519,0.2362,35585.912,240204.8162,85
3075,3075.0,astar,45.5064,0.2362,34799.1627,230538.6548,82
3076,3076.0,astar,45.5958,0.3038,34485.6275,266434.405,83
3077,3077.0,astar,46.2351,0.27,33927.9043,215696.097,80
3078,3078.0,astar,46.4166,0.27,33738.1254,227744.557,78
3079,3079.0,astar,46.1109,0.3038,34209.756,221481.7792,80
3080,3080.0,astar,45.6715,0.3038,34271.1133,273969.0632,80
3081,3081.0,astar,45.9193,0.3375,34174.3979,221933.735,79
3082,3082.0,astar,45.7885,0.3713,34524.6308,231635.7111,80
3083,3083.0,astar,46.0625,0.3713,34780.0192,212604.1776,77
3084,3084.0,astar,45.259,0.405,36028.4597,169414.4515,78
3085,3085.0,astar,45.888,0.3713,36002.2821,205790.0288,77
3086,3086.0,astar,45.7672,0.405,39847.8577,184451.8761,78
3087,3087.0,astar,45.6864,0.405,43717.3306,183869.8791,79
3088,3088.0,astar,45.8218,0.4388,42509.3525,192120.7393,79
3089,3089.0,astar,46.0068,0.4388,40634.6081,186754.7728,79
3090,3090.0,astar,44.6764,0.4725,39725.3523,203349.6706,81
3091,3091.0,astar,44.4098,0.4388,39689.8697,208221.2661,81
3092,3092.0,astar,43.1171,0.54,41211.1726,164553.5005,82
3093,3093.0,astar,43.4591,0.5063,41092.2095,203427.2948,80
3094,3094.0,astar,42.8862,0.54,42685.4871,182818.9617,82
3095,3095.0,astar,42.8754,0.5738,43747.9606,178639.1809,79
3096,3096.0,astar,42.6023,0.6413,45238.4984,194052.6709,79
3097,3097.0,astar,42.2746,0.7088,47062.8789,186155.9463,81
3098,3098.0,astar,42.061,0.7425,49483.3589,186488.6879,83
3099,3099.0,astar,42.5295,0.7088,48981.9316,203779.1241,81
3100,3100.0,astar,42.1897,0.7763,48245.1013,224506.9189,83
3101,3101.0,astar,42.3755,0.7425,48019.5768,158845.685,81
3102,3102.0,astar,41.583,0.7763,51103.2367,188984.0819,81
3103,3103.0,astar,42.1163,0.7425,53734.1972,208077.3173,78
3104,3104.0,astar,41.5684,0.81,69885.5272,186833.3188,78
3105,3105.0,astar,42.3573,0.6413,46286.3553,184328.2756,70
3106,3106.0,astar,41.3365,0.6075,45804.5028,151375.1133,71
3107,3107.0,astar,41.2606,0.5063,46737.1724,186900.4307,70
3108,3108.0,astar,40.5333,0.5738,49967.4965,170428.2402,68
3109,3109.0,astar,40.5027,0.5738,59755.7508,174843.7076,69
3110,3110.0,astar,43.0762,0.3713,40528.2291,168130.4298,58
3111,3111.0,astar,43.6016,0.2025,39013.7874,197296.089,60
3112,3112.0,astar,45.2108,0.2362,36298.2125,216573.5537,59
3113,3113.0,astar,44.7961,0.1688,36278.2759,209982.9362,61
3114,3114.0,astar,44.0277,0.1688,36483.1762,216151.5211,65
3115,3115.0,astar,43.9088,0.1688,37927.3828,240958.1128,68
3116,3116.0,astar,45.122,0.1688,35284.9191,264636.9109,68
3117,3117.0,astar,46.6662,0.135,33034.0109,261972.6837,68
3118,3118.0,astar,45.7257,0.2025,33324.9059,222022.1465,70
3119,3119.0,astar,46.3712,0.1688,32706.4523,243986.2108,69
3120,3120.0,astar,46.1077,0.2362,32935.9869,215355.9189,72
3121,3121.0,astar,46.998,0.2025,32117.6203,230061.2603,71
3122,3122.0,astar,46.625,0.3038,32291.8814,240360.7359,74
3123,3123.0,astar,46.8796,0.27,32120.671,198183.7606,74
3124,3124.0,astar,46.9177,0.3375,32155.5225,232895.0634,74
3125,3125.0,astar,46.8918,0.3038,32348.3567,201388.4276,74
3126,3126.0,astar,46.8963,0.3713,32423.4166,172787.7739,73
3127,3127.0,astar,46.687,0.3375,32730.0484,186580.0536,73
3128,3128.0,astar,46.2298,0.3713,33187.8681,191833.3995,74
3129,3129.0,astar,46.0381,0.3375,33239.578,186116.5185,75
3130,3130.0,astar,46.1505,0.405,33296.4397,210775.6375,75
3131,3131.0,astar,45.9605,0.405,33261.5756,180098.096,76
3132,3132.0,astar,45.6787,0.4388,33500.4258,217329.6853,77
3133,3133.0,astar,45.4208,0.405,33541.6847,180776.0804,75
3134,3134.0,astar,44.6703,0.4388,34604.8144,200626.0711,75
3135,3135.0,astar,44.209,0.4388,34766.3174,177362.4178,77
3136,3136.0,astar,44.2331,0.5063,34709.0422,194748.7117,77
3137,3137.0,astar,44.3806,0.4725,34702.1739,189750.1388,77
3138,3138.0,astar,44.2317,0.54,35060.9345,187991.0275,77
3139,3139.0,astar,44.0454,0.5063,35559.6506,163742.6491,77
3140,3140.0,astar,43.7258,0.5738,36217.5859,184447.9308,79
3141,3141.0,astar,42.9818,0.6075,40580.657,139061.7016,78
3142,3142.0,astar,42.4882,0.6413,42246.0212,199366.1431,79
3143,3143.0,astar,42.283,0.6075,44641.7416,155457.2843,77
3144,3144.0,astar,42.079,0.675,44207.7695,199071.8177,78
3145,3145.0,astar,41.8712,0.675,42322.6986,172105.906,77
3146,3146.0,astar,42.285,0.7425,43233.0453,180701.2797,77
3147,3147.0,astar,42.1383,0.7763,43817.0902,173548.9636,77
3148,3148.0,astar,41.4108,0.9113,44434.3155,194272.0385,77
3149,3149.0,astar,40.9652,0.9113,45170.7147,177963.6244,77
3150,3150.0,astar,44.2724,0.4388,39003.0029,124440.0626,59
3151,3151.0,astar,44.2023,0.2025,38133.2688,154134.5619,60
3152,3152.0,astar,42.3009,0.135,38308.6356,188208.3651,67
3153,3153.0,astar,43.1869,0.1013,36458.6459,160908.911,60
3154,3154.0,astar,42.0567,0.135,37246.7491,200461.4286,65
3155,3155.0,astar,41.9434,0.2025,37489.9707,246347.5927,71
3156,3156.0,astar,42.9459,0.27,37465.4751,274768.0957,73
3157,3157.0,astar,44.1403,0.2362,37168.6388,270515.018,74
3158,3158.0,astar,45.7868,0.27,36092.8232,259649.7708,73
3159,3159.0,astar,45.6431,0.3038,36780.6234,279991.8182,77
3160,3160.0,astar,45.0196,0.3038,38351.9443,198177.5265,78
3161,3161.0,astar,45.784,0.27,38275.3342,202168.7959,75
3162,3162.0,astar,45.1915,0.3713,40993.61,238174.5773,78
3163,3163.0,astar,44.9598,0.405,42537.6607,211537.3484,81
3164,3164.0,astar,45.3394,0.4388,41350.6908,217433.1686,80
3165,3165.0,astar,45.9874,0.4725,41064.3817,234613.8386,79
3166,3166.0,astar,45.8285,0.5063,42376.2623,225309.7799,80
3167,3167.0,astar,46.2869,0.5063,41760.6732,208138.2021,79
3168,3168.0,astar,46.1547,0.5738,41725.6037,208472.7922,79
3169,3169.0,astar,46.3193,0.54,38137.033,225173.7045,81
3170,3170.0,astar,45.7626,0.54,39778.0308,198103.2538,80
3171,3171.0,astar,45.942,0.54,41218.0872,192626.5585,78
3172,3172.0,astar,45.2611,0.6075,44337.4057,180490.3525,80
3173,3173.0,astar,45.5875,0.6075,44603.5618,195237.62,80
3174,3174.0,astar,44.9457,0.6413,45616.8047,221338.9876,82
3175,3175.0,astar,44.9557,0.6413,45859.8488,186860.3811,82
3176,3176.0,astar,44.0338,0.675,46483.016,213658.1066,83
3177,3177.0,astar,44.4512,0.6413,46044.8494,230748.2806,82
3178,3178.0,astar,44.6513,0.6413,45846.9277,177144.7018,81
3179,3179.0,astar,44.864,0.7088,46448.8385,211068.4423,80
3180,3180.0,astar,44.2302,0.7425,47401.2542,191207.11,81
3181,3181.0,astar,44.6165,0.7088,47867.7099,200215.8318,79
3182,3182.0,astar,44.1743,0.7425,47950.0322,177327.9392,81
3183,3183.0,astar,44.2111,0.7425,48469.2345,192907.3583,82
3184,3184.0,astar,44.0568,0.81,47921.8503,218315.0467,83
3185,3185.0,astar,43.4107,0.7425,48726.7975,177358.2956,84
3186,3186.0,astar,43.6373,0.7763,49372.1915,216688.8225,81
3187,3187.0,astar,42.7709,0.7425,50010.1016,229544.1089,84
3188,3188.0,astar,42.924,0.7425,52607.6884,213317.6979,81
3189,3189.0,astar,42.3632,0.7763,58540.7953,183108.6687,82
3190,3190.0,astar,42.4485,0.81,90300.8501,239656.5508,83
3191,3191.0,astar,42.2945,0.81,249465.6251,202155.9834,82
3192,3192.0,astar,41.4584,0.9113,911702.0055,172969.0253,82
3193,3193.0,astar,41.267,0.9113,2595494.2576,231126.9925,83
3194,3194.0,astar,40.7473,1.0125,10622738.3733,161505.2793,82
3195,3195.0,astar,41.553,0.7763,15794789.3975,186353.1757,75
3196,3196.0,astar,41.3361,0.7088,15793087.4051,181428.3914,77
3197,3197.0,astar,40.9256,0.6075,15792019.1907,198053.9201,78
3198,3198.0,astar,40.6781,0.675,15788895.3043,204895.4212,75
3199,3199.0,astar,40.3908,0.6413,15790118.0819,201460.4873,77
3200,3200.0,astar,43.6341,0.405,37285.2907,227707.9886,71
3201,3201.0,astar,44.3347,0.2362,36621.3062,206690.9046,68
3202,3202.0,astar,43.2239,0.27,37836.7685,211567.9324,73
3203,3203.0,astar,44.7701,0.2362,34823.1277,218400.5442,70
3204,3204.0,astar,45.36,0.2362,34201.9676,224292.4435,72
3205,3205.0,astar,44.5531,0.27,35013.107,239547.1673,78
3206,3206.0,astar,45.1096,0.27,35514.4478,300275.8764,79
3207,3207.0,astar,46.1048,0.27,34231.1567,291410.5892,81
3208,3208.0,astar,47.2541,0.3375,33021.6519,320064.5468,81
3209,3209.0,astar,47.6436,0.27,32493.9101,229997.9154,81
3210,3210.0,astar,47.2322,0.3038,32702.635,248781.8448,84
3211,3211.0,astar,47.7743,0.27,32177.1915,214713.699,83
3212,3212.0,astar,47.8365,0.3375,32062.5782,216320.8373,84
3213,3213.0,astar,47.6095,0.3038,32146.806,221430.6084,83
3214,3214.0,astar,46.7867,0.3038,32656.9014,191295.2247,83
3215,3215.0,astar,46.525,0.3038,32897.0576,215045.8156,83
3216,3216.0,astar,46.4848,0.3713,33308.2677,227889.0425,82
3217,3217.0,astar,46.1263,0.3713,33538.6353,237239.6384,83
3218,3218.0,astar,46.3653,0.405,33360.2767,212075.6245,84
3219,3219.0,astar,46.3887,0.4388,33177.9735,208720.3559,83
3220,3220.0,astar,46.4602,0.4725,33101.7845,221738.9145,84
3221,3221.0,astar,46.3555,0.4725,33017.5447,222912.4899,85
3222,3222.0,astar,46.5952,0.5063,32843.462,254556.9261,87
3223,3223.0,astar,46.7235,0.4725,32723.4054,242796.4814,87
3224,3224.0,astar,46.6135,0.5063,33021.1991,206623.9849,86
3225,3225.0,astar,46.3695,0.4725,33473.2007,199020.3111,86
3226,3226.0,astar,45.9631,0.5063,34195.1226,216338.8337,86
3227,3227.0,astar,46.2384,0.5063,34073.4224,223195.1503,84
3228,3228.0,astar,45.7729,0.6075,34683.9336,209776.8302,85
3229,3229.0,astar,44.8751,0.6075,1952034.721,194388.0361,84
3230,3230.0,astar,45.2839,0.675,42015.631,213994.9499,83
3231,3231.0,astar,44.8647,0.675,39119.7492,176025.2601,85
3232,3232.0,astar,44.1892,0.7088,41321.6482,173751.587,85
3233,3233.0,astar,44.2088,0.675,118341.3944,186002.3238,84
3234,3234.0,astar,42.7466,0.7425,156224.9136,174675.3567,86
3235,3235.0,astar,42.8701,0.81,1152252.7887,181522.0746,85
3236,3236.0,astar,42.5048,0.8438,2168842.1105,173936.856,83
3237,3237.0,astar,41.757,0.945,6267975.0424,190114.7272,84
3238,3238.0,astar,40.738,1.1138,6274283.5496,173096.7672,85
3239,3239.0,astar,40.9996,1.1475,6276728.2226,200803.5797,85
3240,3240.0,astar,44.5364,0.7425,46649.3023,183132.9154,68
3241,3241.0,astar,45.2606,0.4388,43229.8242,196247.7705,66
3242,3242.0,astar,45.8078,0.2362,39256.6492,214800.4923,67
3243,3243.0,astar,46.3184,0.1688,35603.0421,190648.1444,61
3244,3244.0,astar,43.9814,0.1688,35558.5091,255076.706,73
3245,3245.0,astar,44.1019,0.135,35504.5136,262484.8686,77
3246,3246.0,astar,44.5269,0.135,35411.5849,272025.0402,73
3247,3247.0,astar,44.4825,0.1013,36058.1717,277620.4693,74
3248,3248.0,astar,44.0083,0.135,36701.6351,239517.7012,76
3249,3249.0,astar,45.1959,0.1013,35690.749,269649.0883,74
3250,3250.0,astar,44.1721,0.2362,36964.5454,252098.4084,81
3251,3251.0,astar,45.3279,0.2025,35290.1948,269599.7342,78
3252,3252.0,astar,45.4674,0.2362,34546.4235,294922.6672,78
3253,3253.0,astar,45.2041,0.2025,34869.471,245159.6396,81
3254,3254.0,astar,45.0313,0.2362,35354.4769,243695.1234,81
3255,3255.0,astar,45.7262,0.27,34765.5587,227356.3196,80
3256,3256.0,astar,45.7696,0.3038,34554.0204,236195.3664,82
3257,3257.0,astar,46.2126,0.3038,34364.5377,255174.9058,80
3258,3258.0,astar,45.7335,0.3713,35638.7911,211958.8417,81
3259,3259.0,astar,45.9357,0.3038,35690.9033,218560.4625,80
3260,3260.0,astar,45.4728,0.405,36209.8621,208439.9349,82
3261,3261.0,astar,45.964,0.405,35673.6981,245169.2542,83
3262,3262.0,astar,45.7225,0.4388,35944.3698,222919.4346,84
3263,3263.0,astar,46.0119,0.405,35643.6203,240505.1298,84
3264,3264.0,astar,45.6702,0.4388,35441.2332,246468.457,84
3265,3265.0,astar,45.6201,0.405,35606.6786,201919.6682,84
3266,3266.0,astar,45.2412,0.4388,36137.7098,190837.9351,84
3267,3267.0,astar,44.7138,0.405,36715.1359,182746.5418,83
3268,3268.0,astar,44.6679,0.4725,38959.05,206701.3045,82
3269,3269.0,astar,44.3557,0.4388,38561.2474,195188.6759,84
3270,3270.0,astar,43.8815,0.5063,39883.3646,187689.3811,85
3271,3271.0,astar,44.1516,0.4725,39399.4327,200418.1505,84
3272,3272.0,astar,43.4252,0.54,39894.5532,216067.3705,86
3273,3273.0,astar,43.378,0.54,40607.6837,228255.2428,84
3274,3274.0,astar,43.0793,0.6413,41872.3337,204209.7423,84
3275,3275.0,astar,43.1746,0.6413,42120.6433,199759.0117,84
3276,3276.0,astar,42.6588,0.675,43060.5873,177494.5221,84
3277,3277.0,astar,42.8689,0.6413,42382.7881,198473.9167,84
3278,3278.0,astar,42.4088,0.7088,42776.7716,205933.3914,85
3279,3279.0,astar,42.2017,0.675,43069.0939,201517.4635,82
3280,3280.0,astar,41.5404,0.675,44402.4141,196049.4007,84
3281,3281.0,astar,40.7094,0.7425,46186.4283,196350.2229,84
3282,3282.0,astar,40.6905,0.8438,46166.3311,190759.4439,84
3283,3283.0,astar,40.7155,0.8775,45478.7213,187679.8079,82
3284,3284.0,astar,40.1779,0.9113,46975.8757,211139.1034,80
3285,3285.0,astar,40.7379,0.7763,46023.6303,163299.4311,74
3286,3286.0,astar,40.3439,0.7763,46928.3952,162372.1145,74
3287,3287.0,astar,39.6618,0.7763,50630.4253,166782.2572,75
3288,3288.0,astar,38.8948,0.8775,52390.4367,158938.8565,75
3289,3289.0,astar,38.4195,0.8775,52057.2601,171425.0405,77
3290,3290.0,astar,40.705,0.7763,47048.0456,206497.7565,70
3291,3291.0,astar,41.0813,0.5738,46837.7089,177611.5846,69
3292,3292.0,astar,40.3638,0.5738,46188.1639,229923.9899,74
3293,3293.0,astar,40.6314,0.5063,44507.9096,246443.554,77
3294,3294.0,astar,41.4744,0.5063,41826.3189,258956.2885,78
3295,3295.0,astar,41.9165,0.4388,40993.5825,271653.152,81
3296,3296.0,astar,43.4602,0.4725,39005.0204,270771.9393,79
3297,3297.0,astar,45.1012,0.4388,36714.6879,305922.1095,79
3298,3298.0,astar,45.2337,0.4725,36249.3627,249676.2878,80
3299,3299.0,astar,45.68,0.4388,35620.5872,244597.0904,79
3300,3300.0,astar,45.4475,0.4725,35588.138,250823.3018,81
3301,3301.0,astar,46.1239,0.4388,34993.8738,263307.9151,81
3302,3302.0,astar,46.0422,0.5063,35106.9622,250164.5324,82
3303,3303.0,astar,46.6131,0.4725,34624.9769,245985.1276,84
3304,3304.0,astar,45.945,0.5063,35067.3102,233477.6475,85
3305,3305.0,astar,46.151,0.4725,34782.3848,225018.3214,84
3306,3306.0,astar,45.4179,0.5063,35599.7483,238057.0164,84
3307,3307.0,astar,46.0425,0.4725,34868.4626,196742.3182,83
3308,3308.0,astar,45.3393,0.54,35980.5998,255296.4749,85
3309,3309.0,astar,45.8998,0.5063,35052.9881,263926.5499,84
3310,3310.0,astar,45.7594,0.54,35308.3242,244836.2971,85
3311,3311.0,astar,46.4673,0.54,34633.9023,224505.1454,85
3312,3312.0,astar,46.7554,0.54,34396.6025,232253.6544,86
3313,3313.0,astar,46.7353,0.5738,34663.2119,247931.122,87
3314,3314.0,astar,46.299,0.5738,35309.2625,236299.5177,87
3315,3315.0,astar,46.6394,0.54,34869.5539,218753.8636,86
3316,3316.0,astar,46.4885,0.5738,34891.0351,243464.0891,88
3317,3317.0,astar,46.5435,0.54,34753.5363,248809.0037,87
3318,3318.0,astar,46.3431,0.54,35488.3289,211682.558,87
3319,3319.0,astar,45.8302,0.54,37457.0364,152535.0144,84
3320,3320.0,astar,44.8858,0.6075,40472.1727,237903.9604,85
3321,3321.0,astar,44.6872,0.5738,48816.484,170187.5237,86
3322,3322.0,astar,44.8073,0.6075,145391.4884,179553.9936,84
3323,3323.0,astar,44.4886,0.675,638125.5063,189945.6786,84
3324,3324.0,astar,43.0549,0.7763,1334610.2073,177420.5817,86
3325,3325.0,astar,42.2068,0.7763,2572549.9609,181937.0512,86
3326,3326.0,astar,41.8879,0.81,6263381.6015,211656.2519,88
3327,3327.0,astar,41.6768,0.9113,6265438.3099,200176.988,87
3328,3328.0,astar,41.4665,0.9788,6267806.1193,201459.9051,87
3329,3329.0,astar,41.1074,1.0463,6271501.4799,188607.5426,87
3330,3330.0,astar,44.4764,0.5738,39048.2522,165522.1257,69
3331,3331.0,astar,45.1636,0.2362,38021.694,185430.8518,68
3332,3332.0,astar,44.3514,0.1688,39231.5057,224185.3171,73
3333,3333.0,astar,45.0896,0.1013,36566.6912,158838.0713,66
3334,3334.0,astar,44.3811,0.135,35534.2257,284675.5763,74
3335,3335.0,astar,44.923,0.1688,34931.6108,272844.7353,76
3336,3336.0,astar,45.7642,0.1688,34270.8697,283708.5508,77
3337,3337.0,astar,46.5929,0.135,33621.5184,330478.1935,78
3338,3338.0,astar,46.5525,0.1688,33954.661,276042.5694,80
3339,3339.0,astar,46.3514,0.1688,34216.8777,240539.7003,80
3340,3340.0,astar,45.7934,0.27,35026.3369,247449.9089,85
3341,3341.0,astar,45.6516,0.2025,35310.9943,269249.1164,86
3342,3342.0,astar,45.3565,0.2362,35974.4789,246547.8807,86
3343,3343.0,astar,45.8433,0.2362,35725.8158,250085.9573,84
3344,3344.0,astar,46.602,0.3375,34891.8227,277009.6804,84
3345,3345.0,astar,46.7263,0.3375,34816.8674,246477.2501,86
3346,3346.0,astar,46.1961,0.405,35202.1206,224520.9836,88
3347,3347.0,astar,47.0541,0.3713,34355.3151,259894.8553,85
3348,3348.0,astar,45.7597,0.3713,34951.2334,241457.9997,86
3349,3349.0,astar,46.215,0.3375,35122.1437,193406.1948,83
3350,3350.0,astar,45.9092,0.405,35397.8038,251156.5047,86
3351,3351.0,astar,46.3823,0.3713,34914.0024,246236.0357,85
3352,3352.0,astar,46.1155,0.4388,35346.1151,205568.6159,84
3353,3353.0,astar,46.7089,0.405,34875.0377,246403.0287,83
3354,3354.0,astar,45.5466,0.4388,36161.4022,215248.1906,85
3355,3355.0,astar,45.8657,0.405,35701.0731,215741.7625,87
3356,3356.0,astar,46.0724,0.4388,35748.2664,253241.7627,87
3357,3357.0,astar,46.2158,0.405,35765.3737,214419.2784,87
3358,3358.0,astar,45.5741,0.4725,36816.501,230264.3239,89
3359,3359.0,astar,45.4258,0.4388,37679.6311,225999.8644,88
3360,3360.0,astar,45.0026,0.4388,38378.3542,217726.8858,87
3361,3361.0,astar,44.869,0.5063,39325.8643,222701.3008,85
3362,3362.0,astar,44.107,0.5063,40852.9499,232602.1593,88
3363,3363.0,astar,44.1291,0.5063,41276.2117,242414.269,86
3364,3364.0,astar,43.9441,0.6075,43180.679,229026.2772,88
3365,3365.0,astar,44.2851,0.5738,42580.5594,202362.7482,86
3366,3366.0,astar,43.6304,0.6413,42356.7563,243634.9011,88
3367,3367.0,astar,43.4241,0.6075,43066.1459,217103.5794,87
3368,3368.0,astar,42.3358,0.7088,44414.4232,234554.6673,90
3369,3369.0,astar,42.4402,0.7425,44822.5846,243220.2635,89
3370,3370.0,astar,42.0781,0.81,45495.9585,214082.5848,85
3371,3371.0,astar,41.9208,0.7763,46306.6867,197936.8909,84
3372,3372.0,astar,41.8467,0.8438,51179.9749,188419.1317,84
3373,3373.0,astar,41.7082,0.8775,50270.4257,182260.034,83
3374,3374.0,astar,40.7144,0.9113,51042.303,202452.7451,83
3375,3375.0,astar,41.9989,0.7425,48816.5935,215612.6643,80
3376,3376.0,astar,41.0044,0.7088,49918.3457,200366.2309,82
3377,3377.0,astar,41.0053,0.7088,54378.0221,195719.752,82
3378,3378.0,astar,41.0805,0.7425,54710.4079,225310.6714,82
3379,3379.0,astar,40.8885,0.81,52734.6997,180111.2146,82
3380,3380.0,astar,43.227,0.5738,43632.7613,195098.2731,73
3381,3381.0,astar,44.1494,0.405,40733.8759,202091.3607,72
3382,3382.0,astar,42.5109,0.3375,40840.3027,214569.3849,78
3383,3383.0,astar,42.8474,0.27,40472.8358,230181.379,77
3384,3384.0,astar,42.1957,0.3375,55617.3487,235357.5272,81
3385,3385.0,astar,42.452,0.3038,143094.6566,266478.3717,81
3386,3386.0,astar,43.0257,0.3713,152161.9528,273299.6109,81
3387,3387.0,astar,43.6575,0.3713,1804961.2855,295483.7461,81
3388,3388.0,astar,44.4104,0.3713,6254791.2809,284569.8974,81
3389,3389.0,astar,44.7114,0.405,6254382.9686,262019.6956,82
3390,3390.0,astar,44.8016,0.4725,6254342.058,235487.7745,83
3391,3391.0,astar,44.7141,0.4725,6254368.2618,248003.3409,85
3392,3392.0,astar,44.5448,0.5063,6254434.2374,281511.6163,87
3393,3393.0,astar,44.4508,0.5063,6254537.6548,223668.6802,89
3394,3394.0,astar,43.8133,0.54,6254913.1778,238002.479,88
3395,3395.0,astar,44.0884,0.5063,6254783.4615,223572.4913,87
3396,3396.0,astar,43.7334,0.54,6255280.6427,223110.7043,89
3397,3397.0,astar,43.9385,0.54,6255321.5289,253385.6919,88
3398,3398.0,astar,43.7048,0.5738,6255672.5102,196167.3098,88
3399,3399.0,astar,43.6625,0.6075,6256030.9416,229502.2383,89
3400,3400.0,astar,43.6199,0.6413,6256220.0056,223667.5512,90
3401,3401.0,astar,43.7812,0.6413,6256263.9255,194363.6511,88
3402,3402.0,astar,43.7931,0.675,6256976.2652,228208.5184,89
3403,3403.0,astar,43.8736,0.675,6256941.963,232845.7704,90
3404,3404.0,astar,43.7995,0.7088,6257163.3297,225178.653,91
3405,3405.0,astar,44.0178,0.675,6256903.2865,225345.6038,90
3406,3406.0,astar,43.6331,0.7088,6257288.6052,220101.7852,89
3407,3407.0,astar,42.9414,0.675,6257950.0684,216618.2465,91
3408,3408.0,astar,41.8171,0.7088,6258723.0994,214543.0679,92
3409,3409.0,astar,41.3956,0.675,6260533.6602,242986.786,92
3410,3410.0,astar,41.5442,0.7425,6261326.6442,226820.7623,92
3411,3411.0,astar,42.2096,0.7763,6260666.0223,220652.2942,88
3412,3412.0,astar,41.3644,0.8775,6262703.5557,202274.5094,87
3413,3413.0,astar,41.1165,0.8775,6266413.0744,211289.9885,89
3414,3414.0,astar,40.6972,0.945,6266156.806,188379.6247,92
3415,3415.0,astar,41.0685,0.9113,6263862.44,195455.8023,91
3416,3416.0,astar,40.7114,1.0125,6264244.9008,208970.5028,90
3417,3417.0,astar,40.2505,0.9788,6263446.7829,171736.4377,90
3418,3418.0,astar,39.2634,1.0463,6265522.4094,185644.011,91
3419,3419.0,astar,39.2331,1.1138,6266393.2462,209899.1836,91
3420,3420.0,astar,44.6693,0.6075,37673.7795,175588.3373,74
3421,3421.0,astar,44.8837,0.3713,37367.2295,156038.3069,72
3422,3422.0,astar,43.5893,0.3038,38440.4317,202584.6479,76
3423,3423.0,astar,43.383,0.27,38099.1455,174581.3989,75
3424,3424.0,astar,41.9314,0.3038,39585.6069,272031.8595,81
3425,3425.0,astar,42.6496,0.3375,39222.2167,296006.8563,84
3426,3426.0,astar,44.0756,0.3038,37983.2077,310723.5916,85
3427,3427.0,astar,44.6815,0.3375,38725.2874,297525.1501,86
3428,3428.0,astar,44.0479,0.405,40598.6823,309802.8777,88
3429,3429.0,astar,45.4254,0.3713,40186.7425,266239.2954,85
3430,3430.0,astar,44.4965,0.405,41719.8644,261143.1667,88
3431,3431.0,astar,44.8298,0.4388,41198.9589,267810.9887,88
3432,3432.0,astar,45.4517,0.4725,40550.9603,247443.9602,87
3433,3433.0,astar,45.5651,0.5063,40183.3418,219708.0133,88
3434,3434.0,astar,45.2755,0.54,39338.259,237775.1735,89
3435,3435.0,astar,45.722,0.54,38298.1339,252458.9306,87
3436,3436.0,astar,45.656,0.5738,37944.7269,217907.4007,89
3437,3437.0,astar,45.566,0.54,38212.8708,235259.8379,88
3438,3438.0,astar,45.1164,0.5738,38623.1461,228157.2923,89
3439,3439.0,astar,45.096,0.6075,38827.8522,215892.5341,88
3440,3440.0,astar,45.0955,0.6413,39659.7645,246342.0197,89
3441,3441.0,astar,45.2498,0.6413,39364.2469,229424.702,89
3442,3442.0,astar,44.5837,0.7088,39060.8467,231204.0658,88
3443,3443.0,astar,45.2724,0.675,38195.7451,245664.6204,87
3444,3444.0,astar,44.7924,0.7088,38311.6379,217501.3119,88
3445,3445.0,astar,45.2357,0.675,37934.8604,244551.004,89
3446,3446.0,astar,44.4754,0.7088,39077.1225,232859.0307,91
3447,3447.0,astar,44.9189,0.675,38395.2548,241840.8378,91
3448,3448.0,astar,45.5055,0.675,37776.7423,244115.2022,89
3449,3449.0,astar,45.3359,0.7088,38512.6332,218714.4676,90
3450,3450.0,astar,44.5971,0.7425,39076.0977,183674.6842,91
3451,3451.0,astar,44.8995,0.7088,38929.4156,246415.6685,91
3452,3452.0,astar,43.7874,0.7425,39934.77,201685.9268,93
3453,3453.0,astar,44.1377,0.7088,40544.1673,194281.6567,91
3454,3454.0,astar,44.2906,0.7425,41014.3542,213000.0746,91
3455,3455.0,astar,43.9977,0.7425,42268.3018,221845.3301,88
3456,3456.0,astar,43.3696,0.81,42773.6533,188169.6512,88
3457,3457.0,astar,42.1914,0.7763,44087.062,185032.986,85
3458,3458.0,astar,41.5654,0.81,46150.0538,213002.8415,87
3459,3459.0,astar,41.2925,0.81,47566.8725,203201.2676,85
3460,3460.0,astar,40.8378,0.9788,51312.1298,180975.6638,86
3461,3461.0,astar,41.1253,0.945,53854.9123,202750.4967,83
3462,3462.0,astar,40.7482,0.945,54373.8477,229523.6245,86
3463,3463.0,astar,40.8733,1.0463,57001.4817,252025.3248,87
3464,3464.0,astar,39.9712,1.08,55311.874,253793.67,91
3465,3465.0,astar,40.7577,0.945,52927.0885,193270.2786,86
3466,3466.0,astar,40.1518,0.8775,51687.6313,234084.449,87
3467,3467.0,astar,40.2751,0.7763,49276.289,255568.6369,87
3468,3468.0,astar,40.1564,0.7425,48101.4363,209992.396,86
3469,3469.0,astar,40.0057,0.7763,51348.895,184912.3365,83
3470,3470.0,astar,41.6053,0.5738,129065.6234,206728.2265,78
3471,3471.0,astar,42.3146,0.4388,189999.2877,224756.808,76
3472,3472.0,astar,41.7373,0.3713,1620973.0139,202813.0614,79
3473,3473.0,astar,42.3987,0.3038,6258365.7209,207527.6098,79
3474,3474.0,astar,42.5261,0.3375,6257475.5143,257703.3314,81
3475,3475.0,astar,42.5872,0.3375,6257319.4384,240024.9811,84
3476,3476.0,astar,44.2656,0.3713,6255043.9719,318197.5544,81
3477,3477.0,astar,45.0182,0.3713,6254319.5313,285595.2138,82
3478,3478.0,astar,45.9144,0.4388,6253454.6057,286944.6765,83
3479,3479.0,astar,46.0559,0.405,6253092.0753,247784.272,82
3480,3480.0,astar,45.0185,0.4388,6254121.4006,249212.819,87
3481,3481.0,astar,45.3136,0.405,6253367.0769,301921.1763,86
3482,3482.0,astar,44.1819,0.5063,6254157.2999,220490.2968,90
3483,3483.0,astar,44.1822,0.4725,6254109.8783,253125.6589,90
3484,3484.0,astar,43.9569,0.5738,6254448.417,277617.1062,92
3485,3485.0,astar,44.3094,0.54,6254060.4987,248076.3958,91
3486,3486.0,astar,44.2801,0.6075,6254238.6409,242635.6278,92
3487,3487.0,astar,44.2226,0.5738,6254303.0863,183942.1187,91
3488,3488.0,astar,43.6396,0.6413,6255312.9836,277373.7174,93
3489,3489.0,astar,44.012,0.6075,6254724.3566,229324.5026,91
3490,3490.0,astar,43.9757,0.675,6254823.9506,247210.6786,91
3491,3491.0,astar,43.5965,0.6413,6255133.547,201877.9487,91
3492,3492.0,astar,44.1206,0.675,6254687.7469,221284.4497,88
3493,3493.0,astar,43.9712,0.675,6254880.5848,212561.8261,91
3494,3494.0,astar,43.5192,0.7088,6255633.8576,247775.6978,91
3495,3495.0,astar,43.6823,0.675,6255697.1267,238977.5351,91
3496,3496.0,astar,42.9496,0.7425,6256107.7584,243435.3419,89
3497,3497.0,astar,42.9819,0.7425,6256272.4266,214445.5688,90
3498,3498.0,astar,43.5302,0.81,6256183.0214,245299.5396,87
3499,3499.0,astar,43.5177,0.7763,6256735.2777,206426.7029,88
3500,3500.0,astar,43.0173,0.8438,6258609.7579,201803.5414,89
3501,3501.0,astar,42.7322,0.81,6261799.9713,180205.2759,89
3502,3502.0,astar,41.14,0.8775,6281378.5011,195815.105,91
3503,3503.0,astar,40.8911,0.9113,6581136.5893,181850.8337,89
3504,3504.0,astar,41.0117,1.0125,6267632.0622,221669.1844,92
3505,3505.0,astar,40.3875,1.08,6269550.1838,198654.5011,91
3506,3506.0,astar,40.4391,1.1475,6266993.7371,190854.5003,91
3507,3507.0,astar,40.4552,1.215,6269134.9603,191690.45,90
3508,3508.0,astar,39.5552,1.2488,6271235.1024,191375.4917,93
3509,3509.0,astar,39.2597,1.3163,6273357.3746,193061.6387,94
3510,3510.0,astar,44.1339,0.7425,44683.7784,143993.8998,73
3511,3511.0,astar,44.2967,0.3713,42830.0314,194864.818,73
3512,3512.0,astar,42.4614,0.2025,41807.4212,232712.2373,78
3513,3513.0,astar,43.5379,0.1013,38291.4392,230293.5738,73
3514,3514.0,astar,43.3484,0.2025,38172.9158,281406.7644,80
3515,3515.0,astar,43.356,0.2025,37585.9159,294481.2098,83
3516,3516.0,astar,44.7257,0.3038,36130.2825,327484.5673,81
3517,3517.0,astar,44.6919,0.27,36073.2773,344121.7342,87
3518,3518.0,astar,44.3009,0.27,36429.035,293221.4997,93
3519,3519.0,astar,44.9029,0.2025,35987.6022,287508.2411,91
3520,3520.0,astar,44.7353,0.3375,36486.0214,307501.0365,92
3521,3521.0,astar,45.3734,0.27,35707.2141,300262.9584,92
3522,3522.0,astar,45.2658,0.3038,35869.1201,274418.0799,95
3523,3523.0,astar,45.9535,0.3038,34993.5057,275005.2339,95
3524,3524.0,astar,46.2546,0.3713,34813.0635,277622.0931,95
3525,3525.0,astar,46.6711,0.3375,34472.6256,268882.352,94
3526,3526.0,astar,46.1536,0.3375,35183.1688,248462.1769,96
3527,3527.0,astar,46.5637,0.3375,35045.8579,298897.0916,96
3528,3528.0,astar,46.9172,0.405,34928.964,259785.2555,94
3529,3529.0,astar,47.0745,0.4388,35472.107,252051.5466,96
3530,3530.0,astar,47.0849,0.4725,36389.9762,233305.033,97
3531,3531.0,astar,47.2824,0.5063,36477.245,261592.1568,97
3532,3532.0,astar,46.5226,0.54,37660.8292,252689.5915,99
3533,3533.0,astar,46.4782,0.5063,37404.989,253751.5136,99
3534,3534.0,astar,46.0773,0.6075,37704.8709,249254.0979,99
3535,3535.0,astar,46.7807,0.5738,36821.923,269918.7678,96
3536,3536.0,astar,45.8707,0.6075,37564.8323,246921.0896,99
3537,3537.0,astar,45.9058,0.5738,37428.135,242698.9522,99
3538,3538.0,astar,45.601,0.6075,37518.5074,280221.4507,100
3539,3539.0,astar,45.224,0.5738,38570.386,234020.6652,98
3540,3540.0,astar,44.0086,0.6075,39051.9845,256571.7222,101
3541,3541.0,astar,44.0522,0.6075,38807.3227,238991.3573,100
3542,3542.0,astar,44.3201,0.6413,38903.1472,247843.368,98
3543,3543.0,astar,44.5556,0.6075,38981.7204,254328.0767,97
3544,3544.0,astar,44.2779,0.6413,40742.9769,233411.2818,97
3545,3545.0,astar,43.9568,0.675,40678.1207,204293.6356,97
3546,3546.0,astar,43.7082,0.7088,40735.0442,249719.3686,100
3547,3547.0,astar,43.8416,0.7088,40583.7737,278379.6698,99
3548,3548.0,astar,43.1902,0.7763,42216.2687,234291.8563,101
3549,3549.0,astar,42.1859,0.7425,45044.0786,187076.6335,98
3550,3550.0,astar,42.1773,0.7763,45777.4589,216053.7862,95
3551,3551.0,astar,41.4905,0.8438,47890.5356,190703.1317,94
3552,3552.0,astar,39.2691,0.9113,49638.9576,205523.7294,96
3553,3553.0,astar,40.1133,0.9113,50448.9364,216182.8926,95
3554,3554.0,astar,40.205,0.945,51460.5034,277074.6144,97
3555,3555.0,astar,40.1502,0.81,49773.9349,245068.3259,96
3556,3556.0,astar,39.9447,0.675,48836.5114,249682.8832,95
3557,3557.0,astar,40.7521,0.5738,46904.8825,301995.1458,94
3558,3558.0,astar,40.8443,0.54,48943.6714,231914.281,93
3559,3559.0,astar,40.5477,0.54,49547.2681,231571.3888,93
3560,3560.0,astar,44.1566,0.3375,39589.1687,277266.2186,87
3561,3561.0,astar,43.8478,0.3375,38812.2525,283969.9324,89
3562,3562.0,astar,42.788,0.3375,39086.19,306119.803,95
3563,3563.0,astar,43.9659,0.3038,38498.7706,280410.7734,93
3564,3564.0,astar,44.6338,0.3713,36809.7453,285597.8839,96
3565,3565.0,astar,44.5604,0.3713,39712.0923,308471.4891,99
3566,3566.0,astar,45.4944,0.405,35140.0156,312637.075,95
3567,3567.0,astar,45.979,0.405,34123.5239,321783.6379,97
3568,3568.0,astar,45.4697,0.4388,34509.2736,328252.9322,100
3569,3569.0,astar,45.5705,0.4388,33957.4877,278613.011,99
3570,3570.0,astar,45.7277,0.4725,33726.2545,303991.332,101
3571,3571.0,astar,46.1632,0.5063,33273.3706,268022.2962,100
3572,3572.0,astar,46.0996,0.54,33467.0314,275020.4116,101
3573,3573.0,astar,46.4121,0.54,33165.4846,249191.6806,101
3574,3574.0,astar,45.4883,0.5738,33539.6069,238467.4567,100
3575,3575.0,astar,45.9888,0.54,33095.5779,252585.1207,99
3576,3576.0,astar,45.686,0.5738,33603.437,277630.3677,100
3577,3577.0,astar,45.7835,0.5738,33286.0648,286313.4662,100
3578,3578.0,astar,45.8769,0.6075,33226.8551,263109.355,101
3579,3579.0,astar,45.9705,0.5738,33215.6334,251876.563,101
3580,3580.0,astar,46.0585,0.6413,33312.7406,280187.0379,103
3581,3581.0,astar,46.4562,0.6075,32931.033,265418.6778,101
3582,3582.0,astar,46.2448,0.6413,33297.3126,230302.9536,101
3583,3583.0,astar,46.5248,0.6075,33028.6411,277574.0447,102
3584,3584.0,astar,45.7023,0.6413,33795.4344,234262.9334,103
3585,3585.0,astar,46.1884,0.6075,33369.2322,255058.5651,101
3586,3586.0,astar,45.3244,0.6413,34632.539,257802.952,101
3587,3587.0,astar,45.1986,0.6075,34974.3625,237451.5702,102
3588,3588.0,astar,44.414,0.6413,36256.1844,233143.3347,104
3589,3589.0,astar,43.7925,0.675,40068.8662,223428.2634,98
3590,3590.0,astar,43.5291,0.7425,42157.536,248285.4483,99
3591,3591.0,astar,42.592,0.7425,47105.9786,197523.2313,96
3592,3592.0,astar,42.022,0.7425,53791.2884,199909.8789,95
3593,3593.0,astar,41.6037,0.7425,57211.4245,213074.6104,95
3594,3594.0,astar,40.7189,0.945,56559.419,205356.5933,94
3595,3595.0,astar,40.673,1.1138,56642.2014,185879.0251,92
3596,3596.0,astar,40.6731,1.1813,54507.5694,211403.5545,91
3597,3597.0,astar,41.1166,1.215,52424.0498,213896.912,90
3598,3598.0,astar,40.5646,1.215,53916.7107,195110.5801,91
3599,3599.0,astar,39.7451,1.2488,56252.1336,189531.0335,91
