step,sim_time,algorithm,avg_speed_kmh,avg_queue,avg_latency_ms,co2_total,active_vehicles
0,0.0,dijkstra,51.0395,0.0359,30382.1767,1749.15,1
1,1.0,dijkstra,51.1119,0.0,30164.816,3201.6514,1
2,2.0,dijkstra,50.4735,0.0359,31153.5714,5549.6896,2
3,3.0,dijkstra,50.6756,0.0,30676.4422,9349.5052,2
4,4.0,dijkstra,50.1278,0.0359,31525.9062,11166.0696,3
5,5.0,dijkstra,50.3974,0.0,30930.2607,14074.7893,3
6,6.0,dijkstra,49.8142,0.0359,30828.4361,18154.9044,4
7,7.0,dijkstra,50.2941,0.0,30245.7558,28615.4453,4
8,8.0,dijkstra,50.0804,0.0359,30357.6318,26730.4254,5
9,9.0,dijkstra,50.4604,0.0,29993.1929,29593.5975,5
10,10.0,dijkstra,50.0675,0.0359,30912.5626,31951.8791,6
11,11.0,dijkstra,50.4071,0.0,30416.5355,27862.6632,6
12,12.0,dijkstra,49.889,0.0359,31033.1993,34295.6989,7
13,13.0,dijkstra,50.374,0.0,30453.1995,41317.7737,7
14,14.0,dijkstra,49.9539,0.0359,31271.0562,35025.3744,8
15,15.0,dijkstra,50.2402,0.0,30824.048,34205.7865,8
16,16.0,dijkstra,50.0503,0.0359,31037.7296,32213.5076,9
17,17.0,dijkstra,50.3877,0.0,30473.1521,36484.1638,9
18,18.0,dijkstra,49.923,0.0359,31318.0844,34552.0914,10
19,19.0,dijkstra,50.2354,0.0,30858.262,36565.115,10
20,20.0,dijkstra,50.7055,0.0,30297.3258,53107.0315,10
21,21.0,dijkstra,50.5911,0.0359,30904.6857,35613.8658,11
22,22.0,dijkstra,50.2081,0.0359,31493.9968,49718.6262,12
23,23.0,dijkstra,50.501,0.0,30882.3589,29270.3553,11
24,24.0,dijkstra,49.8249,0.0359,30796.5338,44364.3016,13
25,25.0,dijkstra,50.1723,0.0,30405.3737,44549.2876,13
26,26.0,dijkstra,49.5625,0.0359,31098.1002,46830.7537,14
27,27.0,dijkstra,49.8363,0.0,30659.5884,41862.3543,14
28,28.0,dijkstra,49.5222,0.0359,31470.5517,58774.9131,15
29,29.0,dijkstra,49.9666,0.0,30816.0811,53892.7502,15
30,30.0,dijkstra,49.796,0.0359,31017.7055,41142.1779,16
31,31.0,dijkstra,50.214,0.0,30567.1273,59544.3872,16
32,32.0,dijkstra,50.07,0.0359,30677.0309,59713.3808,17
33,33.0,dijkstra,50.2915,0.0,30329.874,52902.4626,17
34,34.0,dijkstra,50.0181,0.0359,30556.4911,60350.5175,18
35,35.0,dijkstra,50.4393,0.0,30171.04,73439.1436,18
36,36.0,dijkstra,50.1319,0.0359,30636.123,56122.0017,19
37,37.0,dijkstra,50.2278,0.0,30455.6645,59137.468,19
38,38.0,dijkstra,49.2291,0.0359,30982.4312,55574.06,20
39,39.0,dijkstra,49.3768,0.0,30965.7642,68978.3446,20
40,40.0,dijkstra,48.797,0.0359,31619.2203,63685.9811,21
41,41.0,dijkstra,48.983,0.0,31180.8301,66511.3416,21
42,42.0,dijkstra,48.2868,0.0359,31917.7084,57498.0822,22
43,43.0,dijkstra,48.0892,0.0,32107.4017,69239.472,22
44,44.0,dijkstra,47.4155,0.0719,32591.8624,65961.7714,23
45,45.0,dijkstra,47.793,0.0719,32305.9155,94970.9779,23
46,46.0,dijkstra,48.0876,0.1078,32177.5842,92979.4414,23
47,47.0,dijkstra,47.6375,0.1438,32850.9767,66638.6998,24
48,48.0,dijkstra,47.6188,0.1797,33295.8783,91271.0156,25
49,49.0,dijkstra,47.6579,0.1438,33164.3243,82013.0469,25
50,50.0,dijkstra,48.9125,0.1078,31433.8095,58589.4462,22
51,51.0,dijkstra,48.2146,0.0719,32196.9086,69370.7804,23
52,52.0,dijkstra,47.259,0.1078,33228.1164,75055.8687,25
53,53.0,dijkstra,47.5242,0.0719,32579.6598,87474.6605,25
54,54.0,dijkstra,46.714,0.1078,33871.0876,108095.7236,28
55,55.0,dijkstra,47.2679,0.0719,32848.4841,119114.3215,28
56,56.0,dijkstra,47.0864,0.1438,32867.5813,95711.1156,28
57,57.0,dijkstra,47.765,0.1078,32096.3285,119466.8007,28
58,58.0,dijkstra,48.1465,0.1078,31672.2988,103606.2761,28
59,59.0,dijkstra,48.0821,0.1438,31827.3757,71820.3401,28
60,60.0,dijkstra,47.0794,0.1438,32226.4283,75271.2879,29
61,61.0,dijkstra,47.3829,0.1078,31928.566,83060.5769,29
62,62.0,dijkstra,47.0215,0.1438,32226.4073,79055.0015,29
63,63.0,dijkstra,47.2481,0.1078,32019.332,86411.9722,29
64,64.0,dijkstra,47.0173,0.1438,32407.9158,91107.4306,31
65,65.0,dijkstra,47.4935,0.1078,32019.4716,115594.3977,31
66,66.0,dijkstra,47.6489,0.1438,32140.9597,95236.9353,31
67,67.0,dijkstra,47.6496,0.1078,32096.9379,99370.9737,32
68,68.0,dijkstra,47.2598,0.1438,32380.3049,106287.1192,33
69,69.0,dijkstra,47.3445,0.1078,32279.4016,90788.4727,33
70,70.0,dijkstra,46.8332,0.1438,32823.5557,111606.4087,33
71,71.0,dijkstra,46.7431,0.1078,32740.1857,95791.7061,33
72,72.0,dijkstra,45.4326,0.1438,6549873.1902,100115.9456,34
73,73.0,dijkstra,45.6247,0.1078,38018.2142,108077.9611,36
74,74.0,dijkstra,46.0507,0.1797,34685.8715,99407.1959,36
75,75.0,dijkstra,45.7526,0.1797,34485.7308,109085.8696,36
76,76.0,dijkstra,44.9762,0.2156,34058.0271,130525.0503,37
77,77.0,dijkstra,45.4488,0.1797,33378.304,122005.5834,37
78,78.0,dijkstra,45.2106,0.2156,33749.4238,127240.5719,38
79,79.0,dijkstra,45.6254,0.1797,33327.2366,114824.2199,38
80,80.0,dijkstra,45.5142,0.2516,33527.6843,143019.0264,40
81,81.0,dijkstra,45.8317,0.2156,33193.8555,113217.8843,40
82,82.0,dijkstra,45.3727,0.2516,34030.0564,101941.7446,41
83,83.0,dijkstra,45.414,0.2156,34167.158,119348.489,41
84,84.0,dijkstra,45.5471,0.3234,34244.2052,140642.5373,42
85,85.0,dijkstra,45.4511,0.2875,34253.1406,100921.8562,42
86,86.0,dijkstra,45.0521,0.3234,34849.0757,115289.6931,43
87,87.0,dijkstra,44.7911,0.3234,35888.6542,100682.7802,42
88,88.0,dijkstra,43.4586,0.3594,42143.3543,94839.8238,43
89,89.0,dijkstra,43.1434,0.3234,59142.7999,91379.0022,43
90,90.0,dijkstra,47.6496,0.1078,33006.1626,115163.5372,34
91,91.0,dijkstra,47.7896,0.0359,33025.5415,81930.2198,32
92,92.0,dijkstra,47.0707,0.1078,34363.3302,116595.822,37
93,93.0,dijkstra,46.945,0.0719,34708.5165,113098.0732,39
94,94.0,dijkstra,46.2445,0.1078,35134.0243,119197.5975,41
95,95.0,dijkstra,44.9185,0.1078,37970.5604,169813.2063,45
96,96.0,dijkstra,45.3879,0.1078,35973.1448,169900.2084,45
97,97.0,dijkstra,46.5823,0.0719,34324.5656,179906.5013,44
98,98.0,dijkstra,46.5889,0.0719,34112.7109,150982.9053,45
99,99.0,dijkstra,46.0705,0.1438,34340.9329,191485.2343,48
100,100.0,dijkstra,45.5893,0.1797,35033.0324,148289.1872,49
101,101.0,dijkstra,45.4672,0.1797,35353.5848,149140.271,49
102,102.0,dijkstra,44.9592,0.2516,36132.3052,148768.388,49
103,103.0,dijkstra,45.2648,0.2516,36524.5125,145095.549,49
104,104.0,dijkstra,45.1933,0.2875,37242.0615,143289.9225,48
105,105.0,dijkstra,45.2109,0.2875,37574.8859,128016.7818,49
106,106.0,dijkstra,44.8135,0.3594,38420.8911,133370.8707,49
107,107.0,dijkstra,45.2185,0.3953,37941.9821,153113.0484,49
108,108.0,dijkstra,45.2442,0.3953,37758.3279,144406.9271,49
109,109.0,dijkstra,45.1089,0.4312,38076.7765,142647.8371,50
110,110.0,dijkstra,43.8367,0.4312,40070.0757,113029.9268,52
111,111.0,dijkstra,43.9646,0.3953,40420.9981,151776.489,52
112,112.0,dijkstra,43.5683,0.4312,41911.6242,155492.4272,52
113,113.0,dijkstra,43.6476,0.4312,41467.0237,159913.933,52
114,114.0,dijkstra,42.8942,0.5031,41851.8406,97515.804,52
115,115.0,dijkstra,43.2127,0.4672,41926.7087,160769.8556,53
116,116.0,dijkstra,43.0454,0.5031,42233.3023,130311.783,55
117,117.0,dijkstra,43.501,0.5031,42377.5792,171237.8035,55
118,118.0,dijkstra,43.5303,0.5391,43047.7232,147693.9929,56
119,119.0,dijkstra,43.5866,0.5031,43993.3905,147360.5003,56
120,120.0,dijkstra,43.4595,0.6109,45150.2623,162543.92,55
121,121.0,dijkstra,43.2595,0.575,48047.8494,125669.8078,55
122,122.0,dijkstra,42.7172,0.575,53548.3129,123770.8282,56
123,123.0,dijkstra,42.8114,0.6109,83241.0981,164879.5242,55
124,124.0,dijkstra,42.3352,0.6109,363156.1855,151686.1858,56
125,125.0,dijkstra,42.4417,0.6109,7823448.5284,159884.7038,55
126,126.0,dijkstra,42.7755,0.6109,8904220.8258,178664.4485,55
127,127.0,dijkstra,43.1225,0.6469,47369.9408,146973.7877,57
128,128.0,dijkstra,42.3864,0.6828,45851.4453,162123.7432,58
129,129.0,dijkstra,42.6478,0.6469,44518.0987,168845.6878,58
130,130.0,dijkstra,42.4299,0.6828,44286.7737,151792.0884,58
131,131.0,dijkstra,42.8905,0.6469,44145.0251,162022.5578,57
132,132.0,dijkstra,41.2737,0.7188,46371.9036,123895.0299,59
133,133.0,dijkstra,41.6451,0.6828,45229.792,165460.0942,58
134,134.0,dijkstra,40.6695,0.7547,46140.506,155217.1538,60
135,135.0,dijkstra,41.9304,0.575,43106.7195,162406.7995,55
136,136.0,dijkstra,42.2339,0.6109,44164.7069,189593.5551,56
137,137.0,dijkstra,41.6986,0.5391,43591.8248,157762.4931,58
138,138.0,dijkstra,41.7129,0.575,43418.4483,160279.1673,58
139,139.0,dijkstra,41.412,0.5391,43829.5523,199505.0741,59
140,140.0,dijkstra,45.0786,0.3234,36833.0019,158818.2861,52
141,141.0,dijkstra,45.0363,0.1438,36462.0279,183476.9417,52
142,142.0,dijkstra,44.0256,0.1438,37086.8169,180028.3965,56
143,143.0,dijkstra,44.9295,0.0719,35268.5363,212360.6554,55
144,144.0,dijkstra,44.5723,0.1797,35119.2447,158364.6804,57
145,145.0,dijkstra,44.3373,0.1797,35391.5698,202752.4077,60
146,146.0,dijkstra,45.1806,0.1797,34336.8843,212090.4299,59
147,147.0,dijkstra,45.8374,0.2516,34134.1141,231293.2974,58
148,148.0,dijkstra,45.7873,0.2156,35035.6191,204481.153,60
149,149.0,dijkstra,46.1136,0.2156,40477.6117,208634.6849,60
150,150.0,dijkstra,44.9879,0.2516,373935.163,188146.6031,64
151,151.0,dijkstra,45.0806,0.2516,3834405.808,179214.429,64
152,152.0,dijkstra,45.1857,0.2516,6549886.0862,213738.8376,65
153,153.0,dijkstra,45.5897,0.2156,6549396.5905,225143.006,64
154,154.0,dijkstra,44.9273,0.2516,6550210.1957,200765.5067,63
155,155.0,dijkstra,45.2852,0.2156,6549998.2518,230571.3115,63
156,156.0,dijkstra,44.5236,0.2516,6551302.4487,166432.3947,65
157,157.0,dijkstra,44.9652,0.2156,6550697.247,193792.9001,64
158,158.0,dijkstra,45.1166,0.2516,6550558.099,206581.4626,65
159,159.0,dijkstra,45.5306,0.2516,6550042.4847,179517.7929,65
160,160.0,dijkstra,45.2345,0.2875,6550356.0854,182340.0907,67
161,161.0,dijkstra,45.3524,0.2516,6550000.2796,174735.8921,66
162,162.0,dijkstra,45.7233,0.2875,6549704.0935,190761.3897,64
163,163.0,dijkstra,45.2948,0.2516,6549969.8762,145740.6395,65
164,164.0,dijkstra,45.2348,0.2875,6549921.1427,198354.6712,66
165,165.0,dijkstra,45.2252,0.2516,46001.1962,173613.7633,65
166,166.0,dijkstra,44.7156,0.2875,38259.757,179202.4819,67
167,167.0,dijkstra,44.7578,0.2516,36682.9192,195153.2987,68
168,168.0,dijkstra,44.2974,0.3234,36151.2736,183451.2326,67
169,169.0,dijkstra,44.3231,0.3234,35550.9757,194342.8733,67
170,170.0,dijkstra,43.4822,0.3594,35518.422,206160.9504,69
171,171.0,dijkstra,43.5366,0.3234,35179.1964,218161.224,70
172,172.0,dijkstra,43.5462,0.3953,35223.5384,184291.3208,71
173,173.0,dijkstra,43.5014,0.4672,35461.3847,171649.1641,70
174,174.0,dijkstra,43.0541,0.5031,36309.8128,162616.5733,71
175,175.0,dijkstra,42.7869,0.5031,37017.7639,179762.9665,70
176,176.0,dijkstra,42.3775,0.5391,38101.6472,151341.9332,69
177,177.0,dijkstra,40.7868,0.6109,40611.3419,153058.8498,70
178,178.0,dijkstra,39.8826,0.7188,43619.4504,171796.9666,73
179,179.0,dijkstra,39.5123,0.7547,45672.7212,169455.9051,72
180,180.0,dijkstra,44.0162,0.3594,37897.3545,165255.8797,57
181,181.0,dijkstra,43.6234,0.2156,38698.0509,148472.6424,57
182,182.0,dijkstra,41.4977,0.2516,41534.617,141526.8881,61
183,183.0,dijkstra,41.5395,0.2516,42308.6989,158175.4903,64
184,184.0,dijkstra,41.7552,0.3234,41653.3407,217052.3422,63
185,185.0,dijkstra,41.6933,0.2516,41516.1336,239295.9877,67
186,186.0,dijkstra,41.3845,0.3234,40303.2381,273181.1182,72
187,187.0,dijkstra,42.4644,0.2875,38105.5983,287163.3245,71
188,188.0,dijkstra,43.7533,0.3234,36681.7905,284338.2589,71
189,189.0,dijkstra,44.6559,0.3234,35818.2084,283702.2977,73
190,190.0,dijkstra,44.4387,0.3594,36123.4779,243011.3473,74
191,191.0,dijkstra,45.0852,0.3234,35260.5785,252461.9735,75
192,192.0,dijkstra,45.7644,0.3234,34534.7184,275503.579,74
193,193.0,dijkstra,46.3194,0.3234,34202.3859,229767.7319,73
194,194.0,dijkstra,46.3357,0.3594,34136.0375,225092.1885,74
195,195.0,dijkstra,46.0741,0.3594,34632.0865,229819.3,75
196,196.0,dijkstra,46.3463,0.3594,34521.121,211912.2786,75
197,197.0,dijkstra,45.9821,0.3234,35017.663,178143.3135,76
198,198.0,dijkstra,44.8208,0.3594,36352.8375,216096.6324,78
199,199.0,dijkstra,45.5576,0.3234,35840.7243,227563.9027,78
200,200.0,dijkstra,45.9455,0.3234,35474.9828,225551.5598,77
201,201.0,dijkstra,45.4703,0.3953,35794.9109,209194.0367,80
202,202.0,dijkstra,44.9568,0.4312,36730.2628,229438.4613,80
203,203.0,dijkstra,45.3915,0.4312,36027.5201,242802.6487,79
204,204.0,dijkstra,45.0071,0.4672,36253.41,213048.0496,80
205,205.0,dijkstra,44.8097,0.4312,36534.8993,187430.5265,80
206,206.0,dijkstra,45.0441,0.5031,36320.4681,206322.8083,80
207,207.0,dijkstra,45.3219,0.5391,36083.2479,216207.5198,80
208,208.0,dijkstra,44.8374,0.575,36649.7154,192565.617,81
209,209.0,dijkstra,44.3903,0.5391,37166.5681,196043.6407,81
210,210.0,dijkstra,44.0056,0.575,37879.2757,195962.1787,81
211,211.0,dijkstra,43.4282,0.5391,39287.8425,175110.4937,80
212,212.0,dijkstra,43.3669,0.6109,42898.4239,198865.3257,80
213,213.0,dijkstra,42.9257,0.6828,49879.6031,178647.6093,81
214,214.0,dijkstra,41.9998,0.7547,128417.6173,193275.5306,81
215,215.0,dijkstra,41.3332,0.7547,332938.8394,155529.3648,80
216,216.0,dijkstra,41.2472,0.8266,1638476.2494,201474.4701,80
217,217.0,dijkstra,40.9778,0.7906,16542270.9844,181223.8744,78
218,218.0,dijkstra,39.7961,0.8266,80750.9306,202260.1335,79
219,219.0,dijkstra,38.7495,0.8266,72900.9102,179062.3834,80
220,220.0,dijkstra,38.3889,0.9703,235187.289,218037.0636,81
221,221.0,dijkstra,38.5381,1.0422,194936.1665,212619.0991,79
222,222.0,dijkstra,39.2276,1.0781,2057187.9201,229924.4457,79
223,223.0,dijkstra,38.495,1.0422,16548537.2191,206620.5857,80
224,224.0,dijkstra,38.6008,1.1141,16549678.27,252456.8393,80
225,225.0,dijkstra,39.8408,0.9344,16546048.4901,220997.3728,74
226,226.0,dijkstra,39.5723,0.8625,16548811.1798,201279.9169,75
227,227.0,dijkstra,39.8819,0.7547,16546534.7325,211011.6939,75
228,228.0,dijkstra,39.4491,0.7547,16545538.832,179879.4644,74
229,229.0,dijkstra,39.6259,0.7547,16544244.0534,260918.7228,77
230,230.0,dijkstra,40.0131,0.575,16539687.1003,216897.3155,71
231,231.0,dijkstra,40.6428,0.2875,54805.0538,208140.9974,68
232,232.0,dijkstra,40.2029,0.2516,44528.0904,230013.0955,71
233,233.0,dijkstra,41.5569,0.2156,39079.4886,198818.2875,68
234,234.0,dijkstra,42.1965,0.3234,38432.7222,245907.5032,68
235,235.0,dijkstra,42.4175,0.3234,38894.2894,245754.8658,71
236,236.0,dijkstra,42.9038,0.3594,39063.723,241483.0796,67
237,237.0,dijkstra,42.7044,0.2875,45915.6418,265511.3306,75
238,238.0,dijkstra,42.1943,0.3594,264820.204,276996.2453,77
239,239.0,dijkstra,43.0091,0.3594,673766.2264,287415.2166,77
240,240.0,dijkstra,43.8701,0.3953,6551186.3856,293169.633,79
241,241.0,dijkstra,44.2182,0.3594,6551046.702,261100.5564,79
242,242.0,dijkstra,44.4926,0.4312,6551080.136,276980.8036,79
243,243.0,dijkstra,44.483,0.4312,6551057.857,225595.1316,80
244,244.0,dijkstra,44.3116,0.4672,6551027.8231,240857.4894,78
245,245.0,dijkstra,44.3088,0.4672,6551047.5391,209160.4194,78
246,246.0,dijkstra,43.7333,0.5031,6551619.3755,197023.9937,78
247,247.0,dijkstra,43.6233,0.5031,6551652.329,223333.8482,79
248,248.0,dijkstra,43.5829,0.5391,6551831.4707,227652.6166,80
249,249.0,dijkstra,43.7455,0.5031,6551666.9777,184685.3091,80
250,250.0,dijkstra,43.5345,0.5391,6551972.1933,226909.4745,80
251,251.0,dijkstra,43.9093,0.5391,6551519.3181,225574.3524,79
252,252.0,dijkstra,43.4407,0.575,6551868.2039,208250.1983,80
253,253.0,dijkstra,43.548,0.5391,6551731.4772,217726.9945,80
254,254.0,dijkstra,43.4851,0.575,6551950.483,214013.8271,81
255,255.0,dijkstra,43.4906,0.5391,45105.0242,202937.7169,80
256,256.0,dijkstra,43.1705,0.6469,42581.5127,192311.4459,79
257,257.0,dijkstra,42.934,0.6469,42150.797,182689.043,77
258,258.0,dijkstra,42.0319,0.6828,47007.9201,213408.4506,79
259,259.0,dijkstra,42.6711,0.6828,57390.7822,209230.7927,79
260,260.0,dijkstra,42.0817,0.7547,304162.8512,202501.6138,80
261,261.0,dijkstra,42.3718,0.7547,1714906.6959,224229.721,80
262,262.0,dijkstra,42.2143,0.8266,16397717.337,187654.7534,80
263,263.0,dijkstra,42.2146,0.7906,16398638.1858,217720.7585,80
264,264.0,dijkstra,41.2433,0.8266,16400805.9663,195615.1911,79
265,265.0,dijkstra,41.346,0.8266,67912.9137,179783.5258,78
266,266.0,dijkstra,39.8926,0.8984,61657.3439,168248.3432,78
267,267.0,dijkstra,39.3951,0.8984,55746.299,178637.5749,77
268,268.0,dijkstra,38.4915,1.0062,55014.4514,159111.2839,78
269,269.0,dijkstra,38.2983,1.0422,54362.3337,188373.8543,77
270,270.0,dijkstra,41.0968,0.5391,45081.8904,145366.1103,59
271,271.0,dijkstra,41.3019,0.2156,44249.3875,198257.8297,61
272,272.0,dijkstra,39.9531,0.1438,48286.7881,197684.801,67
273,273.0,dijkstra,42.3307,0.1078,47067.6495,223314.8807,60
274,274.0,dijkstra,41.4257,0.1078,41480.9058,264979.5255,65
275,275.0,dijkstra,40.5358,0.1797,41413.5872,278870.6844,68
276,276.0,dijkstra,40.9824,0.2156,40231.6756,304948.9646,70
277,277.0,dijkstra,42.0071,0.2516,40784.1896,287211.3885,71
278,278.0,dijkstra,41.9266,0.2875,40430.0902,312856.9844,75
279,279.0,dijkstra,43.0205,0.2516,38332.3851,258156.4507,73
280,280.0,dijkstra,43.1546,0.3234,38266.8437,278305.6402,76
281,281.0,dijkstra,42.997,0.2875,38493.8806,236160.903,80
282,282.0,dijkstra,43.1706,0.3594,38360.7967,245273.3575,80
283,283.0,dijkstra,43.5268,0.3234,38293.3178,250116.9697,79
284,284.0,dijkstra,43.2569,0.3594,38413.4602,209604.8585,79
285,285.0,dijkstra,43.3102,0.3234,37649.0024,254887.6925,79
286,286.0,dijkstra,43.6887,0.3953,37250.919,249085.9062,80
287,287.0,dijkstra,44.568,0.3953,36470.7601,241065.4647,78
288,288.0,dijkstra,44.3675,0.4312,36960.6498,233608.5513,80
289,289.0,dijkstra,44.8628,0.3953,36294.6975,235353.1285,79
290,290.0,dijkstra,44.9643,0.4312,36761.4453,204384.4354,78
291,291.0,dijkstra,45.0833,0.3953,36316.4783,212750.2522,79
292,292.0,dijkstra,45.208,0.4312,36315.7296,233881.14,78
293,293.0,dijkstra,45.3848,0.3953,36071.4799,188506.4553,77
294,294.0,dijkstra,45.2514,0.4312,36049.2087,209588.8559,77
295,295.0,dijkstra,45.1934,0.3953,36127.9881,213514.0984,77
296,296.0,dijkstra,44.7918,0.4312,36918.3034,162534.818,77
297,297.0,dijkstra,44.728,0.4312,36799.7644,234104.4399,76
298,298.0,dijkstra,45.2169,0.4672,36118.1825,243821.8141,77
299,299.0,dijkstra,44.9954,0.5031,36328.8273,205550.2875,77
300,300.0,dijkstra,44.4379,0.5031,36369.1138,215802.177,78
301,301.0,dijkstra,44.3211,0.4672,36508.3913,177193.5075,78
302,302.0,dijkstra,44.2006,0.5031,37003.7583,195127.5035,77
303,303.0,dijkstra,44.2527,0.4672,37176.8719,219426.6775,78
304,304.0,dijkstra,43.8142,0.5031,37952.3015,173800.3658,77
305,305.0,dijkstra,43.4603,0.5031,38378.6318,208575.0517,78
306,306.0,dijkstra,42.9701,0.5391,40690.6655,186062.1636,78
307,307.0,dijkstra,43.6558,0.5031,40227.1848,206156.1908,76
308,308.0,dijkstra,42.6445,0.6109,42341.4101,186152.8362,78
309,309.0,dijkstra,42.3441,0.575,42284.6862,204515.5548,76
310,310.0,dijkstra,41.3505,0.6109,44036.4973,185698.3941,77
311,311.0,dijkstra,41.9078,0.6828,44021.0206,186682.0919,73
312,312.0,dijkstra,41.6643,0.7188,48205.0302,186374.6823,76
313,313.0,dijkstra,41.4721,0.7547,54288.8857,203078.6374,76
314,314.0,dijkstra,41.3311,0.7906,78775.3715,208874.7988,76
315,315.0,dijkstra,41.43,0.6109,43035.1101,155864.4715,71
316,316.0,dijkstra,40.8849,0.5391,44588.79,167140.6237,71
317,317.0,dijkstra,40.5546,0.4672,45802.7359,217701.1027,72
318,318.0,dijkstra,41.3355,0.575,45699.2969,202874.8679,69
319,319.0,dijkstra,41.2639,0.6469,46941.1545,187388.9536,70
320,320.0,dijkstra,42.1721,0.3953,39444.2032,217596.3053,65
321,321.0,dijkstra,43.4618,0.1797,38138.4066,231947.9765,62
322,322.0,dijkstra,43.2215,0.1797,38783.9036,225986.7102,63
323,323.0,dijkstra,43.2357,0.1438,38377.839,233390.3114,63
324,324.0,dijkstra,42.3242,0.1797,38494.7521,246662.1255,68
325,325.0,dijkstra,43.013,0.1797,37784.0909,290055.1293,70
326,326.0,dijkstra,44.3413,0.2516,37084.0702,289052.7333,70
327,327.0,dijkstra,45.1683,0.2156,43268.8074,276966.547,71
328,328.0,dijkstra,44.8264,0.3234,244435.5032,256925.8247,74
329,329.0,dijkstra,45.5479,0.2875,356982.8155,258274.7194,74
330,330.0,dijkstra,45.713,0.2875,6550319.9965,238440.9781,74
331,331.0,dijkstra,45.6548,0.3234,6550437.9956,239481.2817,75
332,332.0,dijkstra,46.2577,0.2875,6549961.0811,227896.0539,75
333,333.0,dijkstra,46.6065,0.2516,6549522.1738,235333.6578,74
334,334.0,dijkstra,46.0295,0.2875,6549987.8408,235141.9717,76
335,335.0,dijkstra,46.0667,0.2156,6549926.4294,223733.0808,77
336,336.0,dijkstra,46.1087,0.2875,6549873.3477,208579.2564,76
337,337.0,dijkstra,45.9114,0.2516,6550067.2775,184681.0681,76
338,338.0,dijkstra,45.9073,0.3234,6549958.1209,207660.7234,76
339,339.0,dijkstra,45.6662,0.2875,6550082.0294,213306.0201,77
340,340.0,dijkstra,44.7695,0.3234,6551087.9988,204127.0783,78
341,341.0,dijkstra,45.154,0.3594,6550673.1489,218383.9942,77
342,342.0,dijkstra,45.1192,0.3953,6550526.8531,234303.7259,76
343,343.0,dijkstra,45.0535,0.3594,6550505.5878,189552.2758,75
344,344.0,dijkstra,44.7608,0.3953,6551003.9289,241918.0488,76
345,345.0,dijkstra,44.451,0.3953,6551268.8233,177126.9485,77
346,346.0,dijkstra,43.7465,0.4312,6551755.9403,202695.2466,75
347,347.0,dijkstra,43.3489,0.3953,6552463.3741,222286.4532,75
348,348.0,dijkstra,42.9739,0.4312,6553453.7953,193145.5258,76
349,349.0,dijkstra,42.999,0.3953,6554730.4043,209397.8125,75
350,350.0,dijkstra,42.0303,0.5031,6557726.5166,180181.5608,75
351,351.0,dijkstra,41.8938,0.5031,6559246.2445,175943.1492,74
352,352.0,dijkstra,40.5596,0.575,6564485.6075,159231.5178,75
353,353.0,dijkstra,40.3187,0.6469,6590860.6244,172596.7256,73
354,354.0,dijkstra,39.6326,0.7188,6696794.4896,160232.8645,73
355,355.0,dijkstra,39.7546,0.7547,7326833.2062,187914.1854,72
356,356.0,dijkstra,39.3028,0.7906,8065635.1686,160093.2309,74
357,357.0,dijkstra,38.9036,0.8984,12312467.6404,179086.7441,75
358,358.0,dijkstra,38.1312,0.9344,26764166.2571,214283.2684,75
359,359.0,dijkstra,37.8602,0.9344,29438893.2504,190072.6597,75
360,360.0,dijkstra,42.4961,0.4312,16400090.9853,162420.4855,56
361,361.0,dijkstra,42.653,0.1438,46407.5842,153325.0421,56
362,362.0,dijkstra,41.8558,0.0359,42101.9986,193348.8066,61
363,363.0,dijkstra,43.6932,0.0359,36785.6984,195237.9958,55
364,364.0,dijkstra,43.4817,0.0719,35939.0617,235967.7767,59
365,365.0,dijkstra,44.135,0.0719,35632.0931,262779.6616,63
366,366.0,dijkstra,45.3654,0.1797,34418.9089,282305.2016,61
367,367.0,dijkstra,45.7393,0.2156,34898.7899,289763.1706,63
368,368.0,dijkstra,45.0734,0.2156,36270.5338,269416.8922,67
369,369.0,dijkstra,45.5486,0.2516,35881.0048,310230.2124,70
370,370.0,dijkstra,44.7784,0.3234,37504.7372,231061.7614,73
371,371.0,dijkstra,45.368,0.2156,36712.6132,239665.5263,71
372,372.0,dijkstra,45.2833,0.2516,36878.5384,231188.8023,75
373,373.0,dijkstra,45.8272,0.3234,36361.7077,258790.8927,75
374,374.0,dijkstra,45.7632,0.3953,36394.5846,185744.4014,75
375,375.0,dijkstra,45.7394,0.3594,36301.2707,217282.6098,73
376,376.0,dijkstra,45.2464,0.3953,37486.1862,217348.2622,75
377,377.0,dijkstra,45.6745,0.3953,37782.8201,239024.7668,74
378,378.0,dijkstra,45.8251,0.4312,39563.4047,220300.2232,74
379,379.0,dijkstra,45.843,0.4312,42429.1986,203158.1406,74
380,380.0,dijkstra,45.5509,0.5031,42269.9708,189504.9686,75
381,381.0,dijkstra,45.2509,0.5031,42809.6638,254483.4357,76
382,382.0,dijkstra,45.4102,0.5031,43740.7728,221446.5053,76
383,383.0,dijkstra,45.4265,0.5391,48592.8337,184171.7205,76
384,384.0,dijkstra,44.639,0.575,62385.217,152408.134,76
385,385.0,dijkstra,44.63,0.5391,222998.1489,241816.5565,78
386,386.0,dijkstra,44.6375,0.5391,497544.6315,193238.3887,77
387,387.0,dijkstra,44.2152,0.6109,1401218.1657,186977.3477,77
388,388.0,dijkstra,43.0673,0.6469,9008683.8007,185216.6632,79
389,389.0,dijkstra,42.9294,0.6828,16537651.4795,215436.1347,80
390,390.0,dijkstra,42.3476,0.7188,16537759.8537,222885.8488,80
391,391.0,dijkstra,42.2777,0.6828,16538040.1432,172572.9312,79
392,392.0,dijkstra,42.5253,0.7188,16538446.8044,234304.3523,79
393,393.0,dijkstra,42.1323,0.7547,16539034.2971,170199.846,77
394,394.0,dijkstra,42.2997,0.7906,16540183.5806,216231.8794,78
395,395.0,dijkstra,42.1309,0.7547,16539944.8002,195281.6378,79
396,396.0,dijkstra,41.8017,0.7906,16542051.2658,209967.6954,79
397,397.0,dijkstra,42.0547,0.8266,16541176.411,207261.0095,79
398,398.0,dijkstra,41.7116,0.8625,16541462.6554,207125.4878,79
399,399.0,dijkstra,41.7186,0.8266,16541613.796,199709.3639,76
400,400.0,dijkstra,41.5915,0.8984,16541827.5387,193297.8712,75
401,401.0,dijkstra,41.0811,0.8625,16542915.1684,196534.2778,79
402,402.0,dijkstra,41.1022,0.8984,16543335.5581,180138.9886,79
403,403.0,dijkstra,40.8826,0.9344,16543955.9422,213484.1278,78
404,404.0,dijkstra,40.0567,1.0062,16546929.0616,199398.5694,81
405,405.0,dijkstra,40.4033,0.8266,86076.2735,219314.4487,73
406,406.0,dijkstra,38.6789,0.7906,68874.2972,185471.3567,74
407,407.0,dijkstra,38.9351,0.6828,60479.6185,192290.0893,73
408,408.0,dijkstra,39.4241,0.7547,54484.9083,191627.8331,72
409,409.0,dijkstra,39.7329,0.7906,52247.9533,204147.1828,71
410,410.0,dijkstra,41.5099,0.575,45709.2262,229054.8742,72
411,411.0,dijkstra,42.553,0.4672,41804.3576,241082.9792,69
412,412.0,dijkstra,41.9752,0.4312,40131.7191,241794.4594,73
413,413.0,dijkstra,40.6482,0.3953,39728.5556,239402.3688,73
414,414.0,dijkstra,40.5947,0.4672,39338.2092,285257.8848,79
415,415.0,dijkstra,41.4366,0.4312,38203.6646,285963.0655,80
416,416.0,dijkstra,42.9383,0.4312,36365.6968,267312.7115,77
417,417.0,dijkstra,43.2753,0.4672,36021.3881,273864.0286,77
418,418.0,dijkstra,43.5507,0.4672,36052.6802,265386.8782,80
419,419.0,dijkstra,43.5619,0.5031,36388.9637,279663.0363,80
420,420.0,dijkstra,44.0673,0.5391,35831.4337,241754.8697,81
421,421.0,dijkstra,44.0438,0.5031,35780.5744,263653.1185,83
422,422.0,dijkstra,43.4492,0.5391,36006.2514,248074.6553,85
423,423.0,dijkstra,43.2051,0.5031,36424.5365,236431.2994,85
424,424.0,dijkstra,43.7573,0.575,36368.4807,233851.0535,86
425,425.0,dijkstra,43.8175,0.5391,36180.1631,238811.502,86
426,426.0,dijkstra,43.7138,0.575,36236.8707,236980.7211,86
427,427.0,dijkstra,43.7609,0.5391,36075.305,199503.4876,84
428,428.0,dijkstra,43.7642,0.575,36143.4863,236775.3978,83
429,429.0,dijkstra,44.2911,0.5391,36009.4968,237216.7241,83
430,430.0,dijkstra,43.7382,0.6109,36775.8269,226317.2777,83
431,431.0,dijkstra,43.8051,0.6109,36884.4915,217811.7083,82
432,432.0,dijkstra,43.6691,0.6828,37622.5873,182111.6841,82
433,433.0,dijkstra,43.8524,0.6469,37348.4484,221391.751,82
434,434.0,dijkstra,43.1082,0.6828,38763.9902,196742.4171,83
435,435.0,dijkstra,43.2104,0.6469,38591.6407,205453.9207,83
436,436.0,dijkstra,43.0948,0.7188,38729.2156,203993.4349,83
437,437.0,dijkstra,43.1317,0.7547,38832.8961,216926.0441,83
438,438.0,dijkstra,43.2851,0.7547,38974.338,195756.5786,82
439,439.0,dijkstra,43.1053,0.7906,39195.7178,210433.1216,83
440,440.0,dijkstra,43.0241,0.8266,39307.7562,212866.4648,83
441,441.0,dijkstra,42.844,0.8266,39560.1458,209876.1191,85
442,442.0,dijkstra,41.7829,0.8625,41197.5847,210905.6654,84
443,443.0,dijkstra,42.1627,0.8266,41586.7187,168478.1405,79
444,444.0,dijkstra,41.4151,0.8625,41829.3799,168455.1203,83
445,445.0,dijkstra,41.4681,0.8266,42714.4267,195003.8947,82
446,446.0,dijkstra,40.7256,0.9344,44381.1228,213361.3287,82
447,447.0,dijkstra,40.0105,0.9344,45800.1518,188413.1897,84
448,448.0,dijkstra,39.7307,1.0062,47628.4006,205380.589,85
449,449.0,dijkstra,39.0846,1.0422,49188.2367,196945.5513,85
450,450.0,dijkstra,41.5967,0.6469,41459.538,173063.0977,70
451,451.0,dijkstra,41.6096,0.3953,42065.8079,187108.5597,70
452,452.0,dijkstra,40.1424,0.3594,44468.532,226669.0772,76
453,453.0,dijkstra,40.6277,0.2875,43276.2312,216284.6197,71
454,454.0,dijkstra,38.8523,0.2516,44006.3604,278332.9549,78
455,455.0,dijkstra,39.2536,0.2156,44260.0951,282928.6103,83
456,456.0,dijkstra,40.1141,0.3234,43699.4384,305078.3498,82
457,457.0,dijkstra,41.675,0.2875,41925.2355,350102.5339,81
458,458.0,dijkstra,42.4816,0.3594,40398.4623,287843.2664,81
459,459.0,dijkstra,42.9103,0.3234,40135.3545,307043.36,83
460,460.0,dijkstra,42.786,0.3953,40376.5833,280809.3013,85
461,461.0,dijkstra,43.2893,0.3594,39964.2402,287814.5853,83
462,462.0,dijkstra,42.9869,0.3953,40176.8805,274748.4571,84
463,463.0,dijkstra,43.5632,0.3953,39680.0945,265021.5231,85
464,464.0,dijkstra,43.9675,0.5031,39618.893,283106.7821,86
465,465.0,dijkstra,44.1763,0.4672,39256.4896,234488.0167,85
466,466.0,dijkstra,44.3704,0.5031,39320.6856,253341.2936,87
467,467.0,dijkstra,44.9776,0.4312,38652.179,253385.6289,84
468,468.0,dijkstra,45.1118,0.4672,38427.5662,253065.1973,85
469,469.0,dijkstra,44.6782,0.4312,39007.1,195817.4079,85
470,470.0,dijkstra,44.4863,0.4672,39016.6164,226241.2733,84
471,471.0,dijkstra,44.4851,0.4312,39191.152,244152.0978,84
472,472.0,dijkstra,44.2658,0.4312,40049.2956,210540.6649,83
473,473.0,dijkstra,43.9296,0.5031,40633.4076,256990.9269,84
474,474.0,dijkstra,44.0223,0.4672,40812.2866,221232.5059,83
475,475.0,dijkstra,44.0713,0.5031,41198.6151,225496.9817,84
476,476.0,dijkstra,43.6108,0.5391,45172.1567,239953.1573,86
477,477.0,dijkstra,43.7796,0.5031,44344.2797,226412.7907,85
478,478.0,dijkstra,44.121,0.5391,44082.6581,282079.2356,84
479,479.0,dijkstra,43.6777,0.6109,44797.8106,231609.6353,85
480,480.0,dijkstra,43.4386,0.6109,45023.4629,256954.8452,87
481,481.0,dijkstra,43.1013,0.6109,45168.718,203184.4825,86
482,482.0,dijkstra,42.3057,0.6828,47288.2115,226496.2549,86
483,483.0,dijkstra,42.9666,0.6109,45799.1131,223410.0137,85
484,484.0,dijkstra,42.8722,0.6109,45795.248,237188.3573,86
485,485.0,dijkstra,43.1497,0.6109,45220.5019,244545.0522,83
486,486.0,dijkstra,42.1964,0.6469,45984.6374,219847.6951,83
487,487.0,dijkstra,41.9235,0.6469,46477.7779,223623.4281,83
488,488.0,dijkstra,42.291,0.6828,45916.719,201038.7637,82
489,489.0,dijkstra,42.6012,0.7188,46570.155,204779.4773,83
490,490.0,dijkstra,42.6033,0.7188,46513.404,237119.9506,81
491,491.0,dijkstra,42.8821,0.7906,47225.2128,225901.5301,81
492,492.0,dijkstra,43.1183,0.7188,45384.4551,239041.8445,81
493,493.0,dijkstra,42.3796,0.7906,45422.0516,211088.6475,82
494,494.0,dijkstra,42.2493,0.7906,45336.7486,220059.2511,81
495,495.0,dijkstra,43.5232,0.6469,43463.5114,243628.0045,75
496,496.0,dijkstra,42.7148,0.6469,46286.06,217378.7903,78
497,497.0,dijkstra,42.2507,0.6469,45822.6297,215867.09,78
498,498.0,dijkstra,41.7194,0.6828,45318.8495,191252.814,78
499,499.0,dijkstra,41.8809,0.6828,45028.2846,196813.0069,77
500,500.0,dijkstra,43.1338,0.4672,40106.7951,163305.1394,69
501,501.0,dijkstra,43.4568,0.2156,39053.8559,231451.9161,70
502,502.0,dijkstra,43.3853,0.2156,38540.5229,232337.2044,70
503,503.0,dijkstra,43.9784,0.1797,37590.6065,198756.1765,66
504,504.0,dijkstra,44.1013,0.1797,37364.21,240042.258,71
505,505.0,dijkstra,44.7,0.2156,36736.685,266175.498,73
506,506.0,dijkstra,45.7856,0.2516,34809.5095,285739.1421,70
507,507.0,dijkstra,45.8727,0.2875,34528.6055,262024.5328,71
508,508.0,dijkstra,46.3058,0.2516,33951.0045,281823.6194,72
509,509.0,dijkstra,46.1815,0.2516,34154.6355,216955.0468,74
510,510.0,dijkstra,46.3297,0.2516,33875.2146,260302.983,76
511,511.0,dijkstra,46.3927,0.3234,33768.682,220384.2008,76
512,512.0,dijkstra,45.5198,0.4312,35113.1003,237834.6784,79
513,513.0,dijkstra,45.5984,0.3953,34937.6579,204285.8507,79
514,514.0,dijkstra,46.0928,0.4312,34404.6364,241108.7686,76
515,515.0,dijkstra,45.6137,0.4672,35390.9219,199868.2843,77
516,516.0,dijkstra,45.2198,0.5031,35583.8926,214980.2132,78
517,517.0,dijkstra,44.7746,0.5031,36035.8384,206442.0033,79
518,518.0,dijkstra,45.0874,0.5031,35664.9706,228307.77,80
519,519.0,dijkstra,44.5678,0.4672,36162.4777,191465.1,82
520,520.0,dijkstra,44.1337,0.5391,36360.0184,225521.4203,83
521,521.0,dijkstra,44.5066,0.5391,36018.9063,241511.7836,82
522,522.0,dijkstra,44.0662,0.575,37056.1507,238124.2221,82
523,523.0,dijkstra,44.9961,0.575,36186.0806,234917.8436,80
524,524.0,dijkstra,45.1288,0.575,36198.1673,228887.9043,79
525,525.0,dijkstra,45.077,0.575,36497.1411,212797.1861,79
526,526.0,dijkstra,44.4277,0.6109,36973.0124,190383.47,80
527,527.0,dijkstra,44.537,0.575,37131.5903,209389.214,81
528,528.0,dijkstra,44.2887,0.6469,37821.9892,207616.0468,81
529,529.0,dijkstra,44.2033,0.6109,38181.496,179742.6445,81
530,530.0,dijkstra,43.8211,0.6469,38687.4521,218785.5663,77
531,531.0,dijkstra,44.1261,0.6469,38587.1844,182203.2829,75
532,532.0,dijkstra,43.2019,0.6828,39840.0831,153557.0524,78
533,533.0,dijkstra,42.3642,0.7188,42573.5758,174525.4474,78
534,534.0,dijkstra,41.7659,0.7188,44556.2083,208676.393,81
535,535.0,dijkstra,41.7299,0.8266,46470.138,221462.9774,81
536,536.0,dijkstra,41.7245,0.8984,47982.389,182668.7721,78
537,537.0,dijkstra,41.7147,0.9344,48497.8922,210772.1846,79
538,538.0,dijkstra,40.491,1.0062,49110.9909,187034.5331,81
539,539.0,dijkstra,40.0993,1.1141,50194.686,211360.4527,81
540,540.0,dijkstra,41.4398,0.6469,43276.6084,183251.3497,68
541,541.0,dijkstra,41.4972,0.3594,42105.8543,175680.8299,67
542,542.0,dijkstra,40.5648,0.2156,42372.6058,192848.8817,69
543,543.0,dijkstra,41.4236,0.1797,40720.8542,225430.2318,68
544,544.0,dijkstra,40.4681,0.1797,41216.1523,245368.1443,73
545,545.0,dijkstra,41.6321,0.1797,39958.6717,281750.8961,77
546,546.0,dijkstra,42.0898,0.2516,38671.8555,285444.6119,74
547,547.0,dijkstra,42.9381,0.2516,37888.8488,274035.114,73
548,548.0,dijkstra,43.0729,0.2516,37974.4124,319271.8353,77
549,549.0,dijkstra,43.6382,0.2875,37587.2323,276975.4245,75
550,550.0,dijkstra,43.9386,0.3234,37330.2168,256031.9561,76
551,551.0,dijkstra,44.2005,0.3234,37499.6957,268517.8602,77
552,552.0,dijkstra,43.4796,0.4312,38912.0121,262388.4383,78
553,553.0,dijkstra,43.7177,0.3594,38859.7336,314603.5203,79
554,554.0,dijkstra,43.196,0.3953,39706.4185,235087.3038,82
555,555.0,dijkstra,43.6756,0.3594,39003.2633,278466.9234,83
556,556.0,dijkstra,43.4311,0.4312,39177.9686,237405.4244,81
557,557.0,dijkstra,44.3323,0.3953,38935.2211,196020.1817,79
558,558.0,dijkstra,44.2016,0.4312,39213.2763,241512.7843,81
559,559.0,dijkstra,44.1563,0.3953,39630.4238,231628.8762,83
560,560.0,dijkstra,44.0683,0.4312,40119.9453,234829.8389,84
561,561.0,dijkstra,44.3532,0.3953,40528.6685,241808.896,84
562,562.0,dijkstra,44.2969,0.4672,41069.3226,243887.9547,84
563,563.0,dijkstra,44.5028,0.4312,40771.8479,224200.1361,82
564,564.0,dijkstra,43.9743,0.4672,41303.9643,205670.3873,82
565,565.0,dijkstra,43.7404,0.4312,41575.0778,199796.0596,83
566,566.0,dijkstra,42.8221,0.5031,42835.8761,199945.897,84
567,567.0,dijkstra,43.1813,0.5391,42971.0405,212839.3199,82
568,568.0,dijkstra,43.0736,0.6109,43882.4758,202379.2657,82
569,569.0,dijkstra,42.9669,0.6109,43816.2191,159667.0499,80
570,570.0,dijkstra,42.6763,0.6469,44248.7101,224992.3005,82
571,571.0,dijkstra,42.9116,0.6469,43973.2853,191077.2374,80
572,572.0,dijkstra,43.1413,0.6469,43896.6838,195087.8476,79
573,573.0,dijkstra,42.3222,0.6469,46556.3437,176222.3089,80
574,574.0,dijkstra,42.1161,0.6469,46838.4913,201386.3608,80
575,575.0,dijkstra,41.4977,0.6828,47770.4308,188103.1247,79
576,576.0,dijkstra,41.0764,0.7188,49348.1885,167838.3134,80
577,577.0,dijkstra,40.3559,0.7547,50391.5599,241094.7523,83
578,578.0,dijkstra,39.7835,0.7547,51792.998,194398.5596,82
579,579.0,dijkstra,39.9861,0.7547,52656.3573,229117.2538,82
580,580.0,dijkstra,39.994,0.8625,52597.0451,239378.1188,85
581,581.0,dijkstra,40.3799,0.8625,50845.3867,243496.3781,81
582,582.0,dijkstra,40.5935,1.0422,50755.0441,255130.7013,82
583,583.0,dijkstra,40.6793,1.0062,50227.0748,198932.5091,81
584,584.0,dijkstra,39.7955,1.0422,50912.0573,233206.9422,83
585,585.0,dijkstra,40.3328,0.8625,48888.6038,198394.2871,77
586,586.0,dijkstra,40.0563,0.7547,50465.8886,224607.4679,78
587,587.0,dijkstra,39.9365,0.6109,57009.5531,210723.7711,80
588,588.0,dijkstra,40.7723,0.6109,73621.738,242954.389,78
589,589.0,dijkstra,41.2382,0.6109,499071.0654,201802.8896,76
590,590.0,dijkstra,42.9799,0.3234,387066.5141,182730.4898,70
591,591.0,dijkstra,43.4925,0.3234,51590.1531,204238.3634,69
592,592.0,dijkstra,42.2399,0.2875,43156.5063,241045.5985,75
593,593.0,dijkstra,44.7762,0.2516,36155.9142,257390.5838,71
594,594.0,dijkstra,45.7485,0.2875,35428.7128,261057.7688,74
595,595.0,dijkstra,45.3757,0.2516,35352.027,270829.6703,77
596,596.0,dijkstra,45.4301,0.2875,35667.7374,268792.7672,81
597,597.0,dijkstra,46.6159,0.2516,33872.9356,321705.9709,79
598,598.0,dijkstra,45.1567,0.2875,34999.3871,315969.0228,83
599,599.0,dijkstra,45.559,0.2516,34418.8029,298807.4676,85
600,600.0,dijkstra,45.5844,0.2875,34271.6899,303179.5547,87
601,601.0,dijkstra,45.7805,0.2516,34095.4763,278736.0477,87
602,602.0,dijkstra,45.9949,0.2516,34121.8773,260154.0126,87
603,603.0,dijkstra,46.0072,0.2516,34147.6066,215541.4379,88
604,604.0,dijkstra,45.6883,0.3594,34574.9956,241481.0123,88
605,605.0,dijkstra,46.4311,0.3594,33786.3824,265014.8292,85
606,606.0,dijkstra,46.7333,0.4312,33611.8464,265198.9823,86
607,607.0,dijkstra,46.2306,0.3953,34045.706,219570.6673,87
608,608.0,dijkstra,45.5669,0.4312,34542.9519,241348.5544,88
609,609.0,dijkstra,45.6921,0.4312,34396.8907,279149.2629,87
610,610.0,dijkstra,46.0067,0.4672,34264.5507,241356.8315,86
611,611.0,dijkstra,46.1218,0.5031,34197.8822,278179.4916,86
612,612.0,dijkstra,45.1566,0.5391,35069.3457,233704.8702,89
613,613.0,dijkstra,45.0427,0.5031,35321.401,247225.9095,89
614,614.0,dijkstra,44.1956,0.5391,36965.6654,241904.2677,90
615,615.0,dijkstra,43.9765,0.5031,37282.4262,232227.1986,88
616,616.0,dijkstra,43.6932,0.5391,38278.7789,253755.0621,88
617,617.0,dijkstra,44.311,0.6109,37878.0397,273857.7131,88
618,618.0,dijkstra,44.5842,0.6469,37894.8302,259977.8492,89
619,619.0,dijkstra,44.6123,0.6469,38558.7569,192804.8341,90
620,620.0,dijkstra,44.3132,0.6469,40077.201,233210.7878,91
621,621.0,dijkstra,44.6891,0.6109,41740.4227,219007.4654,88
622,622.0,dijkstra,44.2649,0.6469,52249.0228,247361.2776,89
623,623.0,dijkstra,43.9125,0.6469,91067.7897,202660.3942,88
624,624.0,dijkstra,43.2512,0.7188,404572.0286,212692.0066,87
625,625.0,dijkstra,42.8455,0.7188,1455654.8783,194118.2355,86
626,626.0,dijkstra,42.517,0.7906,48355.7975,213847.6466,87
627,627.0,dijkstra,42.0895,0.8625,52757.0029,190643.8588,89
628,628.0,dijkstra,41.6665,0.8984,58775.9623,245989.2448,90
629,629.0,dijkstra,41.2212,1.0062,87708.519,220032.0159,90
630,630.0,dijkstra,42.4799,0.6828,44462.658,207126.4519,76
631,631.0,dijkstra,42.1727,0.3953,43041.7538,195491.2411,76
632,632.0,dijkstra,40.7818,0.2875,43562.8565,268087.159,82
633,633.0,dijkstra,41.7513,0.2156,41325.8781,229341.4627,76
634,634.0,dijkstra,41.4624,0.2516,40516.8234,237900.5463,75
635,635.0,dijkstra,41.2541,0.2156,41003.3015,253508.6863,79
636,636.0,dijkstra,42.5851,0.2156,39622.9893,274447.356,74
637,637.0,dijkstra,42.3536,0.2875,40307.8825,320660.5988,78
638,638.0,dijkstra,42.3456,0.3234,40990.8956,326658.8431,81
639,639.0,dijkstra,42.9995,0.2875,39837.8675,326388.1257,81
640,640.0,dijkstra,42.8104,0.3594,39377.883,271742.3408,82
641,641.0,dijkstra,43.6996,0.3234,38346.0533,279651.6745,82
642,642.0,dijkstra,43.7405,0.3953,38229.1465,260090.4547,84
643,643.0,dijkstra,44.3214,0.3234,37518.2588,260144.5449,84
644,644.0,dijkstra,44.1147,0.3953,37150.4361,295980.2622,85
645,645.0,dijkstra,44.2259,0.3953,36975.2625,257096.9002,83
646,646.0,dijkstra,44.1223,0.3953,37258.7129,208867.7681,84
647,647.0,dijkstra,43.5518,0.4312,38660.5672,227080.8955,86
648,648.0,dijkstra,43.5739,0.4672,39482.5859,267047.6152,87
649,649.0,dijkstra,43.8019,0.4672,40953.208,239957.2506,86
650,650.0,dijkstra,43.7738,0.5391,42358.3338,232577.8594,87
651,651.0,dijkstra,43.8273,0.5031,41755.4116,240500.9076,87
652,652.0,dijkstra,43.6464,0.5391,41073.9556,223897.1983,86
653,653.0,dijkstra,43.8631,0.5391,41109.925,258287.2855,87
654,654.0,dijkstra,43.3899,0.5391,41717.2184,208272.6422,86
655,655.0,dijkstra,44.2452,0.575,40307.0694,252516.6162,83
656,656.0,dijkstra,43.2352,0.6109,40908.8658,249576.3982,88
657,657.0,dijkstra,43.346,0.575,40522.3606,236033.759,88
658,658.0,dijkstra,42.9719,0.6469,41446.1637,228049.3297,89
659,659.0,dijkstra,43.0989,0.6109,41317.3955,242552.8222,88
660,660.0,dijkstra,43.139,0.6828,41312.5454,238546.5613,91
661,661.0,dijkstra,42.986,0.6469,41508.538,219466.9634,91
662,662.0,dijkstra,42.0286,0.6828,41893.347,226065.3282,90
663,663.0,dijkstra,42.412,0.7188,44311.1308,222546.0909,91
664,664.0,dijkstra,42.5381,0.7906,43487.9749,266726.0732,90
665,665.0,dijkstra,42.56,0.7547,43442.1964,234057.3478,91
666,666.0,dijkstra,42.5726,0.7547,43145.32,226534.4681,89
667,667.0,dijkstra,42.0189,0.7906,16540755.6718,250051.2951,88
668,668.0,dijkstra,41.7644,0.7906,54041.0016,223988.4873,87
669,669.0,dijkstra,41.8578,0.7906,47849.5682,260867.1303,87
670,670.0,dijkstra,41.3461,0.8984,45601.5123,194627.8305,87
671,671.0,dijkstra,41.245,0.8984,44949.8867,215774.3409,86
672,672.0,dijkstra,40.5649,0.9344,44704.8507,199265.776,86
673,673.0,dijkstra,40.2447,0.9703,45116.928,198680.5997,85
674,674.0,dijkstra,39.2059,1.0062,46783.0462,173470.8279,85
675,675.0,dijkstra,39.6852,0.8625,44265.5167,183491.7686,76
676,676.0,dijkstra,38.7906,0.8266,46639.6863,163558.0756,80
677,677.0,dijkstra,38.7542,0.7906,46150.1929,241603.3925,80
678,678.0,dijkstra,38.8135,0.8984,46707.2524,207234.9766,79
679,679.0,dijkstra,39.1165,0.8984,46246.3427,261804.7793,80
680,680.0,dijkstra,40.8818,0.7547,41286.2659,207414.9252,74
681,681.0,dijkstra,40.8675,0.5031,41220.8587,226499.5093,75
682,682.0,dijkstra,41.8147,0.3234,39230.123,247155.6681,74
683,683.0,dijkstra,42.124,0.3234,39872.5561,225181.2968,70
684,684.0,dijkstra,42.1566,0.3234,39229.4103,283285.8347,75
685,685.0,dijkstra,41.4293,0.3594,39434.4645,289212.9788,80
686,686.0,dijkstra,41.8207,0.3234,38361.7009,313000.9815,80
687,687.0,dijkstra,42.2018,0.3594,37808.5613,298233.8647,81
688,688.0,dijkstra,41.8054,0.4312,38418.0208,344576.004,85
689,689.0,dijkstra,42.096,0.3953,40137.1828,306455.5191,86
690,690.0,dijkstra,42.1623,0.5031,640692.6917,290453.5221,86
691,691.0,dijkstra,42.7779,0.4672,1075501.4109,238472.9381,85
692,692.0,dijkstra,43.236,0.4672,6551909.1268,271428.033,85
693,693.0,dijkstra,43.7502,0.5031,6551654.4489,280081.4737,85
694,694.0,dijkstra,43.718,0.5031,6551871.2134,287228.9034,86
695,695.0,dijkstra,43.28,0.4672,6552201.3876,196208.0153,87
696,696.0,dijkstra,43.3814,0.5031,6552114.7671,248236.6533,86
697,697.0,dijkstra,43.7587,0.4672,6551645.6357,281881.3403,86
698,698.0,dijkstra,43.9282,0.5031,6551529.5673,240890.1955,85
699,699.0,dijkstra,44.033,0.4672,6551442.7299,234318.0686,86
700,700.0,dijkstra,44.1845,0.5031,6551315.738,218891.9831,86
701,701.0,dijkstra,44.3954,0.4672,6551005.2736,214383.3173,84
702,702.0,dijkstra,43.8284,0.5031,6551978.2903,275645.0158,84
703,703.0,dijkstra,43.6987,0.4672,6552047.3271,191666.8335,84
704,704.0,dijkstra,43.4911,0.5031,6552348.7954,229127.6379,84
705,705.0,dijkstra,43.6037,0.4672,6552487.8485,200190.9696,83
706,706.0,dijkstra,42.7654,0.5391,6553495.5878,216049.2785,83
707,707.0,dijkstra,42.9657,0.5031,6553646.7885,253854.8936,83
708,708.0,dijkstra,42.6083,0.5391,6553768.7691,217825.0974,83
709,709.0,dijkstra,42.6073,0.5391,6554130.3515,229523.44,83
710,710.0,dijkstra,42.3705,0.575,6555160.5241,214070.4328,82
711,711.0,dijkstra,42.3035,0.575,6556388.4874,227157.3885,83
712,712.0,dijkstra,42.0976,0.6469,6557688.7376,218642.5662,81
713,713.0,dijkstra,42.0553,0.7188,6559029.583,223481.2996,83
714,714.0,dijkstra,41.6636,0.7188,6559512.2412,184958.1303,82
715,715.0,dijkstra,41.9065,0.7906,6559589.3144,230617.6145,82
716,716.0,dijkstra,41.5545,0.7547,6561484.2663,203841.2691,80
717,717.0,dijkstra,41.1603,0.7547,6561733.449,183351.6359,82
718,718.0,dijkstra,40.1059,0.8984,6563857.2553,204983.6665,82
719,719.0,dijkstra,39.9774,0.8984,6564103.9581,187286.4504,82
720,720.0,dijkstra,43.7116,0.4312,38912.0983,154139.2292,64
721,721.0,dijkstra,43.9199,0.1438,37999.4174,168769.4298,64
722,722.0,dijkstra,43.4121,0.1078,38359.3306,183182.6543,67
723,723.0,dijkstra,44.4623,0.1438,36606.926,190198.2648,62
724,724.0,dijkstra,43.1992,0.1797,36792.0311,265850.7675,68
725,725.0,dijkstra,42.7241,0.2156,37623.2545,258308.7251,73
726,726.0,dijkstra,43.1098,0.2875,37845.4264,320959.7565,76
727,727.0,dijkstra,44.1665,0.2156,36558.0262,286983.3432,73
728,728.0,dijkstra,44.7779,0.3234,36359.0605,299278.0167,75
729,729.0,dijkstra,44.8742,0.2875,36091.1398,260397.7545,77
730,730.0,dijkstra,45.1416,0.3234,35518.2073,239649.3259,79
731,731.0,dijkstra,45.8493,0.2516,34824.2418,273893.8209,78
732,732.0,dijkstra,44.8036,0.2875,35541.8948,228814.589,80
733,733.0,dijkstra,45.1355,0.2516,35125.8344,243504.4422,78
734,734.0,dijkstra,45.1049,0.3234,35484.3489,235995.9228,79
735,735.0,dijkstra,45.5353,0.3234,35179.1701,232623.1678,78
736,736.0,dijkstra,44.7861,0.3594,35923.509,204202.0126,79
737,737.0,dijkstra,44.6336,0.3234,36132.2181,234083.9609,80
738,738.0,dijkstra,44.7517,0.3953,36722.1952,203825.3238,79
739,739.0,dijkstra,45.4437,0.4312,36123.2087,222025.9721,78
740,740.0,dijkstra,44.7967,0.4672,37769.369,216845.8712,81
741,741.0,dijkstra,45.0883,0.4672,37304.6099,259836.288,80
742,742.0,dijkstra,44.9008,0.5031,37964.0677,200935.6994,81
743,743.0,dijkstra,44.7771,0.4672,37857.146,205555.2714,82
744,744.0,dijkstra,44.8312,0.575,37952.2139,220531.0138,82
745,745.0,dijkstra,44.8648,0.6109,38366.107,218742.0467,81
746,746.0,dijkstra,44.3727,0.6109,40898.3535,220225.7171,82
747,747.0,dijkstra,44.0116,0.575,41461.5398,183300.6784,82
748,748.0,dijkstra,43.7475,0.6109,42084.9983,226559.1642,82
749,749.0,dijkstra,43.5916,0.6109,43376.6218,216385.5222,83
750,750.0,dijkstra,43.1687,0.6828,43581.2285,210859.6106,84
751,751.0,dijkstra,42.8643,0.6828,43145.7168,218866.6076,83
752,752.0,dijkstra,42.7787,0.7188,42819.8343,212839.3348,85
753,753.0,dijkstra,42.8104,0.6828,42412.2152,206884.8902,83
754,754.0,dijkstra,42.0276,0.7547,42701.7443,206393.6041,82
755,755.0,dijkstra,41.6106,0.7188,43330.1539,197224.1595,81
756,756.0,dijkstra,41.4577,0.7906,43692.2436,218089.5477,82
757,757.0,dijkstra,41.0274,0.7547,45065.4059,223228.846,82
758,758.0,dijkstra,41.4863,0.7547,46614.5465,240740.0746,81
759,759.0,dijkstra,41.3387,0.7547,45041.313,223631.4411,82
760,760.0,dijkstra,40.957,0.8266,47151.8988,202984.0373,80
761,761.0,dijkstra,40.9279,0.8984,47013.9492,223604.1644,80
762,762.0,dijkstra,40.7847,0.8984,48463.9202,170580.6396,79
763,763.0,dijkstra,39.4377,0.9703,53991.9445,224161.2556,77
764,764.0,dijkstra,39.8273,0.9703,54169.2259,200927.741,77
765,765.0,dijkstra,40.6796,0.9344,51176.8233,181889.6334,69
766,766.0,dijkstra,41.1329,0.9344,49653.8231,189475.2679,69
767,767.0,dijkstra,41.0077,0.8625,47786.1572,226304.3609,75
768,768.0,dijkstra,40.5168,0.8625,47386.8414,213207.0801,74
769,769.0,dijkstra,40.8861,0.7906,44908.2321,222568.6802,74
770,770.0,dijkstra,43.2402,0.4672,39356.0836,164831.1516,66
771,771.0,dijkstra,43.1119,0.2156,38809.9864,201049.7669,65
772,772.0,dijkstra,43.0581,0.1438,38356.9036,254403.611,68
773,773.0,dijkstra,44.4973,0.1797,36196.1957,236164.4124,65
774,774.0,dijkstra,44.2527,0.2875,36256.6516,245345.4928,70
775,775.0,dijkstra,44.0091,0.2156,36666.8469,234850.9492,72
776,776.0,dijkstra,45.0325,0.2875,35492.9854,266311.6518,70
777,777.0,dijkstra,45.4991,0.2516,35033.2793,279081.3022,71
778,778.0,dijkstra,46.1557,0.2875,34283.5729,252834.6004,72
779,779.0,dijkstra,46.7245,0.2516,33682.3539,271056.4593,72
780,780.0,dijkstra,46.3512,0.3234,34035.3612,218867.5651,74
781,781.0,dijkstra,46.5325,0.2875,33914.7729,258428.1022,74
782,782.0,dijkstra,45.9093,0.3234,34971.4967,218689.0059,75
783,783.0,dijkstra,46.4383,0.2875,34259.7679,269058.2241,75
784,784.0,dijkstra,45.7634,0.3953,35641.9555,234949.4148,76
785,785.0,dijkstra,45.8975,0.3953,35557.0972,223383.9614,75
786,786.0,dijkstra,45.9116,0.4312,35899.7538,229493.2374,74
787,787.0,dijkstra,45.9989,0.3953,36583.222,197617.9382,73
788,788.0,dijkstra,45.7726,0.4672,36822.1708,207187.7103,74
789,789.0,dijkstra,45.8453,0.4312,36809.0072,176775.5613,74
790,790.0,dijkstra,45.3798,0.4672,36855.0858,223123.9909,74
791,791.0,dijkstra,45.4749,0.4672,36806.374,178573.3343,73
792,792.0,dijkstra,44.3057,0.5031,37553.3524,179219.3812,72
793,793.0,dijkstra,44.7056,0.5031,35770.8909,199522.256,73
794,794.0,dijkstra,44.4396,0.5391,36373.8938,215172.8561,74
795,795.0,dijkstra,45.0281,0.5031,35927.0796,186244.5367,72
796,796.0,dijkstra,45.1128,0.5391,36447.6461,187991.6322,73
797,797.0,dijkstra,44.7827,0.5391,36671.9575,176381.381,74
798,798.0,dijkstra,44.6876,0.575,37345.1718,190590.5171,73
799,799.0,dijkstra,44.7773,0.5391,37138.7609,220107.5542,74
800,800.0,dijkstra,44.1673,0.6109,38189.5467,188426.4815,75
801,801.0,dijkstra,43.5982,0.575,39461.1432,174840.6641,76
802,802.0,dijkstra,42.751,0.6828,43827.3059,189427.6545,74
803,803.0,dijkstra,42.5951,0.6828,116639.0556,178565.2418,73
804,804.0,dijkstra,42.1012,0.7547,6557756.0563,170472.4464,73
805,805.0,dijkstra,42.1627,0.7547,6558192.1546,171926.8971,73
806,806.0,dijkstra,41.6741,0.8625,6559644.4216,137801.045,72
807,807.0,dijkstra,40.7919,0.8625,6560740.4824,156352.4947,72
808,808.0,dijkstra,40.1272,0.9703,6563824.0575,176665.641,74
809,809.0,dijkstra,39.2445,1.0781,6566764.0131,147428.7878,75
810,810.0,dijkstra,42.4227,0.5031,45889.3647,130569.26,60
811,811.0,dijkstra,42.6181,0.2156,46622.2803,174402.1507,61
812,812.0,dijkstra,39.5586,0.2156,46832.9367,196604.0086,67
813,813.0,dijkstra,40.8867,0.1438,41939.526,203079.6341,61
814,814.0,dijkstra,41.3378,0.1438,40264.7406,271552.9199,68
815,815.0,dijkstra,42.36,0.2516,38740.9909,281915.1863,68
816,816.0,dijkstra,42.481,0.2516,39167.5063,292933.6662,71
817,817.0,dijkstra,42.7092,0.2516,39176.3003,315520.1337,72
818,818.0,dijkstra,43.3321,0.3234,39319.3831,313598.3683,73
819,819.0,dijkstra,44.4446,0.3594,38336.7283,273447.1499,73
820,820.0,dijkstra,44.1995,0.3234,38532.0982,234573.4173,77
821,821.0,dijkstra,44.9771,0.2516,37869.6633,269884.1573,76
822,822.0,dijkstra,45.327,0.3234,42997.7792,289874.1494,78
823,823.0,dijkstra,45.5915,0.2875,43814.6112,296778.1073,80
824,824.0,dijkstra,44.7857,0.3594,48859.6269,289015.5748,80
825,825.0,dijkstra,45.3376,0.3234,45176.6238,278600.7696,79
826,826.0,dijkstra,45.0335,0.3953,43874.4256,236188.161,78
827,827.0,dijkstra,45.7719,0.3594,40807.8948,252088.4809,77
828,828.0,dijkstra,45.8227,0.3953,39354.5202,238925.9504,78
829,829.0,dijkstra,46.09,0.3594,39037.0714,205297.105,77
830,830.0,dijkstra,45.7496,0.3953,38583.8464,243908.1473,79
831,831.0,dijkstra,45.6009,0.3594,38834.9667,209964.9056,80
832,832.0,dijkstra,45.1686,0.3953,39568.6539,188711.9605,81
833,833.0,dijkstra,45.5272,0.3953,39126.0413,227236.7142,81
834,834.0,dijkstra,45.726,0.4312,38952.8141,196416.1061,80
835,835.0,dijkstra,45.7214,0.4312,39029.4512,188716.5846,80
836,836.0,dijkstra,45.5268,0.5031,41032.2032,200734.7035,79
837,837.0,dijkstra,46.1812,0.4312,39438.2972,218232.6033,79
838,838.0,dijkstra,45.7364,0.4672,38899.1035,248906.2148,81
839,839.0,dijkstra,44.9912,0.4312,39162.7318,202997.7853,82
840,840.0,dijkstra,44.7816,0.4672,39069.2366,218149.4192,83
841,841.0,dijkstra,44.3583,0.4312,39684.458,202306.5229,83
842,842.0,dijkstra,44.1067,0.4672,40508.1838,211884.5064,83
843,843.0,dijkstra,43.9543,0.5031,40660.2208,214537.4158,82
844,844.0,dijkstra,43.7388,0.6109,41437.9847,207118.8342,82
845,845.0,dijkstra,43.5744,0.6109,41049.6329,227846.438,83
846,846.0,dijkstra,42.5918,0.6828,41955.055,176786.9848,82
847,847.0,dijkstra,42.4281,0.6828,41585.8667,237669.3336,82
848,848.0,dijkstra,42.1212,0.7547,42542.3249,209340.8301,81
849,849.0,dijkstra,42.0112,0.7547,43840.7427,213780.832,80
850,850.0,dijkstra,40.568,0.7906,44923.0395,208927.5854,83
851,851.0,dijkstra,40.9533,0.8266,44760.8088,255806.2777,81
852,852.0,dijkstra,39.7333,0.9703,47797.2628,221379.454,84
853,853.0,dijkstra,39.9097,0.9344,49195.2349,213515.6149,81
854,854.0,dijkstra,39.863,1.0422,48709.9556,231625.7462,80
855,855.0,dijkstra,40.1029,0.8625,45878.7039,220768.989,74
856,856.0,dijkstra,40.5053,0.7188,44840.6024,215462.8939,75
857,857.0,dijkstra,40.6694,0.575,44276.928,210514.7201,77
858,858.0,dijkstra,40.3667,0.6109,43962.1644,208446.5335,77
859,859.0,dijkstra,41.0827,0.575,42365.9811,236424.0844,77
860,860.0,dijkstra,43.5442,0.3953,37465.1392,224368.134,69
861,861.0,dijkstra,44.7736,0.2156,36038.2064,248524.7202,68
862,862.0,dijkstra,44.5958,0.2156,36365.4783,258073.4482,71
863,863.0,dijkstra,45.1173,0.1797,35338.6738,222513.9862,72
864,864.0,dijkstra,44.6544,0.2156,36139.777,228814.3908,74
865,865.0,dijkstra,45.3636,0.1797,35507.371,306348.4491,75
866,866.0,dijkstra,45.6486,0.2156,34941.3222,269653.6999,77
867,867.0,dijkstra,46.147,0.1797,34126.7026,308438.6951,78
868,868.0,dijkstra,46.4574,0.2516,34286.4678,305569.3541,79
869,869.0,dijkstra,46.9392,0.2156,33487.1045,298311.5575,77
870,870.0,dijkstra,46.1653,0.2516,33916.5037,209151.2726,81
871,871.0,dijkstra,46.2337,0.2516,33695.8843,302789.6166,82
872,872.0,dijkstra,45.4075,0.3234,34555.984,210302.608,83
873,873.0,dijkstra,45.8974,0.2875,34012.8212,262178.5711,82
874,874.0,dijkstra,45.7455,0.3594,34083.179,269265.5664,86
875,875.0,dijkstra,45.6509,0.3234,34346.4434,206815.1032,84
876,876.0,dijkstra,45.4019,0.3594,34873.4793,250039.3478,84
877,877.0,dijkstra,45.0426,0.3234,35905.1301,254087.9545,85
878,878.0,dijkstra,45.1224,0.4312,35774.6425,233407.012,85
879,879.0,dijkstra,45.292,0.3953,35022.8083,245448.7276,83
880,880.0,dijkstra,44.6556,0.4312,35863.4961,266236.2259,83
881,881.0,dijkstra,44.396,0.3953,35937.2452,223078.5949,82
882,882.0,dijkstra,44.5256,0.4672,35554.4426,261230.635,80
883,883.0,dijkstra,44.624,0.4312,35370.4278,206195.0905,79
884,884.0,dijkstra,44.4867,0.4672,35558.2042,224973.9177,81
885,885.0,dijkstra,44.5374,0.4672,35446.2542,210719.7561,82
886,886.0,dijkstra,44.4132,0.5031,35627.3125,214670.2911,80
887,887.0,dijkstra,44.7388,0.5031,35230.1487,243470.3893,79
888,888.0,dijkstra,44.273,0.5391,36453.8606,217183.6036,77
889,889.0,dijkstra,43.9468,0.5031,37389.7153,198594.9068,78
890,890.0,dijkstra,43.8882,0.5391,39490.2703,210963.8582,79
891,891.0,dijkstra,43.4578,0.5391,52927.3038,211989.5835,81
892,892.0,dijkstra,42.2123,0.575,169097.8134,226065.4652,82
893,893.0,dijkstra,42.0423,0.575,1482237.7704,212546.3069,79
894,894.0,dijkstra,41.7012,0.6109,6557631.9775,188984.1492,80
895,895.0,dijkstra,41.4292,0.7188,6559030.0832,192877.6624,81
896,896.0,dijkstra,41.1047,0.7906,6560451.9261,188910.314,81
897,897.0,dijkstra,40.5893,0.7906,6561968.7551,182969.2791,82
898,898.0,dijkstra,39.2485,0.9344,6562817.4047,188309.3138,84
899,899.0,dijkstra,38.7562,0.9703,6564119.8447,206026.4492,85
900,900.0,dijkstra,41.5461,0.4312,38656.2285,179887.4265,66
901,901.0,dijkstra,41.7367,0.1078,38402.8824,192622.5864,67
902,902.0,dijkstra,41.8187,0.1078,38205.3091,221065.5006,69
903,903.0,dijkstra,42.1256,0.1078,38200.4915,209730.1587,67
904,904.0,dijkstra,41.6239,0.1078,38297.2645,245548.2353,71
905,905.0,dijkstra,41.123,0.2156,39947.0822,262105.2306,76
906,906.0,dijkstra,41.7135,0.3594,39660.8819,322003.3971,81
907,907.0,dijkstra,42.7562,0.4312,39346.8419,330361.4498,82
908,908.0,dijkstra,42.9813,0.4672,39589.3548,332935.6516,84
909,909.0,dijkstra,43.8823,0.3594,38631.8572,263357.1624,82
910,910.0,dijkstra,44.1784,0.3594,37811.2771,273164.5694,83
911,911.0,dijkstra,43.8543,0.3234,37831.2364,277529.2181,86
912,912.0,dijkstra,44.3931,0.3953,37675.8906,288218.0909,86
913,913.0,dijkstra,44.606,0.3594,37329.312,303511.4165,86
914,914.0,dijkstra,44.0957,0.4312,37958.4658,240442.7953,89
915,915.0,dijkstra,44.6901,0.3953,37220.5048,286556.4317,87
916,916.0,dijkstra,44.6136,0.4312,37252.3689,231024.6929,86
917,917.0,dijkstra,44.6764,0.3953,37126.1217,233033.8678,84
918,918.0,dijkstra,44.5981,0.4312,38265.0013,255191.6844,84
919,919.0,dijkstra,44.6136,0.3953,38276.6584,242967.7165,85
920,920.0,dijkstra,44.4259,0.3953,38540.8942,215966.0189,85
921,921.0,dijkstra,44.4793,0.5031,39195.2016,259968.2191,85
922,922.0,dijkstra,44.5378,0.5031,38901.2459,262374.6446,86
923,923.0,dijkstra,44.3564,0.5031,39066.7575,202938.5411,84
924,924.0,dijkstra,44.2465,0.5391,40299.5247,260775.3993,85
925,925.0,dijkstra,44.0552,0.5031,41168.6892,203994.0109,86
926,926.0,dijkstra,44.0127,0.6109,39926.0245,215684.0388,86
927,927.0,dijkstra,43.8521,0.6109,40193.4244,201978.7324,86
928,928.0,dijkstra,43.2765,0.6469,41140.685,207132.5644,86
929,929.0,dijkstra,42.9112,0.6109,41669.7905,211219.1015,87
930,930.0,dijkstra,42.1285,0.6828,43527.822,194303.8156,87
931,931.0,dijkstra,41.4834,0.6828,44236.9305,200583.9468,88
932,932.0,dijkstra,41.219,0.7547,44947.283,204234.2939,87
933,933.0,dijkstra,41.5373,0.7188,45380.1331,244267.3138,85
934,934.0,dijkstra,41.3682,0.7547,46191.6768,208032.444,88
935,935.0,dijkstra,41.792,0.7188,45402.9435,261334.0005,87
936,936.0,dijkstra,41.0231,0.7906,46419.3479,206618.3799,87
937,937.0,dijkstra,41.5302,0.8266,45641.1405,243963.3528,83
938,938.0,dijkstra,41.9267,0.8625,46381.9861,249082.2871,84
939,939.0,dijkstra,41.9619,0.8266,45739.5535,187338.339,83
940,940.0,dijkstra,41.4524,0.8266,45704.7779,203236.523,84
941,941.0,dijkstra,40.8596,0.8625,46844.853,214601.3494,84
942,942.0,dijkstra,41.0331,0.8625,46405.0961,204195.5296,80
943,943.0,dijkstra,41.0896,0.8625,46223.9827,219171.084,80
944,944.0,dijkstra,40.8126,0.9344,45951.0449,218796.3151,82
945,945.0,dijkstra,41.4552,0.7547,44339.2826,212048.3052,79
946,946.0,dijkstra,40.9611,0.7547,43468.8777,231889.6803,79
947,947.0,dijkstra,40.9922,0.6828,43005.2713,233697.7895,77
948,948.0,dijkstra,40.5463,0.6828,42550.0433,219759.1183,75
949,949.0,dijkstra,40.5989,0.6828,42659.4732,192678.3019,77
950,950.0,dijkstra,41.9742,0.5391,40130.8049,173400.2697,71
951,951.0,dijkstra,42.3975,0.3594,39712.1689,195335.7723,68
952,952.0,dijkstra,42.2385,0.3953,39379.7301,205887.6552,69
953,953.0,dijkstra,42.5769,0.3234,38579.4754,235754.0249,72
954,954.0,dijkstra,43.74,0.3594,37002.9069,223992.1169,70
955,955.0,dijkstra,44.0396,0.3953,36664.612,300574.4332,75
956,956.0,dijkstra,44.3762,0.3953,36873.4987,251325.6203,73
957,957.0,dijkstra,44.7149,0.3594,36667.2268,293092.5743,76
958,958.0,dijkstra,46.0715,0.3953,35226.98,235920.1083,74
959,959.0,dijkstra,46.4131,0.3594,34806.0596,271650.8015,76
960,960.0,dijkstra,45.9231,0.3953,35142.0698,221947.8415,78
961,961.0,dijkstra,45.8357,0.3594,35204.0093,246984.0529,78
962,962.0,dijkstra,45.0334,0.3953,35834.0263,235191.0608,78
963,963.0,dijkstra,45.1655,0.3953,35504.4452,232265.2746,78
964,964.0,dijkstra,43.7154,0.4312,37065.3214,208595.2126,80
965,965.0,dijkstra,43.6756,0.4312,37123.9584,234591.2916,80
966,966.0,dijkstra,43.6216,0.5391,37533.1402,225621.3854,80
967,967.0,dijkstra,43.5996,0.5391,38406.8597,209314.4814,81
968,968.0,dijkstra,43.363,0.6109,39834.0227,199005.4563,80
969,969.0,dijkstra,43.1767,0.575,44528.774,190335.7902,79
970,970.0,dijkstra,42.7163,0.6828,53620.8573,192656.8724,80
971,971.0,dijkstra,42.9766,0.6469,111460.14,196331.7823,78
972,972.0,dijkstra,42.2277,0.7547,6560367.2475,213769.0038,80
973,973.0,dijkstra,42.6789,0.6828,52151.6673,220257.4148,81
974,974.0,dijkstra,42.8631,0.7188,45921.842,236260.2737,83
975,975.0,dijkstra,42.9999,0.6828,47842.8768,230484.1244,83
976,976.0,dijkstra,42.3908,0.7547,261416.1036,187987.5067,82
977,977.0,dijkstra,42.6346,0.7188,720414.0517,243663.5368,81
978,978.0,dijkstra,42.6732,0.7188,1638923.3626,198567.488,80
979,979.0,dijkstra,42.6307,0.7188,2587522.376,186046.8696,80
980,980.0,dijkstra,41.228,0.7547,6561827.1085,200586.2979,81
981,981.0,dijkstra,41.3988,0.7547,6561302.2355,220451.853,81
982,982.0,dijkstra,41.0285,0.7906,6561918.0084,209033.8322,82
983,983.0,dijkstra,41.3977,0.7906,6562013.0314,203378.6454,81
984,984.0,dijkstra,40.848,0.8625,6563454.9308,218426.6885,81
985,985.0,dijkstra,41.1095,0.8266,6562767.8822,224031.9829,81
986,986.0,dijkstra,40.6017,0.8625,6563490.1581,168079.6358,80
987,987.0,dijkstra,40.4688,0.8266,6564825.9202,190478.1683,78
988,988.0,dijkstra,40.1236,0.8984,6567085.3888,198256.1399,81
989,989.0,dijkstra,39.9447,0.9344,6568734.8115,194061.0137,81
990,990.0,dijkstra,43.7746,0.4672,39543.8928,144738.7365,65
991,991.0,dijkstra,43.2785,0.1797,40875.5674,168293.1546,65
992,992.0,dijkstra,42.4469,0.1078,41335.929,200131.2098,71
993,993.0,dijkstra,43.2859,0.0719,38365.097,236917.6934,68
994,994.0,dijkstra,42.377,0.1438,38077.5421,238562.4438,73
995,995.0,dijkstra,42.5479,0.1078,37944.8599,308435.4814,78
996,996.0,dijkstra,43.7402,0.2156,36396.817,317584.1088,76
997,997.0,dijkstra,44.8061,0.2516,35351.1325,345043.5431,77
998,998.0,dijkstra,45.054,0.2875,34877.4913,332621.0278,81
999,999.0,dijkstra,45.3147,0.2875,34819.8581,288211.8743,83
1000,1000.0,dijkstra,45.2723,0.3234,35061.3549,293643.0443,84
1001,1001.0,dijkstra,45.4625,0.2875,35051.6862,267258.8812,84
1002,1002.0,dijkstra,45.1223,0.3234,35996.8645,225589.2819,84
1003,1003.0,dijkstra,45.5311,0.3234,35955.6832,258166.426,84
1004,1004.0,dijkstra,45.1359,0.3594,36898.9767,249001.8716,87
1005,1005.0,dijkstra,45.4637,0.3953,36671.7395,256837.1361,84
1006,1006.0,dijkstra,45.294,0.4672,37966.1921,237220.2385,81
1007,1007.0,dijkstra,45.2605,0.4312,39683.9407,222881.326,82
1008,1008.0,dijkstra,45.0149,0.4672,51250.8306,226785.0978,81
1009,1009.0,dijkstra,44.9197,0.4312,65254.2237,182750.0747,80
1010,1010.0,dijkstra,44.1477,0.4672,51404.4321,211934.0619,81
1011,1011.0,dijkstra,44.324,0.5391,47517.6001,241092.2973,81
1012,1012.0,dijkstra,44.1034,0.6109,44805.1611,208532.1863,81
1013,1013.0,dijkstra,43.8961,0.575,43566.1435,217391.5213,80
1014,1014.0,dijkstra,42.8084,0.6109,44163.9265,205932.3875,81
1015,1015.0,dijkstra,42.6216,0.575,43930.6783,186135.0787,80
1016,1016.0,dijkstra,41.6594,0.6469,45458.0626,214921.3828,84
1017,1017.0,dijkstra,41.7588,0.6469,45480.3091,209288.0062,84
1018,1018.0,dijkstra,41.6773,0.7547,45763.133,211461.1909,84
1019,1019.0,dijkstra,41.8195,0.7188,45578.4646,242108.7733,85
1020,1020.0,dijkstra,41.6815,0.7906,46527.2553,242450.5813,85
1021,1021.0,dijkstra,41.8704,0.7547,47063.1249,206220.4445,84
1022,1022.0,dijkstra,41.453,0.7906,48829.7073,205784.4316,85
1023,1023.0,dijkstra,41.8798,0.7547,51503.0313,214495.0936,85
1024,1024.0,dijkstra,41.1899,0.8266,55574.5896,205521.7492,85
1025,1025.0,dijkstra,41.2257,0.8266,55640.2854,199035.1653,83
1026,1026.0,dijkstra,40.616,0.8984,58154.2788,199544.1979,86
1027,1027.0,dijkstra,40.6011,0.8625,57053.103,208737.411,84
1028,1028.0,dijkstra,40.445,0.8984,62694.9986,199281.9133,84
1029,1029.0,dijkstra,40.506,0.8984,66210.0123,220999.4822,86
1030,1030.0,dijkstra,40.3376,0.9703,73937.3032,224816.8845,86
1031,1031.0,dijkstra,40.7461,0.9703,72714.6204,258870.1625,87
1032,1032.0,dijkstra,41.3082,1.0062,66916.0686,211750.3814,84
1033,1033.0,dijkstra,41.4596,0.9703,58314.5745,260160.576,87
1034,1034.0,dijkstra,41.458,1.0062,56474.2425,203026.4029,85
1035,1035.0,dijkstra,42.0103,0.7906,48109.8421,230010.3791,79
1036,1036.0,dijkstra,41.1416,0.6828,46908.2022,209630.2827,81
1037,1037.0,dijkstra,41.7697,0.6109,44329.4253,200328.439,76
1038,1038.0,dijkstra,40.52,0.6469,44661.3386,199309.5252,79
1039,1039.0,dijkstra,40.4432,0.575,43875.2697,228748.0837,80
1040,1040.0,dijkstra,42.377,0.3234,38980.3883,237115.541,75
1041,1041.0,dijkstra,42.6678,0.2156,38159.3791,276058.3273,75
1042,1042.0,dijkstra,42.7105,0.2516,37838.745,280990.2063,79
1043,1043.0,dijkstra,42.6169,0.2875,37362.7338,270250.8311,81
1044,1044.0,dijkstra,43.5312,0.3234,36106.3493,310911.2937,80
1045,1045.0,dijkstra,43.6025,0.2875,36016.8427,276780.3158,83
1046,1046.0,dijkstra,43.7799,0.3234,35982.8538,299298.2378,83
1047,1047.0,dijkstra,44.0842,0.2875,35699.3683,249413.9825,82
1048,1048.0,dijkstra,43.0276,0.3594,36463.6906,267559.6672,86
1049,1049.0,dijkstra,43.0149,0.3594,36660.6471,239189.4774,88
1050,1050.0,dijkstra,43.5862,0.4312,36172.822,270164.4915,88
1051,1051.0,dijkstra,44.1261,0.4312,35504.5471,283402.858,86
1052,1052.0,dijkstra,42.9248,0.4672,37250.1028,240220.3575,90
1053,1053.0,dijkstra,43.7154,0.4312,36297.8357,267239.6485,87
1054,1054.0,dijkstra,43.1822,0.5031,36343.8096,279057.1602,90
1055,1055.0,dijkstra,43.4418,0.4672,36021.3946,252668.5981,90
1056,1056.0,dijkstra,44.2258,0.5031,35387.664,261936.5845,89
1057,1057.0,dijkstra,44.2058,0.4672,35547.8871,229641.4686,88
1058,1058.0,dijkstra,44.702,0.5031,35258.7397,249284.0561,86
1059,1059.0,dijkstra,44.2028,0.4672,35822.5886,213166.7035,87
1060,1060.0,dijkstra,43.5769,0.5391,36165.6052,237538.6962,86
1061,1061.0,dijkstra,43.6803,0.5031,36369.7395,222627.5465,86
1062,1062.0,dijkstra,43.2325,0.5391,36927.5031,239036.4295,86
1063,1063.0,dijkstra,43.6202,0.5031,36963.1349,220326.1572,84
1064,1064.0,dijkstra,43.2286,0.575,37868.7426,228314.5933,85
1065,1065.0,dijkstra,42.8578,0.5391,38229.4682,224371.0559,85
1066,1066.0,dijkstra,42.4928,0.6469,38197.4524,220061.3409,87
1067,1067.0,dijkstra,42.5558,0.6109,38090.4895,217734.9586,86
1068,1068.0,dijkstra,42.0299,0.6828,39238.5462,250565.3367,86
1069,1069.0,dijkstra,42.0146,0.7188,39748.6443,195743.1042,84
1070,1070.0,dijkstra,41.2393,0.7547,43287.8264,206967.9824,85
1071,1071.0,dijkstra,41.2967,0.7188,118796.7687,188041.2603,83
1072,1072.0,dijkstra,40.0759,0.7906,540787.5161,211351.8467,86
1073,1073.0,dijkstra,39.7901,0.7547,3892430.5888,188216.9171,86
1074,1074.0,dijkstra,39.0775,0.8984,6565308.4383,180908.0595,87
1075,1075.0,dijkstra,38.8033,0.9344,6567805.7307,153902.1042,85
1076,1076.0,dijkstra,37.3753,0.9703,6577831.7598,184549.3238,87
1077,1077.0,dijkstra,37.0002,0.9703,6594578.8751,193833.0523,88
1078,1078.0,dijkstra,36.5802,1.2219,7052404.8988,186903.2559,90
1079,1079.0,dijkstra,36.4838,1.2938,13947780.7974,212184.5661,89
1080,1080.0,dijkstra,41.961,0.7188,43461.7079,202762.0304,69
1081,1081.0,dijkstra,41.878,0.4312,42396.4342,188604.0109,69
1082,1082.0,dijkstra,40.5505,0.2875,43576.5976,204829.5892,74
1083,1083.0,dijkstra,41.1628,0.1078,41699.9858,232237.1892,71
1084,1084.0,dijkstra,40.4119,0.1797,41494.1892,291334.1106,77
1085,1085.0,dijkstra,40.9933,0.1797,40970.6354,296547.62,78
1086,1086.0,dijkstra,42.3073,0.2516,38916.4696,330555.5976,77
1087,1087.0,dijkstra,43.2105,0.2156,37724.5565,276288.8608,75
1088,1088.0,dijkstra,43.3307,0.2156,37724.6723,338163.5327,80
1089,1089.0,dijkstra,43.7755,0.1797,37190.2493,299855.3513,82
1090,1090.0,dijkstra,43.8027,0.2156,36653.4186,298105.7208,80
1091,1091.0,dijkstra,44.1343,0.1797,36286.7188,279997.7557,82
1092,1092.0,dijkstra,44.4914,0.2156,37048.4132,302214.4653,82
1093,1093.0,dijkstra,45.3279,0.2156,36114.8333,234144.9448,82
1094,1094.0,dijkstra,45.2062,0.2516,36007.0447,274759.8193,85
1095,1095.0,dijkstra,45.3796,0.2156,35777.1776,260322.5849,87
1096,1096.0,dijkstra,45.6793,0.2156,35650.7691,255465.1379,83
1097,1097.0,dijkstra,45.5806,0.2516,35489.0333,225673.2029,83
1098,1098.0,dijkstra,45.6507,0.2875,35416.8855,206788.3356,83
1099,1099.0,dijkstra,45.9329,0.2516,35183.3023,246963.9837,82
1100,1100.0,dijkstra,45.7081,0.2875,35560.2772,211300.4602,83
1101,1101.0,dijkstra,45.5377,0.2516,36037.0159,228935.0107,84
1102,1102.0,dijkstra,45.3851,0.2516,36876.5088,256759.0233,85
1103,1103.0,dijkstra,45.4833,0.3234,37827.7033,262976.4143,85
1104,1104.0,dijkstra,44.6995,0.3234,39835.557,226628.4358,86
1105,1105.0,dijkstra,44.47,0.3234,41586.1262,241850.1222,86
1106,1106.0,dijkstra,43.2742,0.3953,42885.5043,185866.788,87
1107,1107.0,dijkstra,43.2028,0.3594,43236.0887,216853.7999,86
1108,1108.0,dijkstra,43.1349,0.3953,43681.2672,213341.9402,86
1109,1109.0,dijkstra,42.6786,0.4672,44810.9013,227647.467,86
1110,1110.0,dijkstra,42.207,0.4672,46780.1755,192501.1284,85
1111,1111.0,dijkstra,42.5661,0.4672,49730.2007,204824.7029,81
1112,1112.0,dijkstra,42.2535,0.5391,65908.4692,192220.7991,80
1113,1113.0,dijkstra,42.5087,0.5031,225687.7831,212135.3837,80
1114,1114.0,dijkstra,42.262,0.575,894023.3766,207830.579,79
1115,1115.0,dijkstra,42.352,0.5391,69664.1212,205064.471,81
1116,1116.0,dijkstra,42.3674,0.575,57489.2862,236935.9143,82
1117,1117.0,dijkstra,42.7682,0.575,51608.1844,210864.8522,79
1118,1118.0,dijkstra,42.2834,0.5391,49226.0466,218048.0657,81
1119,1119.0,dijkstra,41.8981,0.575,48227.8493,245063.5595,83
1120,1120.0,dijkstra,42.1358,0.6109,45887.4834,199595.9387,82
1121,1121.0,dijkstra,42.3125,0.575,45040.7038,231795.1087,80
1122,1122.0,dijkstra,41.9174,0.6469,45029.8302,245689.0922,82
1123,1123.0,dijkstra,41.7649,0.6828,45334.7369,220058.7938,83
1124,1124.0,dijkstra,41.5433,0.6828,46068.0205,221938.3195,83
1125,1125.0,dijkstra,43.3228,0.4672,39259.8077,186038.9168,76
1126,1126.0,dijkstra,42.6973,0.5031,39270.9377,222700.6007,75
1127,1127.0,dijkstra,41.9217,0.4312,40661.0788,192116.7174,77
1128,1128.0,dijkstra,41.6623,0.5031,40985.0306,227908.0421,76
1129,1129.0,dijkstra,41.7482,0.5391,41132.6619,211662.0619,79
1130,1130.0,dijkstra,43.8131,0.2875,37069.9111,203734.6973,72
1131,1131.0,dijkstra,45.0616,0.2156,36241.2192,215221.9707,68
1132,1132.0,dijkstra,44.0773,0.1797,38151.8977,259254.454,73
1133,1133.0,dijkstra,43.3985,0.2156,37413.4572,269162.4944,75
1134,1134.0,dijkstra,43.4501,0.2516,37324.3234,278543.3576,77
1135,1135.0,dijkstra,44.0969,0.2156,36963.4361,289528.1591,79
1136,1136.0,dijkstra,45.4111,0.2516,34558.2965,308097.2325,79
1137,1137.0,dijkstra,45.5993,0.2156,34876.3441,304434.2901,80
1138,1138.0,dijkstra,46.4171,0.2516,33792.1043,280216.7206,82
1139,1139.0,dijkstra,46.4778,0.2516,33686.1142,214327.4797,82
1140,1140.0,dijkstra,46.3046,0.2875,33912.6708,255122.7155,83
1141,1141.0,dijkstra,46.5236,0.2875,33664.9876,227657.0507,81
1142,1142.0,dijkstra,46.5232,0.3234,33672.9549,250586.3837,81
1143,1143.0,dijkstra,45.9969,0.2875,34462.9618,236129.7669,83
1144,1144.0,dijkstra,45.6422,0.3234,34966.8991,199563.1241,82
1145,1145.0,dijkstra,45.9004,0.3234,34212.0895,215408.369,81
1146,1146.0,dijkstra,46.4069,0.3594,33849.0127,219360.8186,78
1147,1147.0,dijkstra,45.4187,0.3594,34694.7513,212261.4561,81
1148,1148.0,dijkstra,44.8225,0.3953,35499.8766,237285.5656,82
1149,1149.0,dijkstra,44.8228,0.3953,35378.2126,232120.04,83
1150,1150.0,dijkstra,44.5087,0.3953,35526.6788,265024.0303,85
1151,1151.0,dijkstra,44.0499,0.3953,35960.2361,206282.6655,83
1152,1152.0,dijkstra,43.7649,0.4672,36332.4381,226221.9745,84
1153,1153.0,dijkstra,43.7432,0.4312,36760.0821,215878.3957,83
1154,1154.0,dijkstra,43.9652,0.4672,36599.332,213280.6479,83
1155,1155.0,dijkstra,43.9795,0.575,36727.0682,225236.5298,85
1156,1156.0,dijkstra,44.1232,0.575,36987.5761,213383.4731,86
1157,1157.0,dijkstra,44.2918,0.575,36901.2876,259768.5151,86
1158,1158.0,dijkstra,44.2334,0.6109,36903.787,228508.5443,85
1159,1159.0,dijkstra,44.717,0.575,36562.4873,197429.779,83
1160,1160.0,dijkstra,44.3806,0.6109,37234.4969,202272.3244,84
1161,1161.0,dijkstra,44.6293,0.6109,36892.0511,228944.4824,83
1162,1162.0,dijkstra,44.2124,0.6469,38075.7666,225270.0576,85
1163,1163.0,dijkstra,43.885,0.6469,38259.4281,205551.149,82
1164,1164.0,dijkstra,43.2734,0.6469,38703.8037,196722.6353,80
1165,1165.0,dijkstra,42.6676,0.6828,38992.3796,153217.0987,77
1166,1166.0,dijkstra,41.9575,0.7547,41404.3745,201178.2676,81
1167,1167.0,dijkstra,41.7882,0.7547,42513.798,202080.3209,81
1168,1168.0,dijkstra,41.3803,0.8266,43313.0536,178831.6417,84
1169,1169.0,dijkstra,41.453,0.8984,43185.6961,224255.9345,84
1170,1170.0,dijkstra,44.5033,0.5391,37195.9303,236116.1857,72
1171,1171.0,dijkstra,44.8927,0.2516,36534.6288,225964.4846,72
1172,1172.0,dijkstra,43.9137,0.1078,37242.4839,211572.4929,73
1173,1173.0,dijkstra,44.3397,0.0719,36005.6776,217481.2557,69
1174,1174.0,dijkstra,43.0659,0.1078,36957.9968,227159.1438,73
1175,1175.0,dijkstra,43.3978,0.0719,36875.8481,267210.101,76
1176,1176.0,dijkstra,44.0334,0.1078,36161.7197,283126.433,75
1177,1177.0,dijkstra,44.982,0.1078,35286.55,261012.6504,75
1178,1178.0,dijkstra,45.0322,0.1078,35236.9797,266551.9401,78
1179,1179.0,dijkstra,44.735,0.1438,35724.4441,225707.8279,78
1180,1180.0,dijkstra,44.8809,0.1797,35838.8813,243586.2971,79
1181,1181.0,dijkstra,44.5025,0.1438,36649.1313,246400.7029,83
1182,1182.0,dijkstra,44.5316,0.1797,37585.3733,277710.9756,83
1183,1183.0,dijkstra,44.9638,0.1438,39671.0883,247623.4267,80
1184,1184.0,dijkstra,44.6816,0.2516,46065.5868,195534.0223,79
1185,1185.0,dijkstra,45.0451,0.2516,43973.5812,248801.6182,81
1186,1186.0,dijkstra,44.7973,0.3234,40635.9094,235351.7268,80
1187,1187.0,dijkstra,45.0704,0.2875,38587.9725,242571.3996,81
1188,1188.0,dijkstra,45.1625,0.3234,37671.6546,234253.5975,81
1189,1189.0,dijkstra,44.9625,0.2875,37318.9895,190954.3379,81
1190,1190.0,dijkstra,45.0006,0.3234,37406.7078,260528.9023,81
1191,1191.0,dijkstra,45.3177,0.2875,37472.1724,211125.5654,80
1192,1192.0,dijkstra,45.005,0.3594,38003.9722,192246.8492,81
1193,1193.0,dijkstra,45.1024,0.3594,38184.9179,222558.4413,81
1194,1194.0,dijkstra,45.1397,0.3953,38563.9242,204441.7343,80
1195,1195.0,dijkstra,44.8388,0.3594,39490.3347,191234.924,80
1196,1196.0,dijkstra,44.2644,0.3953,41684.4742,174886.5321,82
1197,1197.0,dijkstra,43.8924,0.3953,42011.8643,200098.1725,80
1198,1198.0,dijkstra,43.0026,0.5391,42688.2374,204255.0863,81
1199,1199.0,dijkstra,42.6331,0.5031,44271.9606,190803.1362,80
1200,1200.0,dijkstra,42.3672,0.6109,46346.8832,183379.5805,81
1201,1201.0,dijkstra,42.3013,0.6109,46515.1832,207920.8938,81
1202,1202.0,dijkstra,41.5044,0.6469,47340.8333,190812.0139,83
1203,1203.0,dijkstra,42.0331,0.6469,45670.6222,199139.8981,76
1204,1204.0,dijkstra,41.4457,0.7188,45730.8191,203715.5381,80
1205,1205.0,dijkstra,41.4943,0.7188,45716.0838,213476.3385,80
1206,1206.0,dijkstra,41.5105,0.7547,45772.9443,251202.5677,80
1207,1207.0,dijkstra,41.8321,0.7188,46328.4063,210211.2495,79
1208,1208.0,dijkstra,40.3358,0.7906,50073.0626,231123.0548,83
1209,1209.0,dijkstra,40.6598,0.7547,49334.3517,246287.7005,83
1210,1210.0,dijkstra,40.7063,0.8625,48312.2811,214314.2189,81
1211,1211.0,dijkstra,41.2053,0.8266,47178.4944,252205.535,81
1212,1212.0,dijkstra,40.8261,0.8625,46671.2813,209586.5385,80
1213,1213.0,dijkstra,40.5664,0.8266,46783.1107,220486.3336,82
1214,1214.0,dijkstra,40.7307,0.8266,46105.6626,231419.0757,81
1215,1215.0,dijkstra,40.3938,0.7906,46504.4493,226071.1745,80
1216,1216.0,dijkstra,39.9534,0.7188,48803.4772,216634.6287,80
1217,1217.0,dijkstra,40.2952,0.7188,49972.3695,253309.6565,80
1218,1218.0,dijkstra,40.8801,0.8625,57002.6928,203063.2982,79
1219,1219.0,dijkstra,40.927,0.8266,53613.9416,223339.3912,79
1220,1220.0,dijkstra,43.4101,0.5391,44709.538,205838.7411,72
1221,1221.0,dijkstra,43.6174,0.3594,42984.4331,235036.7256,74
1222,1222.0,dijkstra,42.8637,0.2875,42337.6928,247177.3874,76
1223,1223.0,dijkstra,43.1473,0.2156,40885.2915,227300.8807,74
1224,1224.0,dijkstra,42.8746,0.2516,40171.0817,271151.5942,76
1225,1225.0,dijkstra,43.5032,0.1797,38429.7969,311517.2992,81
1226,1226.0,dijkstra,44.6328,0.1797,35973.9547,302237.2801,78
1227,1227.0,dijkstra,45.4211,0.2156,35155.3244,339398.9826,81
1228,1228.0,dijkstra,45.6285,0.2156,34401.7981,255697.9311,81
1229,1229.0,dijkstra,46.1752,0.1797,33723.2441,292648.129,82
1230,1230.0,dijkstra,45.6745,0.2875,34173.5869,245522.9642,84
1231,1231.0,dijkstra,45.5286,0.2516,564501.5443,250149.4508,83
1232,1232.0,dijkstra,45.4609,0.2516,38576.8839,228426.3579,83
1233,1233.0,dijkstra,46.1565,0.2156,34857.4943,239587.4262,83
1234,1234.0,dijkstra,45.8539,0.2156,68856.075,220997.2679,84
1235,1235.0,dijkstra,45.435,0.2875,669692.9714,234832.1718,82
1236,1236.0,dijkstra,45.0849,0.2875,6550763.9053,221043.2379,81
1237,1237.0,dijkstra,44.944,0.2516,6550810.5819,229738.697,80
1238,1238.0,dijkstra,44.4703,0.2516,6551053.8803,203425.9339,81
1239,1239.0,dijkstra,44.0702,0.2875,6551426.0073,176566.4598,82
1240,1240.0,dijkstra,43.489,0.3594,6552319.2108,192251.3808,82
1241,1241.0,dijkstra,43.7163,0.3234,6552262.4981,233319.2812,79
1242,1242.0,dijkstra,43.8129,0.3594,6552792.4071,214050.4329,77
1243,1243.0,dijkstra,43.6835,0.4312,6553400.7935,185498.0966,77
1244,1244.0,dijkstra,43.8588,0.4672,6552576.7706,222285.7193,78
1245,1245.0,dijkstra,43.6287,0.4672,6552850.0022,205043.892,80
1246,1246.0,dijkstra,43.0113,0.5031,6553651.5262,255812.4858,81
1247,1247.0,dijkstra,43.0305,0.4672,6553730.5699,204282.1071,80
1248,1248.0,dijkstra,42.6465,0.5391,6554402.2966,207760.8695,81
1249,1249.0,dijkstra,43.3126,0.5031,6553952.9127,231841.3326,79
1250,1250.0,dijkstra,42.3962,0.575,6555851.1528,198153.7257,79
1251,1251.0,dijkstra,42.4339,0.5391,6555880.0636,207043.9779,78
1252,1252.0,dijkstra,41.9436,0.575,6556757.9736,176048.0515,79
1253,1253.0,dijkstra,42.0848,0.575,6557320.7102,201117.963,79
1254,1254.0,dijkstra,42.0861,0.6469,6558498.3451,180283.6134,78
1255,1255.0,dijkstra,42.0321,0.6109,51718.7325,197287.4808,78
1256,1256.0,dijkstra,41.852,0.6469,52374.8353,176874.5509,77
1257,1257.0,dijkstra,42.3201,0.6828,58990.6926,182125.3161,74
1258,1258.0,dijkstra,40.9743,0.7906,55966.8744,161743.0244,76
1259,1259.0,dijkstra,40.6622,0.7906,61266.7281,178072.4573,76
1260,1260.0,dijkstra,44.7675,0.3594,38567.0686,159715.8056,60
1261,1261.0,dijkstra,45.1641,0.1797,37094.2804,161092.3606,59
1262,1262.0,dijkstra,44.0492,0.1078,37537.7492,224373.4558,66
1263,1263.0,dijkstra,43.7502,0.1438,37274.7045,217442.2322,66
1264,1264.0,dijkstra,43.9933,0.2156,36864.7239,265731.8455,69
1265,1265.0,dijkstra,43.3068,0.1438,37450.5744,283181.6545,75
1266,1266.0,dijkstra,43.9943,0.1797,37395.1601,279627.5623,73
1267,1267.0,dijkstra,44.2466,0.1797,37308.9946,268574.8314,75
1268,1268.0,dijkstra,44.4475,0.3234,38491.7112,265302.0128,75
1269,1269.0,dijkstra,44.5792,0.3234,40105.0809,265634.4168,74
1270,1270.0,dijkstra,44.1631,0.3594,52322.3928,241697.5642,77
1271,1271.0,dijkstra,44.2492,0.2875,72920.2864,213838.435,76
1272,1272.0,dijkstra,43.8293,0.2875,288597.5522,192794.1692,76
1273,1273.0,dijkstra,43.273,0.2875,880492.3342,222544.5457,78
1274,1274.0,dijkstra,43.044,0.3234,16537572.3359,194229.5201,77
1275,1275.0,dijkstra,42.402,0.3234,16538788.0698,197153.2665,79
1276,1276.0,dijkstra,42.1213,0.4672,16540170.9562,210534.5787,80
1277,1277.0,dijkstra,42.5118,0.4672,16540224.8461,225383.5581,78
1278,1278.0,dijkstra,42.0577,0.5391,16541491.3083,211030.2677,80
1279,1279.0,dijkstra,42.5786,0.5031,16541139.3769,229054.8506,78
1280,1280.0,dijkstra,43.1148,0.5031,16540413.9428,210351.7478,77
1281,1281.0,dijkstra,43.2261,0.5391,16541768.0688,260771.4354,80
1282,1282.0,dijkstra,42.999,0.6109,16544384.8388,203205.025,81
1283,1283.0,dijkstra,43.3644,0.5391,67782.1,224276.8908,80
1284,1284.0,dijkstra,43.4372,0.6109,53974.0113,223601.4053,80
1285,1285.0,dijkstra,43.4101,0.575,50184.8062,210095.9875,80
1286,1286.0,dijkstra,42.5745,0.6109,49391.0088,245479.3739,83
1287,1287.0,dijkstra,42.4311,0.6828,48367.635,214144.307,83
1288,1288.0,dijkstra,42.5366,0.7188,49727.6886,269192.2339,84
1289,1289.0,dijkstra,42.5578,0.6828,56821.943,205701.3932,84
1290,1290.0,dijkstra,42.1983,0.7188,127690.0486,194771.9119,85
1291,1291.0,dijkstra,42.2861,0.6828,421901.8108,215851.4964,82
1292,1292.0,dijkstra,41.3755,0.7547,784361.4622,183073.6539,83
1293,1293.0,dijkstra,41.4293,0.7188,1350561.1668,201251.5947,82
1294,1294.0,dijkstra,40.1752,0.7547,11186522.1292,174652.3836,84
1295,1295.0,dijkstra,40.4615,0.7188,16546715.4118,208743.9853,82
1296,1296.0,dijkstra,39.5703,0.7547,16549383.9071,170261.2217,82
1297,1297.0,dijkstra,39.2877,0.7547,16553695.2197,167083.2381,80
1298,1298.0,dijkstra,39.3373,0.7906,16559901.3381,224031.1972,82
1299,1299.0,dijkstra,38.7963,0.8266,16562485.2599,196876.5098,84
1300,1300.0,dijkstra,39.8209,0.8984,76498.1821,204841.2745,81
1301,1301.0,dijkstra,40.5825,0.8625,65399.0859,249530.7224,80
1302,1302.0,dijkstra,40.3517,0.9344,60959.5586,227174.1512,81
1303,1303.0,dijkstra,40.0884,0.8984,56380.0057,260681.5218,82
1304,1304.0,dijkstra,39.453,1.0422,54321.5879,223036.4416,82
1305,1305.0,dijkstra,39.8599,0.8266,48063.3203,223027.6945,78
1306,1306.0,dijkstra,39.5132,0.7188,47451.0344,210771.6511,77
1307,1307.0,dijkstra,39.4263,0.7188,47324.4977,211629.026,78
1308,1308.0,dijkstra,39.9359,0.7547,46106.5357,221936.7047,74
1309,1309.0,dijkstra,39.9995,0.8984,45632.1722,204567.4562,76
1310,1310.0,dijkstra,40.9602,0.575,40565.3715,191283.051,70
1311,1311.0,dijkstra,41.9545,0.3594,38619.3536,194947.1667,68
1312,1312.0,dijkstra,41.0587,0.3594,38676.7311,249070.4046,73
1313,1313.0,dijkstra,42.1997,0.2875,37451.7699,208383.7984,69
1314,1314.0,dijkstra,41.8042,0.3594,38249.9461,213881.6843,72
1315,1315.0,dijkstra,41.2348,0.3234,38944.0391,273428.3069,78
1316,1316.0,dijkstra,41.5387,0.3953,38435.2753,244084.2462,80
1317,1317.0,dijkstra,42.6437,0.4312,37013.0766,301453.2911,79
1318,1318.0,dijkstra,42.6062,0.4312,36933.9421,270585.2932,81
1319,1319.0,dijkstra,42.7377,0.4672,37175.5457,258747.2325,82
1320,1320.0,dijkstra,42.7289,0.4672,37171.309,261447.6686,83
1321,1321.0,dijkstra,42.732,0.4672,37168.8558,303097.3071,84
1322,1322.0,dijkstra,42.6726,0.5031,38252.7354,234555.6517,84
1323,1323.0,dijkstra,42.2807,0.4672,37876.5766,235084.8986,85
1324,1324.0,dijkstra,41.9367,0.5031,38833.942,236336.9674,86
1325,1325.0,dijkstra,42.0288,0.4672,38714.9821,229388.5376,86
1326,1326.0,dijkstra,42.2098,0.5031,38604.2174,270372.7949,87
1327,1327.0,dijkstra,42.4321,0.5031,38941.7539,237648.4979,85
1328,1328.0,dijkstra,42.3284,0.5391,41576.8947,240300.148,86
1329,1329.0,dijkstra,42.684,0.5391,2677060.157,234362.7756,85
1330,1330.0,dijkstra,41.9951,0.575,6554476.0907,220270.2944,86
1331,1331.0,dijkstra,42.2189,0.575,6553899.5244,256285.0266,87
1332,1332.0,dijkstra,42.1958,0.6109,6553982.112,237092.82,88
1333,1333.0,dijkstra,42.4595,0.6109,6553479.0299,224565.489,86
1334,1334.0,dijkstra,42.3979,0.6469,6553500.2132,249825.2175,86
1335,1335.0,dijkstra,42.5826,0.6109,6553323.4192,227770.1769,84
1336,1336.0,dijkstra,42.5392,0.6469,6553756.0261,187333.6619,83
1337,1337.0,dijkstra,42.2144,0.6109,6554986.4944,176296.2978,80
1338,1338.0,dijkstra,41.942,0.6469,6555131.1484,197182.6177,79
1339,1339.0,dijkstra,41.2482,0.6469,6556400.5254,165733.9349,81
1340,1340.0,dijkstra,40.7519,0.7547,6557472.3529,189726.3614,80
1341,1341.0,dijkstra,41.0728,0.7547,6556424.5032,193048.579,78
1342,1342.0,dijkstra,40.1441,0.7906,6559131.9256,213230.2697,78
1343,1343.0,dijkstra,39.9818,0.8625,6559743.7507,227974.903,80
1344,1344.0,dijkstra,39.6757,0.8984,6560875.6003,210427.7226,83
1345,1345.0,dijkstra,39.8888,0.9344,6561628.6739,198278.1276,80
1346,1346.0,dijkstra,40.2096,1.0062,6562299.9927,216791.2548,81
1347,1347.0,dijkstra,40.3364,0.9703,55228.3859,198583.6019,82
1348,1348.0,dijkstra,39.9097,1.0062,53805.8721,170742.0982,83
1349,1349.0,dijkstra,39.6664,1.0781,53182.7048,206193.8713,84
1350,1350.0,dijkstra,43.3869,0.575,44363.0476,163263.2364,69
1351,1351.0,dijkstra,43.8014,0.2156,40739.8581,196956.4853,69
1352,1352.0,dijkstra,41.2862,0.2156,41240.5102,201709.6528,73
1353,1353.0,dijkstra,42.0595,0.1797,38851.9593,205924.5808,68
1354,1354.0,dijkstra,41.1586,0.3234,39219.016,280754.1857,76
1355,1355.0,dijkstra,42.4271,0.2875,38349.7801,294784.3402,76
1356,1356.0,dijkstra,43.7466,0.2516,37839.6876,269107.7323,75
1357,1357.0,dijkstra,44.0376,0.2875,37789.5721,307282.514,78
1358,1358.0,dijkstra,43.582,0.3234,38042.7668,288734.1906,81
1359,1359.0,dijkstra,44.1499,0.3234,37805.7339,296957.1712,81
1360,1360.0,dijkstra,42.9806,0.3953,40231.8281,233817.0921,85
1361,1361.0,dijkstra,43.1707,0.3234,39479.2098,233948.6869,83
1362,1362.0,dijkstra,42.6094,0.4312,41122.8304,251371.662,86
1363,1363.0,dijkstra,42.5755,0.3953,42575.8211,230502.7094,85
1364,1364.0,dijkstra,41.5597,0.4672,45186.2474,193738.0191,87
1365,1365.0,dijkstra,42.0028,0.575,45125.3186,243637.4669,87
1366,1366.0,dijkstra,41.5377,0.6469,44827.4512,230608.2503,87
1367,1367.0,dijkstra,41.9694,0.6109,44376.0497,253140.9423,87
1368,1368.0,dijkstra,42.153,0.6469,43781.1325,210043.5313,85
1369,1369.0,dijkstra,42.2069,0.6109,43174.5081,220086.7431,86
1370,1370.0,dijkstra,42.5594,0.6469,44216.9901,246090.0379,86
1371,1371.0,dijkstra,43.041,0.6109,43045.4068,227158.1717,85
1372,1372.0,dijkstra,42.8742,0.6469,43043.5661,214333.1241,86
1373,1373.0,dijkstra,43.1755,0.6109,42375.2873,247347.4855,87
1374,1374.0,dijkstra,42.7369,0.6469,43490.0547,230395.9772,89
1375,1375.0,dijkstra,43.0633,0.6469,43989.9248,235600.27,87
1376,1376.0,dijkstra,43.0557,0.7188,44086.0908,204732.5414,89
1377,1377.0,dijkstra,42.8461,0.6828,44511.1099,214364.5207,88
1378,1378.0,dijkstra,42.3317,0.7547,44991.6681,199697.4546,88
1379,1379.0,dijkstra,42.6282,0.7547,44935.3204,248967.4631,88
1380,1380.0,dijkstra,41.7238,0.8266,45170.8896,185896.2456,85
1381,1381.0,dijkstra,42.0036,0.7906,45367.4921,216494.9728,85
1382,1382.0,dijkstra,40.8869,0.8266,50763.9572,228387.2759,89
1383,1383.0,dijkstra,40.8347,0.7906,51523.6619,217143.9029,85
1384,1384.0,dijkstra,40.8369,0.8266,50812.9142,205473.694,86
1385,1385.0,dijkstra,41.1008,0.8266,52099.204,265951.9774,86
1386,1386.0,dijkstra,40.8664,0.8625,56110.2938,206802.6959,88
1387,1387.0,dijkstra,40.3868,0.8266,58142.9618,180172.8802,87
1388,1388.0,dijkstra,40.3098,0.8984,59415.5988,225073.3368,87
1389,1389.0,dijkstra,40.3444,0.8625,59137.2843,234415.4331,87
1390,1390.0,dijkstra,40.4231,0.9344,58571.1644,252342.9795,86
1391,1391.0,dijkstra,40.5764,0.8984,57686.501,235898.8026,85
1392,1392.0,dijkstra,40.5847,0.9703,59022.7491,217810.6675,82
1393,1393.0,dijkstra,40.5472,0.9344,57553.8952,214676.4343,83
1394,1394.0,dijkstra,39.9958,0.9703,58432.9106,199255.1856,86
1395,1395.0,dijkstra,40.8845,0.7547,53295.1082,231321.757,79
1396,1396.0,dijkstra,40.5247,0.7547,51244.8814,230310.3469,80
1397,1397.0,dijkstra,40.7828,0.6469,49052.4777,235181.5666,79
1398,1398.0,dijkstra,41.0554,0.7547,46946.8159,192824.3836,74
1399,1399.0,dijkstra,41.0618,0.7188,46920.3239,232517.645,78
1400,1400.0,dijkstra,42.9679,0.4312,41013.5813,255713.2311,72
1401,1401.0,dijkstra,43.5275,0.2156,39597.0772,239175.1903,72
1402,1402.0,dijkstra,43.3701,0.2156,38479.5552,329926.1169,79
1403,1403.0,dijkstra,44.8703,0.1438,36285.1249,277513.4939,74
1404,1404.0,dijkstra,44.5131,0.1797,36089.6891,238928.6356,79
1405,1405.0,dijkstra,45.2254,0.1797,34939.8717,286141.2875,79
1406,1406.0,dijkstra,44.9875,0.2156,34589.9055,296926.4566,79
1407,1407.0,dijkstra,45.6399,0.1797,33933.5857,351724.568,82
1408,1408.0,dijkstra,45.9128,0.2156,33578.8645,281422.2353,83
1409,1409.0,dijkstra,46.8134,0.1797,32664.1502,294053.1704,84
1410,1410.0,dijkstra,46.9238,0.2156,32560.6172,298113.2953,84
1411,1411.0,dijkstra,47.2809,0.1797,32266.55,261798.5914,85
1412,1412.0,dijkstra,47.384,0.2156,32253.7598,289305.6135,87
1413,1413.0,dijkstra,47.1095,0.2156,32521.2084,225673.278,87
1414,1414.0,dijkstra,47.1918,0.2516,32710.9958,253340.2885,85
1415,1415.0,dijkstra,47.1506,0.2156,33020.6653,243406.3218,83
1416,1416.0,dijkstra,47.1501,0.2516,33096.6909,236391.4372,83
1417,1417.0,dijkstra,47.334,0.2875,32939.9182,236427.2069,84
1418,1418.0,dijkstra,45.8751,0.3234,33620.1458,230668.2736,86
1419,1419.0,dijkstra,46.1815,0.2875,33228.642,242023.5106,85
1420,1420.0,dijkstra,45.7509,0.3234,33829.3697,222484.9481,86
1421,1421.0,dijkstra,45.4248,0.2875,34187.0485,236107.5031,86
1422,1422.0,dijkstra,44.701,0.3234,34373.1085,205286.6351,86
1423,1423.0,dijkstra,44.7579,0.2875,34221.0625,257602.3657,86
1424,1424.0,dijkstra,44.4577,0.3234,34915.6748,232184.169,88
1425,1425.0,dijkstra,44.7698,0.3234,34606.7166,261456.9368,88
1426,1426.0,dijkstra,44.3257,0.4312,35332.1577,222814.949,88
1427,1427.0,dijkstra,44.5615,0.3953,35129.3534,221955.7128,87
1428,1428.0,dijkstra,43.7805,0.4672,36545.5609,217683.4901,89
1429,1429.0,dijkstra,43.564,0.4312,36995.8126,241723.9787,87
1430,1430.0,dijkstra,43.2262,0.4672,37950.965,211086.8991,86
1431,1431.0,dijkstra,43.0112,0.5031,38957.9689,205386.5167,84
1432,1432.0,dijkstra,43.0498,0.5391,39897.1095,212668.4362,85
1433,1433.0,dijkstra,43.1735,0.575,40251.4007,225509.3986,85
1434,1434.0,dijkstra,42.5665,0.6469,41529.1225,201813.2902,85
1435,1435.0,dijkstra,42.0307,0.6469,42547.2572,172020.6699,81
1436,1436.0,dijkstra,40.8991,0.6828,44854.9857,160200.8631,80
1437,1437.0,dijkstra,40.0707,0.7188,48143.2739,180697.0479,81
1438,1438.0,dijkstra,38.7929,0.8266,53406.78,176519.0505,84
1439,1439.0,dijkstra,38.1587,0.9344,57619.461,169957.008,83
1440,1440.0,dijkstra,42.7796,0.575,43734.7341,153349.6227,65
1441,1441.0,dijkstra,42.9015,0.3953,40804.1719,181043.7646,64
1442,1442.0,dijkstra,42.0461,0.4312,41828.9858,207592.5939,71
1443,1443.0,dijkstra,41.6354,0.3594,41613.427,210595.8994,72
1444,1444.0,dijkstra,41.043,0.4672,41900.8604,250503.0089,75
1445,1445.0,dijkstra,41.472,0.5391,41383.1744,283996.2001,79
1446,1446.0,dijkstra,42.1504,0.575,41721.8685,302177.99,81
1447,1447.0,dijkstra,42.7068,0.4672,40496.0803,299152.5007,81
1448,1448.0,dijkstra,43.6335,0.5031,39405.2108,281325.2351,80
1449,1449.0,dijkstra,43.7351,0.5031,39144.5426,241130.7637,81
1450,1450.0,dijkstra,43.4875,0.5031,39576.2702,245127.3235,83
1451,1451.0,dijkstra,44.5042,0.4672,38371.7444,233452.3328,79
1452,1452.0,dijkstra,44.457,0.5031,38204.5457,242002.6237,80
1453,1453.0,dijkstra,44.3455,0.6109,38589.5468,207171.9592,82
1454,1454.0,dijkstra,44.3761,0.6109,38522.1421,253156.3001,83
1455,1455.0,dijkstra,44.7607,0.575,38392.0049,262083.4559,83
1456,1456.0,dijkstra,44.8731,0.6109,38879.6638,233378.2569,83
1457,1457.0,dijkstra,44.9079,0.6109,38914.1903,203275.5323,83
1458,1458.0,dijkstra,44.8043,0.6828,39257.9651,197878.2113,83
1459,1459.0,dijkstra,44.7069,0.6828,39233.7645,210215.7661,83
1460,1460.0,dijkstra,43.9302,0.7188,40863.7656,190434.3129,84
1461,1461.0,dijkstra,44.3966,0.6828,40857.6729,229087.9441,82
1462,1462.0,dijkstra,43.0265,0.7906,42043.3904,211194.629,84
1463,1463.0,dijkstra,43.1564,0.7547,41848.838,231540.7978,83
1464,1464.0,dijkstra,42.4966,0.8625,43189.9551,217223.2142,82
1465,1465.0,dijkstra,42.0808,0.8625,43684.0046,209768.476,83
1466,1466.0,dijkstra,41.797,0.8984,44448.5591,217247.7274,84
1467,1467.0,dijkstra,41.9147,0.8625,45185.1782,226293.2878,84
1468,1468.0,dijkstra,41.0335,0.8984,47543.6036,192959.0195,84
1469,1469.0,dijkstra,40.9284,0.9344,48155.5998,199095.307,85
1470,1470.0,dijkstra,40.2643,0.9703,48558.2507,176263.9697,85
1471,1471.0,dijkstra,40.7822,0.9703,48953.7178,194927.7868,84
1472,1472.0,dijkstra,40.4008,1.0062,49248.3114,221014.1823,86
1473,1473.0,dijkstra,40.8528,0.9703,49027.1883,181326.6873,84
1474,1474.0,dijkstra,40.4803,1.0062,49979.8657,245846.5967,86
1475,1475.0,dijkstra,40.9922,1.0062,48966.6531,210021.937,86
1476,1476.0,dijkstra,40.1937,1.0422,50846.0122,234566.6409,85
1477,1477.0,dijkstra,40.5106,1.0422,50684.8537,224001.5556,84
1478,1478.0,dijkstra,40.8214,1.0422,51102.1978,201187.4408,83
1479,1479.0,dijkstra,40.1841,1.1141,53875.0366,206539.4265,85
1480,1480.0,dijkstra,39.9799,1.15,56586.2588,187152.5454,85
1481,1481.0,dijkstra,40.3535,1.15,56011.9861,243095.2563,85
1482,1482.0,dijkstra,39.864,1.2219,57641.2233,187635.9683,83
1483,1483.0,dijkstra,38.2367,1.2578,59988.8905,189984.1182,85
1484,1484.0,dijkstra,38.1221,1.2938,62697.0529,204473.8782,85
1485,1485.0,dijkstra,37.8053,1.0422,87004.23,150158.1155,77
1486,1486.0,dijkstra,37.7166,0.9344,170339.8491,204053.153,80
1487,1487.0,dijkstra,37.942,0.8266,476032.2763,233230.3721,81
1488,1488.0,dijkstra,37.5068,0.8266,1016825.6306,182058.7836,77
1489,1489.0,dijkstra,37.8563,0.8266,6566902.8693,230077.2689,77
1490,1490.0,dijkstra,39.7455,0.6469,6559560.6492,232472.2217,73
1491,1491.0,dijkstra,40.7418,0.4312,48696.2307,262528.1511,72
1492,1492.0,dijkstra,40.7684,0.4312,44305.8309,296574.1175,77
1493,1493.0,dijkstra,41.96,0.3594,40847.6597,262245.1545,75
1494,1494.0,dijkstra,42.0226,0.3234,38685.1578,285231.4152,79
1495,1495.0,dijkstra,41.9346,0.3953,38468.8962,301260.7163,83
1496,1496.0,dijkstra,42.4196,0.3953,37181.9737,321253.2438,81
1497,1497.0,dijkstra,42.4256,0.3953,37204.6722,287301.391,82
1498,1498.0,dijkstra,42.9694,0.3953,36325.356,318671.8359,82
1499,1499.0,dijkstra,43.488,0.3953,35925.5591,241874.673,80
1500,1500.0,dijkstra,43.5404,0.4672,35698.6098,305189.4771,85
1501,1501.0,dijkstra,44.2982,0.4312,34996.3015,301523.5643,84
1502,1502.0,dijkstra,44.5828,0.5391,34875.5586,263167.1412,84
1503,1503.0,dijkstra,44.0975,0.4672,35691.2943,281719.5307,87
1504,1504.0,dijkstra,44.2283,0.5031,36003.1911,273562.2205,88
1505,1505.0,dijkstra,44.5877,0.4672,36467.7552,271918.1006,88
1506,1506.0,dijkstra,43.8458,0.5031,42792.6408,270989.7725,88
1507,1507.0,dijkstra,43.8944,0.4672,116680.5341,243176.5704,88
1508,1508.0,dijkstra,44.0281,0.575,284136.096,284718.8429,89
1509,1509.0,dijkstra,43.7301,0.5391,441155.9306,211387.1522,89
1510,1510.0,dijkstra,43.5772,0.575,1251072.4281,224069.8724,89
1511,1511.0,dijkstra,43.3725,0.6109,2903973.3117,236074.4861,89
1512,1512.0,dijkstra,42.7391,0.6828,6329690.5886,222288.8326,88
1513,1513.0,dijkstra,42.4976,0.6828,7944057.1305,222807.9049,88
1514,1514.0,dijkstra,42.6584,0.7188,13068634.96,210843.1927,89
1515,1515.0,dijkstra,42.7446,0.7188,13068440.5474,251400.9335,89
1516,1516.0,dijkstra,41.8022,0.7547,13069783.3391,251342.8131,90
1517,1517.0,dijkstra,42.2546,0.7188,13069319.8722,239303.8229,89
1518,1518.0,dijkstra,42.3162,0.7547,13069425.8315,227502.028,88
1519,1519.0,dijkstra,42.5843,0.7188,13069437.0388,241478.4036,87
1520,1520.0,dijkstra,41.8814,0.7547,13071224.914,204597.1105,88
1521,1521.0,dijkstra,41.5836,0.7906,13072198.2552,195704.1472,89
1522,1522.0,dijkstra,41.0627,0.8625,13075253.3506,242218.9726,89
1523,1523.0,dijkstra,40.9104,0.8984,13080923.599,185799.5748,89
1524,1524.0,dijkstra,41.0541,1.0062,13081800.7621,224257.8165,90
1525,1525.0,dijkstra,40.3123,1.15,13082957.4072,198526.726,91
1526,1526.0,dijkstra,40.2981,1.2219,13076796.6165,203411.1516,90
1527,1527.0,dijkstra,40.0288,1.2219,13077394.3667,209623.2535,89
1528,1528.0,dijkstra,39.6138,1.2578,13078674.9867,209661.2858,92
1529,1529.0,dijkstra,39.9923,1.2938,13077878.0916,231707.3268,92
1530,1530.0,dijkstra,44.0437,0.7547,40048.3667,161018.0821,74
1531,1531.0,dijkstra,44.0341,0.4672,39029.695,201180.9467,74
1532,1532.0,dijkstra,42.9209,0.2875,39397.4307,233294.7551,77
1533,1533.0,dijkstra,43.5216,0.1797,38315.6637,230278.2164,76
1534,1534.0,dijkstra,42.5811,0.2156,38548.7228,285297.6896,81
1535,1535.0,dijkstra,42.8338,0.1438,39151.5831,312000.1328,84
1536,1536.0,dijkstra,42.435,0.2516,38841.1109,327719.8706,87
1537,1537.0,dijkstra,43.6821,0.2516,37112.949,298714.1311,86
1538,1538.0,dijkstra,43.5077,0.3234,37329.521,352651.6542,90
1539,1539.0,dijkstra,44.4715,0.2516,35827.4636,291053.6486,87
1540,1540.0,dijkstra,44.4194,0.2516,35864.338,325887.9982,89
1541,1541.0,dijkstra,44.4466,0.2156,35975.6637,288429.6493,90
1542,1542.0,dijkstra,44.3779,0.2516,36944.7546,326106.0903,91
1543,1543.0,dijkstra,45.0336,0.2156,35865.1996,275351.8091,90
1544,1544.0,dijkstra,44.737,0.2516,36808.9809,295323.7108,94
1545,1545.0,dijkstra,45.4541,0.2516,36327.4682,315051.6032,92
1546,1546.0,dijkstra,44.21,0.3234,37404.7642,266014.8189,94
1547,1547.0,dijkstra,44.1159,0.3234,37587.2786,247217.9701,95
1548,1548.0,dijkstra,43.6467,0.4312,37576.1918,285085.0176,95
1549,1549.0,dijkstra,44.0074,0.3953,37715.8952,277351.3408,94
1550,1550.0,dijkstra,44.2686,0.4672,37677.0768,297829.9374,95
1551,1551.0,dijkstra,44.0385,0.4672,37639.97,237908.2903,94
1552,1552.0,dijkstra,43.7107,0.5031,37883.4653,245378.4466,95
1553,1553.0,dijkstra,43.805,0.4672,37862.8959,240023.5308,96
1554,1554.0,dijkstra,44.0755,0.4672,37793.6706,250943.9054,94
1555,1555.0,dijkstra,43.8595,0.5031,38150.3763,246285.6196,97
1556,1556.0,dijkstra,43.095,0.5031,39138.9278,295306.2564,98
1557,1557.0,dijkstra,43.6562,0.5031,38929.0876,263421.8841,95
1558,1558.0,dijkstra,42.7066,0.5391,40441.152,262431.55,97
1559,1559.0,dijkstra,43.0754,0.5031,40466.4714,257440.9544,95
1560,1560.0,dijkstra,43.1155,0.575,40832.544,254803.6237,97
1561,1561.0,dijkstra,42.9822,0.575,41900.6086,257823.4516,96
1562,1562.0,dijkstra,43.0225,0.575,43629.1228,287879.3448,97
1563,1563.0,dijkstra,42.3636,0.6109,54858.4942,264006.3795,98
1564,1564.0,dijkstra,41.4565,0.6109,312220.1095,258635.9837,99
1565,1565.0,dijkstra,41.0185,0.6109,787559.9527,219225.9142,100
1566,1566.0,dijkstra,41.0365,0.6828,1767675.2396,270456.1586,99
1567,1567.0,dijkstra,41.1641,0.6469,7795326.7436,236323.7426,97
1568,1568.0,dijkstra,41.4123,0.7547,16542059.2517,270137.0205,97
1569,1569.0,dijkstra,41.219,0.7547,16542197.178,256295.8476,98
1570,1570.0,dijkstra,41.0728,0.8266,16543190.9274,225469.9523,94
1571,1571.0,dijkstra,41.2265,0.8266,16543676.4166,282316.2088,94
1572,1572.0,dijkstra,40.6579,0.8266,16544534.0571,226110.4877,91
1573,1573.0,dijkstra,40.6216,0.8266,16543928.6143,273721.2469,92
1574,1574.0,dijkstra,40.5614,0.8984,16543379.5434,250442.362,92
1575,1575.0,dijkstra,41.0254,0.7547,16541103.4232,237928.6187,88
1576,1576.0,dijkstra,41.254,0.6828,16540489.9252,226640.9853,86
1577,1577.0,dijkstra,40.7803,0.5391,16540701.625,258071.9155,88
1578,1578.0,dijkstra,40.0877,0.5391,33038220.9015,220243.4724,83
1579,1579.0,dijkstra,40.3736,0.4672,66232.0489,247446.0045,87
1580,1580.0,dijkstra,43.4831,0.1438,37930.4229,242977.6248,80
1581,1581.0,dijkstra,44.5155,0.1078,36180.5663,302119.2352,80
1582,1582.0,dijkstra,44.1287,0.1438,36415.9266,291298.1113,85
1583,1583.0,dijkstra,45.1477,0.1078,34824.714,266161.6517,82
1584,1584.0,dijkstra,44.92,0.1438,35013.1266,290120.9156,84
1585,1585.0,dijkstra,44.373,0.1438,35800.203,251833.1,85
1586,1586.0,dijkstra,44.2964,0.2156,35894.5519,298013.4501,86
1587,1587.0,dijkstra,45.1916,0.1797,35098.3423,336802.7935,85
1588,1588.0,dijkstra,44.8035,0.1797,35811.4117,254545.8598,87
1589,1589.0,dijkstra,45.2446,0.2875,35552.1651,291821.0743,86
1590,1590.0,dijkstra,43.9998,0.3234,6552397.322,259886.2706,87
1591,1591.0,dijkstra,44.1219,0.2516,41489.6802,260257.3888,87
1592,1592.0,dijkstra,44.2085,0.2875,38426.3284,272993.7783,90
1593,1593.0,dijkstra,43.8835,0.3234,58087.9434,242663.9034,91
1594,1594.0,dijkstra,43.4381,0.3594,71850.6927,248722.9762,90
1595,1595.0,dijkstra,43.822,0.3594,134760.8558,231441.7358,89
1596,1596.0,dijkstra,43.871,0.4672,1445268.1756,264771.8586,89
1597,1597.0,dijkstra,44.3719,0.4312,6553581.7658,251191.4335,86
1598,1598.0,dijkstra,44.1451,0.4672,6553808.5576,240649.6633,87
1599,1599.0,dijkstra,44.6213,0.4312,6553459.5664,211578.5275,86
1600,1600.0,dijkstra,43.6526,0.4672,6553946.488,253704.3016,89
1601,1601.0,dijkstra,43.9816,0.4312,6553694.0061,269812.1526,89
1602,1602.0,dijkstra,43.5057,0.4672,6554358.5946,260208.0388,89
1603,1603.0,dijkstra,43.1694,0.4312,6554674.245,212653.508,89
1604,1604.0,dijkstra,42.9512,0.4672,6555252.5747,241233.5291,89
1605,1605.0,dijkstra,43.1511,0.4312,6554933.9613,217021.3771,90
1606,1606.0,dijkstra,43.068,0.5031,6554939.2642,216579.1508,90
1607,1607.0,dijkstra,43.0014,0.4672,6554662.8695,244358.545,90
1608,1608.0,dijkstra,43.1051,0.5391,6554464.1896,243800.3727,89
1609,1609.0,dijkstra,42.7549,0.5391,6554629.0839,227474.1122,87
1610,1610.0,dijkstra,42.4833,0.575,6555213.1425,232788.5802,88
1611,1611.0,dijkstra,42.0091,0.575,6555627.1136,207824.1804,86
1612,1612.0,dijkstra,41.6783,0.6109,6556357.2828,197602.0838,86
1613,1613.0,dijkstra,41.1669,0.575,6557425.9722,210161.9408,88
1614,1614.0,dijkstra,40.865,0.6828,6558505.3857,188218.0792,89
1615,1615.0,dijkstra,40.946,0.7547,6559009.2968,294123.0565,91
1616,1616.0,dijkstra,40.7078,0.8625,6559458.9277,239506.663,91
1617,1617.0,dijkstra,40.4798,0.9344,6559619.8389,241495.1441,89
1618,1618.0,dijkstra,39.6568,1.0422,6564456.5198,188896.798,88
1619,1619.0,dijkstra,39.861,1.0422,6563246.1902,246450.1883,88
1620,1620.0,dijkstra,44.7046,0.4312,40393.312,177283.5251,70
1621,1621.0,dijkstra,44.4744,0.3234,39369.7094,192114.176,70
1622,1622.0,dijkstra,43.7493,0.1438,39199.9899,237007.0595,73
1623,1623.0,dijkstra,44.0586,0.0719,37491.9613,177605.4771,69
1624,1624.0,dijkstra,42.342,0.1438,38381.8735,283603.7173,76
1625,1625.0,dijkstra,42.4613,0.1797,38891.4854,306068.6723,79
1626,1626.0,dijkstra,43.9356,0.1797,37753.143,346327.8034,79
1627,1627.0,dijkstra,44.667,0.1797,37289.4467,324134.8747,78
1628,1628.0,dijkstra,44.4163,0.2156,37567.0115,319846.2078,80
1629,1629.0,dijkstra,45.3761,0.2156,36505.1284,300360.5556,80
1630,1630.0,dijkstra,45.0957,0.2875,36582.9762,287364.7147,84
1631,1631.0,dijkstra,45.7467,0.2156,35929.0987,268040.7945,83
1632,1632.0,dijkstra,46.3386,0.2516,35403.6526,317940.0323,84
1633,1633.0,dijkstra,46.4075,0.2516,35546.5565,256826.5776,85
1634,1634.0,dijkstra,45.9752,0.2875,35454.4758,272690.2308,85
1635,1635.0,dijkstra,46.3755,0.2875,35326.971,250221.1268,81
1636,1636.0,dijkstra,46.2448,0.3234,35464.1219,231470.5871,83
1637,1637.0,dijkstra,46.5867,0.2875,35252.1894,251495.5146,82
1638,1638.0,dijkstra,46.2357,0.3594,35874.1477,223344.0748,82
1639,1639.0,dijkstra,45.5802,0.2875,36690.3065,181852.5921,82
1640,1640.0,dijkstra,44.3775,0.3234,38825.4571,188344.9752,78
1641,1641.0,dijkstra,44.1126,0.2875,39407.3727,164214.5148,76
1642,1642.0,dijkstra,43.5704,0.3594,39947.4743,231177.7814,79
1643,1643.0,dijkstra,43.9867,0.3234,39337.4626,248402.8539,80
1644,1644.0,dijkstra,44.1663,0.4312,39208.9904,241108.7793,81
1645,1645.0,dijkstra,44.291,0.4672,39120.8104,250881.316,82
1646,1646.0,dijkstra,44.5544,0.5031,39899.8355,251020.5125,82
1647,1647.0,dijkstra,44.488,0.4672,40438.8685,190493.3996,82
1648,1648.0,dijkstra,43.4354,0.5031,42820.0631,197738.3416,82
1649,1649.0,dijkstra,43.2898,0.4672,43652.7029,216443.53,83
1650,1650.0,dijkstra,42.6083,0.575,44449.7455,213741.7719,85
1651,1651.0,dijkstra,42.5277,0.6469,44734.0666,237560.1255,85
1652,1652.0,dijkstra,42.0122,0.7547,45652.4151,219261.5197,84
1653,1653.0,dijkstra,41.753,0.7547,46829.6353,194802.4661,81
1654,1654.0,dijkstra,41.2059,0.7906,48822.6133,182261.7331,81
1655,1655.0,dijkstra,40.8929,0.7906,51973.2818,178568.1732,80
1656,1656.0,dijkstra,40.4906,0.8266,129628.12,204931.3077,83
1657,1657.0,dijkstra,40.554,0.8266,315487.3765,199347.3249,82
1658,1658.0,dijkstra,39.0157,0.8984,652082.8671,214802.1672,84
1659,1659.0,dijkstra,39.4063,0.8984,737777.3371,247803.8804,83
1660,1660.0,dijkstra,38.7515,0.9344,14589919.0011,180318.0793,80
1661,1661.0,dijkstra,39.0052,0.9344,17368448.9466,198257.751,78
1662,1662.0,dijkstra,38.1504,0.9703,32925731.2929,205999.7754,82
1663,1663.0,dijkstra,38.3407,0.9703,33010534.7693,196277.9496,81
1664,1664.0,dijkstra,38.4542,1.0422,33113594.5755,216847.4989,82
1665,1665.0,dijkstra,39.5574,0.9344,16936012.4436,186877.368,76
1666,1666.0,dijkstra,39.4108,0.9344,18297752.9066,185063.1526,76
1667,1667.0,dijkstra,39.1247,0.8625,16598870.7576,204021.3104,77
1668,1668.0,dijkstra,38.7045,0.8984,16574285.8537,210340.7215,80
1669,1669.0,dijkstra,38.8408,0.8625,16562770.9551,216581.6539,79
1670,1670.0,dijkstra,42.1543,0.5391,50774.0718,214699.0566,72
1671,1671.0,dijkstra,42.4694,0.3594,45895.1258,219899.1842,72
1672,1672.0,dijkstra,41.7379,0.2875,43458.1932,246432.127,77
1673,1673.0,dijkstra,42.8551,0.2516,40180.9036,257777.4488,75
1674,1674.0,dijkstra,43.0893,0.2516,38223.2285,260313.4558,75
1675,1675.0,dijkstra,43.2851,0.2875,37273.4749,268178.7023,75
1676,1676.0,dijkstra,44.7785,0.2875,34800.2674,291434.8028,72
1677,1677.0,dijkstra,44.7057,0.3234,34633.9074,280719.3229,76
1678,1678.0,dijkstra,45.0582,0.3234,34291.7678,268144.5842,76
1679,1679.0,dijkstra,44.3658,0.3594,34813.0413,236564.8271,77
1680,1680.0,dijkstra,43.9093,0.4672,35380.2032,267805.4107,80
1681,1681.0,dijkstra,44.6757,0.3953,34648.3079,276827.9324,80
1682,1682.0,dijkstra,44.7068,0.4312,34925.1402,262848.3938,80
1683,1683.0,dijkstra,44.3905,0.4312,35453.0913,269525.0547,82
1684,1684.0,dijkstra,44.059,0.4312,35732.0837,189549.9598,81
1685,1685.0,dijkstra,44.203,0.4312,35827.49,209800.8887,81
1686,1686.0,dijkstra,43.5873,0.4672,36481.7525,219169.3369,81
1687,1687.0,dijkstra,43.1082,0.5031,36802.0662,230184.4362,84
1688,1688.0,dijkstra,43.0596,0.575,37276.6962,255511.0077,84
1689,1689.0,dijkstra,43.3901,0.5391,36964.4452,250615.5208,85
1690,1690.0,dijkstra,43.963,0.575,36169.0269,261246.4314,84
1691,1691.0,dijkstra,44.5004,0.5391,35463.9901,275259.6323,85
1692,1692.0,dijkstra,44.2807,0.575,35648.8454,195657.5499,84
1693,1693.0,dijkstra,44.0504,0.5391,36446.9057,223221.8012,84
1694,1694.0,dijkstra,44.3619,0.575,35740.3275,246003.5366,84
1695,1695.0,dijkstra,44.2472,0.5391,35791.1957,211804.8724,84
1696,1696.0,dijkstra,43.3999,0.575,36955.0445,239608.2993,86
1697,1697.0,dijkstra,43.5092,0.5391,36799.5225,238959.1541,86
1698,1698.0,dijkstra,43.1454,0.575,37341.8691,248716.9699,87
1699,1699.0,dijkstra,43.2655,0.5391,37613.737,217000.2402,85
1700,1700.0,dijkstra,41.8603,0.6469,40414.396,197454.3719,87
1701,1701.0,dijkstra,41.7127,0.6469,42104.2521,180597.617,84
1702,1702.0,dijkstra,40.8748,0.7188,46216.6897,198958.6962,83
1703,1703.0,dijkstra,40.182,0.7906,211841.6977,154018.0338,83
1704,1704.0,dijkstra,40.107,0.8266,3684405.2691,185203.8284,84
1705,1705.0,dijkstra,40.1934,0.8984,6563033.9432,201551.0762,82
1706,1706.0,dijkstra,39.9448,0.9344,6564493.328,189566.2834,84
1707,1707.0,dijkstra,40.1746,0.9703,6568130.8595,215134.2489,82
1708,1708.0,dijkstra,39.3737,1.1141,6567626.4126,178302.2466,84
1709,1709.0,dijkstra,39.2816,1.1141,6569408.4519,203754.8763,85
1710,1710.0,dijkstra,43.4297,0.6469,40045.9402,197064.4829,66
1711,1711.0,dijkstra,43.4102,0.2875,39748.8515,189923.2386,66
1712,1712.0,dijkstra,44.0138,0.1797,38768.7772,232906.1993,67
1713,1713.0,dijkstra,44.8227,0.0719,37206.9943,198448.7652,65
1714,1714.0,dijkstra,43.2792,0.1438,37326.1476,259288.9039,72
1715,1715.0,dijkstra,42.7394,0.1438,38715.8444,293249.8836,76
1716,1716.0,dijkstra,42.3434,0.0719,38481.7312,326277.6296,78
1717,1717.0,dijkstra,43.8125,0.0359,36757.6572,329446.0023,75
1718,1718.0,dijkstra,44.1893,0.1078,36602.3057,307701.7924,77
1719,1719.0,dijkstra,44.9083,0.0719,35962.4483,286272.4986,80
1720,1720.0,dijkstra,44.9115,0.1438,35645.7638,254405.992,81
1721,1721.0,dijkstra,45.3465,0.1797,35391.6528,266453.8559,79
1722,1722.0,dijkstra,44.8971,0.2156,36490.1489,271457.3153,81
1723,1723.0,dijkstra,45.2903,0.1797,36188.9865,277698.9157,81
1724,1724.0,dijkstra,45.8031,0.2516,36040.4525,274231.5232,80
1725,1725.0,dijkstra,45.3625,0.2156,36379.2035,251283.7342,79
1726,1726.0,dijkstra,44.7669,0.2875,37392.0799,227972.103,81
1727,1727.0,dijkstra,45.4172,0.2875,36888.5298,257414.3382,79
1728,1728.0,dijkstra,45.5008,0.3234,36813.3866,237690.322,79
1729,1729.0,dijkstra,45.1088,0.3594,37466.7088,206682.3769,80
1730,1730.0,dijkstra,45.0665,0.3594,38186.5386,199264.8518,80
1731,1731.0,dijkstra,44.926,0.3594,38641.1031,235576.9135,80
1732,1732.0,dijkstra,44.6657,0.3953,39586.7261,217344.7244,82
1733,1733.0,dijkstra,44.8552,0.3594,38963.4971,212542.2548,80
1734,1734.0,dijkstra,45.12,0.4312,38493.5007,240326.47,80
1735,1735.0,dijkstra,44.6836,0.3953,38871.4405,220385.9685,81
1736,1736.0,dijkstra,43.8403,0.4672,38799.8408,207384.3783,82
1737,1737.0,dijkstra,43.7969,0.4312,38831.6758,195340.3001,81
1738,1738.0,dijkstra,43.2919,0.4672,39611.8871,173913.5373,81
1739,1739.0,dijkstra,42.802,0.4312,40720.5491,208979.6592,82
1740,1740.0,dijkstra,42.9132,0.4672,40872.78,212593.9627,80
1741,1741.0,dijkstra,42.6632,0.4672,40902.0489,217635.1152,82
1742,1742.0,dijkstra,42.6825,0.5031,40919.3528,239583.2471,81
1743,1743.0,dijkstra,42.7638,0.4672,44182.8117,214000.7813,83
1744,1744.0,dijkstra,42.2258,0.5031,43515.8109,275307.3793,84
1745,1745.0,dijkstra,42.2853,0.5031,43343.4334,255277.3074,84
1746,1746.0,dijkstra,42.7782,0.575,42838.4125,246283.4056,83
1747,1747.0,dijkstra,42.9278,0.575,43103.9421,206863.5632,80
1748,1748.0,dijkstra,42.0566,0.6109,43395.2477,232703.6531,83
1749,1749.0,dijkstra,42.3792,0.575,43019.7115,232858.9308,83
1750,1750.0,dijkstra,41.5956,0.6469,44244.9182,235710.4463,82
1751,1751.0,dijkstra,41.3357,0.6109,44373.8297,198811.8731,80
1752,1752.0,dijkstra,40.9659,0.6828,45449.7786,221910.0109,79
1753,1753.0,dijkstra,40.5891,0.6469,46324.3018,182787.2276,79
1754,1754.0,dijkstra,40.4307,0.7188,46178.0033,200045.4099,79
1755,1755.0,dijkstra,41.6183,0.575,41946.0846,190869.301,73
1756,1756.0,dijkstra,41.1414,0.5391,43050.4052,205377.6711,73
1757,1757.0,dijkstra,40.8286,0.5031,43884.877,193233.7968,75
1758,1758.0,dijkstra,40.6363,0.5031,43304.5174,187533.959,76
1759,1759.0,dijkstra,41.2424,0.5391,42124.6018,213285.407,74
1760,1760.0,dijkstra,42.5431,0.3953,39726.2535,184701.4429,67
1761,1761.0,dijkstra,42.9019,0.2875,38759.9128,245379.4829,69
1762,1762.0,dijkstra,42.7097,0.2156,38153.2545,204569.0746,71
1763,1763.0,dijkstra,43.1956,0.2516,37107.6194,205540.7423,69
1764,1764.0,dijkstra,43.1859,0.3234,36757.844,226161.5973,72
1765,1765.0,dijkstra,43.399,0.2516,36779.7694,229789.1408,74
1766,1766.0,dijkstra,44.5103,0.2516,35297.4713,234498.0084,73
1767,1767.0,dijkstra,44.5627,0.3234,35222.5859,220970.2039,75
1768,1768.0,dijkstra,44.6122,0.3234,34956.6179,248372.5203,77
1769,1769.0,dijkstra,44.5345,0.3234,34828.5212,265119.2551,79
1770,1770.0,dijkstra,44.177,0.3594,35536.4489,215128.823,80
1771,1771.0,dijkstra,44.5402,0.3234,34974.4372,214603.1721,79
1772,1772.0,dijkstra,44.2935,0.3594,35288.9104,223857.1935,79
1773,1773.0,dijkstra,44.2562,0.3234,35270.9408,215392.7636,80
1774,1774.0,dijkstra,43.8489,0.3953,35653.8822,222415.4568,82
1775,1775.0,dijkstra,43.8565,0.3953,35580.8224,211461.4404,79
1776,1776.0,dijkstra,43.3988,0.4312,36753.9299,230247.3224,79
1777,1777.0,dijkstra,42.9099,0.3953,37148.1708,224999.5072,80
1778,1778.0,dijkstra,42.7149,0.4312,37506.4254,224090.3697,80
1779,1779.0,dijkstra,43.2704,0.4312,36945.9341,206177.2476,78
1780,1780.0,dijkstra,41.7004,0.5031,38533.2667,224421.1659,80
1781,1781.0,dijkstra,41.6452,0.4672,38752.3241,210267.5106,80
1782,1782.0,dijkstra,42.3479,0.5391,38027.2198,257265.877,80
1783,1783.0,dijkstra,42.835,0.5391,37371.3667,235900.5166,79
1784,1784.0,dijkstra,43.2037,0.6109,36915.4841,236427.4563,81
1785,1785.0,dijkstra,43.6368,0.575,36430.4007,217400.064,80
1786,1786.0,dijkstra,43.7521,0.6109,36487.0429,215383.8434,82
1787,1787.0,dijkstra,44.0353,0.575,36388.7629,213037.9252,80
1788,1788.0,dijkstra,43.8754,0.6109,36805.4967,214431.7915,81
1789,1789.0,dijkstra,43.7473,0.575,37175.6239,205231.3331,79
1790,1790.0,dijkstra,43.434,0.6109,37877.854,201816.3442,80
1791,1791.0,dijkstra,43.0158,0.6469,38531.3178,176643.9621,82
1792,1792.0,dijkstra,42.6104,0.7547,38999.8515,207230.0399,83
1793,1793.0,dijkstra,42.4148,0.7188,39498.3642,213470.9572,83
1794,1794.0,dijkstra,42.0457,0.8266,40798.3222,210565.8721,83
1795,1795.0,dijkstra,41.643,0.7906,42281.4507,169783.6441,81
1796,1796.0,dijkstra,40.7187,0.8625,42782.2475,181196.6141,80
1797,1797.0,dijkstra,40.1724,0.8625,43331.2049,181963.7397,80
1798,1798.0,dijkstra,40.1734,0.8984,43158.5189,190562.0894,81
1799,1799.0,dijkstra,39.432,0.8984,44046.8323,194548.4967,80
1800,1800.0,dijkstra,43.5289,0.4312,37680.5499,160651.1218,61
1801,1801.0,dijkstra,43.867,0.2156,37084.9235,147872.1866,61
1802,1802.0,dijkstra,41.1209,0.1438,39896.5211,176415.9453,67
1803,1803.0,dijkstra,41.9549,0.1797,38956.3367,228380.8892,66
1804,1804.0,dijkstra,41.6401,0.3234,39450.3274,243887.2023,70
1805,1805.0,dijkstra,42.2487,0.2875,38857.0543,260338.6313,72
1806,1806.0,dijkstra,43.657,0.3594,37146.2774,290760.7114,73
1807,1807.0,dijkstra,43.7234,0.3594,37224.2412,290997.7531,74
1808,1808.0,dijkstra,44.008,0.4312,37305.4019,263777.075,77
1809,1809.0,dijkstra,44.6546,0.4312,36534.4421,258130.0835,77
1810,1810.0,dijkstra,44.8335,0.4312,36695.4616,239382.4482,77
1811,1811.0,dijkstra,44.7763,0.4312,36781.4798,219735.3594,77
1812,1812.0,dijkstra,43.8543,0.5031,37655.9941,208111.0744,78
1813,1813.0,dijkstra,44.3963,0.4672,37649.8901,234122.0652,77
1814,1814.0,dijkstra,43.112,0.5031,41995.138,205633.5806,79
1815,1815.0,dijkstra,43.3329,0.4672,40974.3948,241591.8965,79
1816,1816.0,dijkstra,42.7592,0.5031,40621.7808,195607.9131,79
1817,1817.0,dijkstra,43.4148,0.3953,38701.607,243562.3641,78
1818,1818.0,dijkstra,42.4523,0.4312,38999.9307,194349.1622,80
1819,1819.0,dijkstra,42.8013,0.3953,39066.6417,202695.0076,79
1820,1820.0,dijkstra,42.4828,0.4312,40658.5311,236065.0167,81
1821,1821.0,dijkstra,42.6843,0.4672,41473.9379,221803.0886,80
1822,1822.0,dijkstra,42.5345,0.5031,42770.3117,254077.0543,82
1823,1823.0,dijkstra,43.1023,0.4672,42492.716,236573.1639,80
1824,1824.0,dijkstra,43.1339,0.575,42518.9127,229692.6794,80
1825,1825.0,dijkstra,43.2719,0.6109,42328.9635,219657.0146,82
1826,1826.0,dijkstra,42.8678,0.6109,42689.8211,215553.5183,82
1827,1827.0,dijkstra,43.2057,0.575,42471.3875,230852.8001,80
1828,1828.0,dijkstra,42.7841,0.6469,42536.0666,194848.815,80
1829,1829.0,dijkstra,42.8036,0.6109,42136.7186,242704.4837,84
1830,1830.0,dijkstra,42.7866,0.6469,42018.9968,221876.5601,85
1831,1831.0,dijkstra,43.1867,0.6109,41907.2923,208926.9717,83
1832,1832.0,dijkstra,42.2998,0.6828,42654.0429,231892.8023,83
1833,1833.0,dijkstra,42.2904,0.6469,42843.7321,199759.735,81
1834,1834.0,dijkstra,41.7505,0.6828,43753.7274,178660.6634,82
1835,1835.0,dijkstra,41.8193,0.7188,44003.5082,208182.7839,81
1836,1836.0,dijkstra,40.8607,0.7547,44848.4743,218580.8435,80
1837,1837.0,dijkstra,41.0773,0.7188,45344.0528,212336.9008,80
1838,1838.0,dijkstra,40.2905,0.7547,46425.3177,221505.5278,82
1839,1839.0,dijkstra,40.3629,0.7547,47092.8084,211394.0083,81
1840,1840.0,dijkstra,39.5576,0.7906,48299.5686,210367.5892,81
1841,1841.0,dijkstra,39.7791,0.7906,47977.3664,265159.8655,81
1842,1842.0,dijkstra,39.3812,0.8625,48196.9822,215371.9505,82
1843,1843.0,dijkstra,39.7439,0.8625,47319.928,228641.2398,80
1844,1844.0,dijkstra,39.1407,0.8984,47062.0457,227179.1322,82
1845,1845.0,dijkstra,39.9105,0.6828,44641.516,219762.9807,79
1846,1846.0,dijkstra,40.0148,0.6469,46270.6143,230086.1846,78
1847,1847.0,dijkstra,39.2488,0.6109,48578.4275,171649.3814,79
1848,1848.0,dijkstra,38.3708,0.6828,49460.1843,183158.3573,78
1849,1849.0,dijkstra,37.3691,0.7188,51733.9976,184381.4385,81
1850,1850.0,dijkstra,39.6883,0.5031,46975.3159,192722.8457,72
1851,1851.0,dijkstra,40.2428,0.3594,298956.8244,224316.0383,70
1852,1852.0,dijkstra,40.3778,0.2516,459300.4107,268869.1037,72
1853,1853.0,dijkstra,41.3457,0.4312,4947446.1472,225467.8946,72
1854,1854.0,dijkstra,41.6465,0.3953,6553833.9774,257722.1399,74
1855,1855.0,dijkstra,41.5621,0.4672,6554002.5306,281569.329,79
1856,1856.0,dijkstra,42.1279,0.4672,6553381.4469,298937.5386,78
1857,1857.0,dijkstra,42.7536,0.4672,6552500.7598,266517.2014,79
1858,1858.0,dijkstra,42.406,0.4312,6552725.1323,277230.1585,81
1859,1859.0,dijkstra,43.0111,0.4312,6552325.7222,269191.931,79
1860,1860.0,dijkstra,42.815,0.5031,6553261.8336,265495.9994,81
1861,1861.0,dijkstra,42.7998,0.5391,6557038.8239,260433.1302,82
1862,1862.0,dijkstra,41.8754,0.6469,6595384.2242,228298.2697,85
1863,1863.0,dijkstra,42.2511,0.6109,9779577.9567,278308.2499,85
1864,1864.0,dijkstra,41.9322,0.6828,13069343.1253,222147.9865,85
1865,1865.0,dijkstra,41.9239,0.6828,13069641.6584,237021.7101,85
1866,1866.0,dijkstra,40.9915,0.7547,13070690.3345,216238.4901,85
1867,1867.0,dijkstra,41.448,0.7188,13070115.2391,241761.3075,83
1868,1868.0,dijkstra,41.2561,0.7547,13070359.1288,224492.2268,85
1869,1869.0,dijkstra,41.0276,0.7188,13070543.6764,205093.5741,85
1870,1870.0,dijkstra,41.2759,0.7547,13070326.6766,257820.2698,84
1871,1871.0,dijkstra,41.7082,0.7188,13069917.0345,238992.7265,84
1872,1872.0,dijkstra,41.506,0.7547,13070024.1376,209415.628,85
1873,1873.0,dijkstra,41.9638,0.7188,13069472.0698,240863.6212,85
1874,1874.0,dijkstra,41.1924,0.7547,13070369.6921,206083.262,85
1875,1875.0,dijkstra,41.4486,0.7188,13069992.2663,227685.9917,85
1876,1876.0,dijkstra,41.2649,0.7547,13070538.3053,191817.2287,84
1877,1877.0,dijkstra,41.5526,0.7188,13070475.1396,230208.269,84
1878,1878.0,dijkstra,41.0601,0.7547,13071455.0574,189745.9372,85
1879,1879.0,dijkstra,41.1654,0.7188,13071766.5158,200314.9682,84
1880,1880.0,dijkstra,41.2713,0.7906,13072627.5003,231831.7498,85
1881,1881.0,dijkstra,41.1648,0.7547,13073664.3834,201276.3984,84
1882,1882.0,dijkstra,41.0338,0.8625,13076068.3618,195115.0682,82
1883,1883.0,dijkstra,40.0964,0.8625,6580701.0017,166383.7168,81
1884,1884.0,dijkstra,39.6217,0.9703,6578845.2844,161475.9195,83
1885,1885.0,dijkstra,39.3065,1.0062,6578917.1924,182041.5189,81
1886,1886.0,dijkstra,39.1822,1.0422,6577340.5595,159607.0024,78
1887,1887.0,dijkstra,39.1377,1.1141,6573663.8687,190453.4116,78
1888,1888.0,dijkstra,38.5259,1.2578,6565989.8963,165555.0083,82
1889,1889.0,dijkstra,38.6557,1.2578,6566037.0579,201791.9787,82
1890,1890.0,dijkstra,43.7508,0.7188,41774.0083,172634.5324,66
1891,1891.0,dijkstra,44.2256,0.5391,40429.8311,204703.5961,64
1892,1892.0,dijkstra,42.3448,0.4672,41954.1912,188988.4058,71
1893,1893.0,dijkstra,42.2544,0.3594,41747.2877,210607.0254,70
1894,1894.0,dijkstra,41.2258,0.3953,43349.5166,281500.2186,76
1895,1895.0,dijkstra,42.7506,0.2516,40376.1898,324445.3209,78
1896,1896.0,dijkstra,43.3667,0.2875,39374.0236,299061.9523,78
1897,1897.0,dijkstra,43.9252,0.2156,38221.4859,334130.8031,80
1898,1898.0,dijkstra,43.6376,0.2156,38589.8756,290128.5422,79
1899,1899.0,dijkstra,43.7958,0.2156,38808.6096,269681.8304,80
1900,1900.0,dijkstra,43.8652,0.2875,38463.196,283339.0747,82
1901,1901.0,dijkstra,44.3674,0.2875,37845.2161,265628.8093,81
1902,1902.0,dijkstra,43.705,0.3234,37831.4573,242765.6194,83
1903,1903.0,dijkstra,44.2296,0.3234,37091.4204,245779.6147,84
1904,1904.0,dijkstra,44.2057,0.3594,36923.247,236936.0285,83
1905,1905.0,dijkstra,43.9297,0.3234,37181.1172,207260.0222,84
1906,1906.0,dijkstra,43.2228,0.3953,38237.306,249089.8517,83
1907,1907.0,dijkstra,43.4582,0.3234,38058.3112,208371.4813,80
1908,1908.0,dijkstra,43.231,0.3594,38657.4914,236593.6585,80
1909,1909.0,dijkstra,43.5481,0.3234,38798.6657,233932.9975,80
1910,1910.0,dijkstra,43.1427,0.3594,40574.3181,236717.9262,81
1911,1911.0,dijkstra,43.7519,0.3953,39940.652,237144.6839,79
1912,1912.0,dijkstra,43.3455,0.4672,40489.2694,196615.4515,83
1913,1913.0,dijkstra,43.9724,0.4312,39869.5849,250511.1968,81
1914,1914.0,dijkstra,43.4757,0.5391,40759.1455,204866.5774,83
1915,1915.0,dijkstra,43.4907,0.5031,40450.2017,191025.438,83
1916,1916.0,dijkstra,43.6362,0.5391,41250.6438,224088.3885,81
1917,1917.0,dijkstra,43.4071,0.5031,41839.2351,196437.1225,80
1918,1918.0,dijkstra,43.1152,0.575,42076.3806,208190.0359,82
1919,1919.0,dijkstra,43.3161,0.5391,42050.0145,224660.7985,84
1920,1920.0,dijkstra,43.2172,0.6109,42256.9358,224840.8264,85
1921,1921.0,dijkstra,43.4948,0.6109,41568.7912,217101.2396,85
1922,1922.0,dijkstra,43.1264,0.6469,41709.7823,206937.9834,86
1923,1923.0,dijkstra,42.6519,0.6109,43174.2992,212953.3452,84
1924,1924.0,dijkstra,42.1273,0.6469,43625.5315,259343.6817,84
1925,1925.0,dijkstra,41.7581,0.6109,45097.5948,206800.4956,83
1926,1926.0,dijkstra,42.2387,0.7188,46145.5361,177763.6026,79
1927,1927.0,dijkstra,41.7633,0.7188,47077.7977,220775.7682,82
1928,1928.0,dijkstra,41.4404,0.7188,48196.552,215157.0118,82
1929,1929.0,dijkstra,42.893,0.7547,47036.7815,228505.9739,77
1930,1930.0,dijkstra,42.9478,0.7547,47191.069,189617.7885,78
1931,1931.0,dijkstra,42.2074,0.7906,48950.128,202051.3146,80
1932,1932.0,dijkstra,41.528,0.8984,49293.3474,218414.7105,82
1933,1933.0,dijkstra,41.3747,0.7906,48907.6749,193326.1128,81
1934,1934.0,dijkstra,41.0205,0.8266,48262.9935,221557.2711,82
1935,1935.0,dijkstra,41.675,0.6828,43685.1049,193589.2785,76
1936,1936.0,dijkstra,41.2788,0.6469,43038.4302,220722.6324,78
1937,1937.0,dijkstra,41.4645,0.5391,42068.7453,239988.984,80
1938,1938.0,dijkstra,42.4005,0.5391,40509.9058,230069.8833,76
1939,1939.0,dijkstra,42.1324,0.6469,40363.6352,248846.3049,81
1940,1940.0,dijkstra,43.8779,0.3953,37260.7022,256362.0451,75
1941,1941.0,dijkstra,43.1868,0.2156,37523.0114,211082.3524,76
1942,1942.0,dijkstra,43.2355,0.1797,37394.0161,282180.4683,81
1943,1943.0,dijkstra,44.1695,0.1438,36133.8077,229608.1551,77
1944,1944.0,dijkstra,43.9513,0.2156,36915.6964,280264.4704,78
1945,1945.0,dijkstra,44.2109,0.2156,37037.2998,251696.5509,79
1946,1946.0,dijkstra,44.6079,0.2875,36623.02,289449.4976,78
1947,1947.0,dijkstra,45.8755,0.2516,33868.6894,305015.0917,78
1948,1948.0,dijkstra,45.0585,0.2875,34195.672,298889.1659,83
1949,1949.0,dijkstra,45.4674,0.2516,33761.1898,252168.3659,82
1950,1950.0,dijkstra,45.5642,0.3234,33841.0053,294930.5674,84
1951,1951.0,dijkstra,45.781,0.2875,33620.6223,248789.9586,81
1952,1952.0,dijkstra,45.6937,0.3234,34076.3355,253833.5859,81
1953,1953.0,dijkstra,45.7364,0.2875,33814.5123,246710.2579,83
1954,1954.0,dijkstra,45.4817,0.2875,34570.3053,224502.7398,83
1955,1955.0,dijkstra,45.7966,0.3234,36385.4467,270318.5665,83
1956,1956.0,dijkstra,45.4844,0.3594,73415.4074,245651.2366,83
1957,1957.0,dijkstra,45.4572,0.3594,109547.4149,206994.3795,83
1958,1958.0,dijkstra,45.5062,0.3953,167552.5513,260767.7924,85
1959,1959.0,dijkstra,45.1018,0.3594,1325879.9549,208046.2496,85
1960,1960.0,dijkstra,44.7481,0.4312,4264446.9923,263547.4608,85
1961,1961.0,dijkstra,44.4349,0.4312,6552487.3655,201720.1355,84
1962,1962.0,dijkstra,42.9488,0.4672,6553653.9491,227351.2571,84
1963,1963.0,dijkstra,42.9202,0.4312,6553011.1861,214922.5757,82
1964,1964.0,dijkstra,42.2561,0.5031,6554790.6125,225676.709,83
1965,1965.0,dijkstra,42.447,0.5031,6552982.9615,220929.8121,84
1966,1966.0,dijkstra,41.7442,0.5391,6553839.1866,189500.6795,86
1967,1967.0,dijkstra,41.4838,0.6109,6554287.9514,225876.413,86
1968,1968.0,dijkstra,41.0144,0.6469,6555565.97,235036.4657,85
1969,1969.0,dijkstra,40.9476,0.6109,6557156.9302,192302.8334,85
1970,1970.0,dijkstra,40.2494,0.7188,6560625.4006,220184.2498,85
1971,1971.0,dijkstra,40.2374,0.7188,6568356.8052,214991.5397,84
1972,1972.0,dijkstra,39.3178,0.7906,6611734.9122,184037.2631,83
1973,1973.0,dijkstra,39.761,0.8266,6946983.4468,224513.9281,85
1974,1974.0,dijkstra,39.0067,0.9344,7579042.8661,189400.1939,85
1975,1975.0,dijkstra,39.3137,0.9344,8623475.2491,167378.5392,84
1976,1976.0,dijkstra,38.881,0.9703,16582692.3996,202498.6599,85
1977,1977.0,dijkstra,38.5555,1.0062,22919217.072,184985.8828,84
1978,1978.0,dijkstra,38.0272,1.0422,22920737.0974,182338.2684,85
1979,1979.0,dijkstra,37.851,1.0422,22922576.479,183069.7219,86
1980,1980.0,dijkstra,42.0315,0.6109,44382.5331,177673.6777,70
1981,1981.0,dijkstra,42.4041,0.2516,42252.4034,186828.1297,69
1982,1982.0,dijkstra,41.1788,0.0719,42089.8388,202476.4865,75
1983,1983.0,dijkstra,41.8715,0.0359,40511.0963,233050.9709,72
1984,1984.0,dijkstra,40.4227,0.1438,41794.0669,274685.338,78
1985,1985.0,dijkstra,40.7984,0.2516,41498.1523,314561.6207,82
1986,1986.0,dijkstra,42.8605,0.2516,39181.3918,313645.3147,77
1987,1987.0,dijkstra,43.3653,0.3234,39647.9197,348622.975,80
1988,1988.0,dijkstra,43.868,0.3234,39847.8013,344708.5035,83
1989,1989.0,dijkstra,44.9323,0.3234,40184.4984,303666.7584,83
1990,1990.0,dijkstra,44.7935,0.3953,40951.6035,246811.6068,85
1991,1991.0,dijkstra,45.2687,0.4312,38948.3757,317809.0863,87
1992,1992.0,dijkstra,45.6278,0.4672,38086.3082,266768.1741,87
1993,1993.0,dijkstra,45.9522,0.4672,36968.9389,291032.0567,88
1994,1994.0,dijkstra,45.418,0.4672,37444.3576,278360.4983,90
1995,1995.0,dijkstra,45.2964,0.4312,37444.2843,250274.3376,91
1996,1996.0,dijkstra,44.9889,0.4672,37751.9701,244834.3844,89
1997,1997.0,dijkstra,45.0573,0.4312,37994.7252,245360.9037,89
1998,1998.0,dijkstra,44.9414,0.575,38362.0995,228006.0905,90
1999,1999.0,dijkstra,45.0896,0.5391,38779.0006,241055.634,89
2000,2000.0,dijkstra,44.8586,0.575,40179.0485,230651.4942,89
2001,2001.0,dijkstra,44.5495,0.5391,42032.1878,244322.9303,88
2002,2002.0,dijkstra,43.8981,0.6109,43724.6436,197134.7857,90
2003,2003.0,dijkstra,43.8471,0.6469,44291.1341,249889.7536,90
2004,2004.0,dijkstra,43.5908,0.7188,46600.3869,213623.1452,89
2005,2005.0,dijkstra,43.6461,0.7188,46505.0219,222024.5485,89
2006,2006.0,dijkstra,42.7166,0.8266,46940.0463,221155.4159,90
2007,2007.0,dijkstra,42.9054,0.7906,46717.0817,210284.8105,89
2008,2008.0,dijkstra,42.5799,0.8625,48439.6332,223535.5856,91
2009,2009.0,dijkstra,42.5187,0.8266,47893.8064,207089.2017,90
2010,2010.0,dijkstra,42.6367,0.8625,46496.1833,222362.6346,89
2011,2011.0,dijkstra,42.3346,0.8625,46803.9448,190730.3239,88
2012,2012.0,dijkstra,41.1792,0.9344,47637.9227,213608.8213,88
2013,2013.0,dijkstra,40.9346,0.8984,49577.1158,197377.489,87
2014,2014.0,dijkstra,40.2365,0.9344,50716.4058,206149.5082,87
2015,2015.0,dijkstra,41.184,0.9703,49761.0314,248583.5084,87
2016,2016.0,dijkstra,41.4532,1.0781,48814.5975,258758.542,89
2017,2017.0,dijkstra,41.3751,1.0422,48926.3282,210638.7701,88
2018,2018.0,dijkstra,41.274,1.0781,48820.5999,263214.6055,90
2019,2019.0,dijkstra,41.5876,1.0422,48304.4251,250745.7071,89
2020,2020.0,dijkstra,40.9017,1.1141,48473.4014,214820.5816,88
2021,2021.0,dijkstra,40.796,1.1141,48243.9078,240538.0882,90
2022,2022.0,dijkstra,40.1769,1.15,48988.0545,215246.7355,89
2023,2023.0,dijkstra,40.4132,1.1141,48467.9453,215099.5361,86
2024,2024.0,dijkstra,39.5643,1.2219,52545.6316,206501.5627,86
2025,2025.0,dijkstra,39.6535,0.9703,51091.2503,236315.6442,80
2026,2026.0,dijkstra,39.8949,0.9344,48903.7421,209372.0853,81
2027,2027.0,dijkstra,39.4242,0.8984,48344.0535,238839.633,83
2028,2028.0,dijkstra,39.2897,0.8625,48032.8945,217727.2768,82
2029,2029.0,dijkstra,39.0111,0.8984,49570.3679,212295.5311,81
2030,2030.0,dijkstra,40.3188,0.7547,46971.088,222254.5993,77
2031,2031.0,dijkstra,40.7182,0.5391,44677.5498,213678.646,74
2032,2032.0,dijkstra,40.4859,0.4672,43448.267,234693.9272,79
2033,2033.0,dijkstra,40.8514,0.3594,41324.4361,282466.702,81
2034,2034.0,dijkstra,40.7903,0.3594,39626.6949,239082.727,79
2035,2035.0,dijkstra,41.8495,0.3953,38317.1928,273975.7296,80
2036,2036.0,dijkstra,41.9706,0.4312,37933.2764,320104.8189,84
2037,2037.0,dijkstra,43.0063,0.3953,37183.3432,354339.6317,85
2038,2038.0,dijkstra,42.8997,0.4672,37656.1154,321083.8239,85
2039,2039.0,dijkstra,43.8199,0.3953,36494.5429,313800.2489,87
2040,2040.0,dijkstra,43.6373,0.4312,36794.2717,306160.1713,89
2041,2041.0,dijkstra,44.4252,0.3953,35574.6634,289004.4523,88
2042,2042.0,dijkstra,44.398,0.3953,35290.7609,267407.9791,90
2043,2043.0,dijkstra,44.8447,0.3953,34757.4181,248617.416,88
2044,2044.0,dijkstra,44.5458,0.4312,35024.9192,274167.9699,90
2045,2045.0,dijkstra,44.2691,0.4672,35479.2322,241622.0469,92
2046,2046.0,dijkstra,44.6898,0.4672,34792.2833,262454.2382,91
2047,2047.0,dijkstra,45.1214,0.4672,34455.9381,265807.6645,91
2048,2048.0,dijkstra,44.771,0.5031,34995.5159,255708.0187,92
2049,2049.0,dijkstra,45.4365,0.4672,34494.4614,257884.4056,89
2050,2050.0,dijkstra,44.644,0.5031,35446.7317,227474.5336,90
2051,2051.0,dijkstra,45.0597,0.4672,35036.2337,260250.215,89
2052,2052.0,dijkstra,44.9975,0.5391,35332.6253,241084.0369,87
2053,2053.0,dijkstra,44.3626,0.5031,36216.3032,225574.1185,87
2054,2054.0,dijkstra,43.5858,0.5391,36381.3603,241148.5389,88
2055,2055.0,dijkstra,43.9806,0.5031,36049.0825,249055.6147,85
2056,2056.0,dijkstra,43.3256,0.6109,37593.6712,211328.3799,87
2057,2057.0,dijkstra,43.2236,0.6109,37788.855,240138.6931,88
2058,2058.0,dijkstra,43.2889,0.6469,38242.0414,285377.2622,86
2059,2059.0,dijkstra,43.4466,0.6109,39234.911,240693.6498,87
2060,2060.0,dijkstra,43.8364,0.6469,39107.3532,255510.7955,87
2061,2061.0,dijkstra,43.911,0.6469,39687.4707,199629.5572,86
2062,2062.0,dijkstra,44.0358,0.6469,40327.8006,224671.3799,84
2063,2063.0,dijkstra,43.2365,0.6828,43423.7813,158265.6415,85
2064,2064.0,dijkstra,43.1497,0.7547,44031.0461,192756.3696,85
2065,2065.0,dijkstra,42.9012,0.7547,46369.8594,219857.2368,83
2066,2066.0,dijkstra,41.5089,0.9344,49720.2483,208456.7708,82
2067,2067.0,dijkstra,41.3451,1.0062,52565.702,201595.2373,83
2068,2068.0,dijkstra,40.8579,0.9703,51740.2259,208210.4927,87
2069,2069.0,dijkstra,39.1225,1.0781,52361.2694,195741.6783,86
2070,2070.0,dijkstra,43.2978,0.575,42692.4187,163575.7596,67
2071,2071.0,dijkstra,43.1394,0.2875,41076.8258,228487.2299,69
2072,2072.0,dijkstra,41.0041,0.2875,43335.1521,224438.6382,76
2073,2073.0,dijkstra,42.0183,0.1438,40694.4616,235122.6477,71
2074,2074.0,dijkstra,40.2505,0.2156,41104.4232,271151.6707,79
2075,2075.0,dijkstra,40.1419,0.2516,41076.148,308389.839,85
2076,2076.0,dijkstra,41.8303,0.2875,40831.3067,328020.4811,79
2077,2077.0,dijkstra,42.2207,0.3234,40402.6455,343357.7185,82
2078,2078.0,dijkstra,43.3323,0.2875,38490.8388,336211.5809,82
2079,2079.0,dijkstra,43.735,0.3234,37860.2173,283549.067,83
2080,2080.0,dijkstra,43.5142,0.3234,37947.4841,327933.8155,87
2081,2081.0,dijkstra,44.0028,0.3234,37347.3284,266897.1247,85
2082,2082.0,dijkstra,43.3351,0.3234,38258.1969,271653.4951,88
2083,2083.0,dijkstra,43.4321,0.3234,38286.2325,298244.5981,90
2084,2084.0,dijkstra,43.1106,0.3953,39021.066,231566.7768,90
2085,2085.0,dijkstra,43.0579,0.4312,39131.0116,280850.2842,92
2086,2086.0,dijkstra,43.0388,0.5031,39404.8885,276847.2105,92
2087,2087.0,dijkstra,43.4164,0.5031,39365.3567,250429.8415,87
2088,2088.0,dijkstra,43.484,0.575,39711.999,240472.6179,87
2089,2089.0,dijkstra,43.4633,0.5391,39866.6661,261601.4674,89
2090,2090.0,dijkstra,43.1149,0.575,40663.1561,213902.7973,90
2091,2091.0,dijkstra,43.145,0.5391,41440.6039,249284.2402,91
2092,2092.0,dijkstra,42.8804,0.6109,43196.911,236962.6976,91
2093,2093.0,dijkstra,42.8101,0.575,45995.2189,249375.6364,91
2094,2094.0,dijkstra,42.3297,0.6469,89031.8261,222502.7746,92
2095,2095.0,dijkstra,42.5339,0.6828,733719.6447,231572.0576,91
2096,2096.0,dijkstra,43.0612,0.6828,7917045.1884,252221.2057,89
2097,2097.0,dijkstra,42.595,0.7188,16538931.9914,240875.2372,91
2098,2098.0,dijkstra,42.1865,0.7188,16540170.5173,233363.6412,93
2099,2099.0,dijkstra,42.0433,0.6828,16542418.4461,242339.9568,93
2100,2100.0,dijkstra,41.5032,0.7188,16547437.2021,205505.9472,95
2101,2101.0,dijkstra,41.6371,0.7188,16567259.2777,248252.5341,92
2102,2102.0,dijkstra,41.4666,0.7547,16818734.2903,216738.4394,91
2103,2103.0,dijkstra,40.7965,0.7547,16606974.9871,214291.9732,93
2104,2104.0,dijkstra,40.5943,0.7906,16567570.5902,227773.7061,93
2105,2105.0,dijkstra,40.6331,0.7547,16613791.2386,245046.3253,93
2106,2106.0,dijkstra,40.7607,0.7906,17149081.2002,213536.003,93
2107,2107.0,dijkstra,40.6853,0.8266,17986555.4657,247861.0046,94
2108,2108.0,dijkstra,40.9123,0.8625,3312055.585,239888.0563,93
2109,2109.0,dijkstra,41.4533,0.8266,93867.271,237355.8119,92
2110,2110.0,dijkstra,40.7825,0.8625,74066.3949,236012.6215,95
2111,2111.0,dijkstra,40.5875,0.9344,65697.198,265241.4077,96
2112,2112.0,dijkstra,41.3245,0.9344,59653.1502,264424.1923,93
2113,2113.0,dijkstra,41.8302,0.9703,52163.6129,264505.7975,92
2114,2114.0,dijkstra,41.64,1.0422,50331.8372,243726.9129,92
2115,2115.0,dijkstra,41.9867,0.7906,44927.7548,231279.2899,86
2116,2116.0,dijkstra,42.2741,0.6109,43225.5014,275302.0427,85
2117,2117.0,dijkstra,41.7665,0.5031,42915.6773,230718.6666,87
2118,2118.0,dijkstra,42.885,0.5391,40734.8326,243063.0824,81
2119,2119.0,dijkstra,42.4395,0.575,40878.1595,239493.1362,84
2120,2120.0,dijkstra,44.7903,0.3234,36090.8266,279842.1123,78
2121,2121.0,dijkstra,44.8577,0.3234,35964.871,256891.1541,79
2122,2122.0,dijkstra,44.5546,0.2516,35802.7624,312497.8152,84
2123,2123.0,dijkstra,45.799,0.2875,34271.5292,254077.1238,80
2124,2124.0,dijkstra,45.5523,0.3594,34716.4268,321642.5925,87
2125,2125.0,dijkstra,45.5762,0.2875,34799.9662,292182.6834,90
2126,2126.0,dijkstra,46.5403,0.2875,33736.0744,316384.6147,86
2127,2127.0,dijkstra,46.6448,0.2875,33573.4235,296519.2467,86
2128,2128.0,dijkstra,46.8758,0.3234,33433.1907,317165.3016,88
2129,2129.0,dijkstra,46.8773,0.3594,33445.3751,236654.7407,89
2130,2130.0,dijkstra,45.9434,0.3953,33861.0012,264247.2098,91
2131,2131.0,dijkstra,46.7459,0.3594,33173.8699,303200.0617,90
2132,2132.0,dijkstra,45.951,0.4672,34164.2025,260298.8667,91
2133,2133.0,dijkstra,46.0648,0.3953,34083.6017,230716.7025,91
2134,2134.0,dijkstra,46.2309,0.4312,34018.225,263623.6961,91
2135,2135.0,dijkstra,45.5407,0.5391,35001.8281,241900.1404,90
2136,2136.0,dijkstra,45.1307,0.5031,35586.5235,225788.5491,90
2137,2137.0,dijkstra,45.5131,0.5031,34819.5766,263007.6384,89
2138,2138.0,dijkstra,45.2961,0.575,35405.809,214285.2489,88
2139,2139.0,dijkstra,44.6672,0.5391,36158.4822,217901.5043,89
2140,2140.0,dijkstra,45.4301,0.5031,35747.5597,263048.7457,88
2141,2141.0,dijkstra,45.47,0.575,36034.3134,226544.7731,87
2142,2142.0,dijkstra,44.3456,0.6469,36753.0634,285617.3577,89
2143,2143.0,dijkstra,44.8005,0.6469,36327.4531,278582.0912,89
2144,2144.0,dijkstra,45.09,0.7188,36172.3192,228542.5929,89
2145,2145.0,dijkstra,45.1398,0.7188,36115.8518,226066.0521,87
2146,2146.0,dijkstra,44.8268,0.7547,36432.6227,243500.773,89
2147,2147.0,dijkstra,44.6218,0.7188,36940.5468,214634.0488,90
2148,2148.0,dijkstra,43.8214,0.8266,38375.7417,226869.6601,90
2149,2149.0,dijkstra,43.871,0.7906,38999.9536,215057.7177,88
2150,2150.0,dijkstra,43.2237,0.9344,41332.0846,175719.7897,90
2151,2151.0,dijkstra,42.375,0.9344,43673.8884,204201.8189,90
2152,2152.0,dijkstra,41.5979,0.9703,45311.989,190573.5612,89
2153,2153.0,dijkstra,41.3821,1.0422,47342.3424,170748.2382,88
2154,2154.0,dijkstra,41.3123,1.0781,49204.4886,182415.5753,86
2155,2155.0,dijkstra,41.5514,1.2219,51484.9574,205195.4318,84
2156,2156.0,dijkstra,41.4843,1.3297,54029.3736,195425.2672,84
2157,2157.0,dijkstra,41.5919,1.4016,57197.4355,176604.6054,84
2158,2158.0,dijkstra,40.8359,1.4734,57120.0796,202225.9843,87
2159,2159.0,dijkstra,40.4759,1.4734,57722.0014,223381.3142,88
2160,2160.0,dijkstra,42.5413,0.9344,48048.0632,183430.3328,70
2161,2161.0,dijkstra,43.0513,0.3953,44123.7049,214037.1675,70
2162,2162.0,dijkstra,41.8672,0.1438,42908.5405,277929.9936,79
2163,2163.0,dijkstra,43.0009,0.0359,39436.8526,229317.2166,69
2164,2164.0,dijkstra,41.302,0.0719,38493.1863,291613.2029,71
2165,2165.0,dijkstra,41.1254,0.0359,38462.3623,298763.3849,77
2166,2166.0,dijkstra,42.2124,0.1797,37433.6874,363533.3124,78
2167,2167.0,dijkstra,42.6602,0.2156,37322.8693,318998.441,82
2168,2168.0,dijkstra,43.3073,0.2156,37230.0755,343372.2475,81
2169,2169.0,dijkstra,44.6112,0.2156,35963.9368,320700.0781,79
2170,2170.0,dijkstra,44.1497,0.2516,36079.7129,256999.9539,81
2171,2171.0,dijkstra,44.5299,0.2156,35985.2318,252159.0063,82
2172,2172.0,dijkstra,44.9507,0.2875,36140.3998,262135.0429,83
2173,2173.0,dijkstra,45.2852,0.2516,35707.749,294249.8802,84
2174,2174.0,dijkstra,45.3112,0.3234,35914.1655,261864.9206,86
2175,2175.0,dijkstra,45.3964,0.3234,35628.0049,284996.2747,86
2176,2176.0,dijkstra,45.5144,0.3953,35667.0078,280105.8502,85
2177,2177.0,dijkstra,45.6717,0.3594,35983.7838,267784.4296,84
2178,2178.0,dijkstra,45.4002,0.3594,36881.0715,193773.8261,83
2179,2179.0,dijkstra,45.0712,0.3234,37999.1651,210305.5086,82
2180,2180.0,dijkstra,44.4159,0.3594,38534.6393,264023.4904,84
2181,2181.0,dijkstra,44.8683,0.3953,38600.7987,205034.6659,83
2182,2182.0,dijkstra,45.4701,0.3953,38160.0136,264861.1784,84
2183,2183.0,dijkstra,43.968,0.3953,39608.3784,235828.3877,85
2184,2184.0,dijkstra,43.9011,0.4312,40251.1783,268270.853,84
2185,2185.0,dijkstra,43.8243,0.4312,44248.7763,242980.5602,83
2186,2186.0,dijkstra,43.4988,0.4312,61022.4763,234674.9861,83
2187,2187.0,dijkstra,44.0263,0.4312,800015.4442,263829.6551,82
2188,2188.0,dijkstra,44.2609,0.4672,1850386.6775,228152.1884,82
2189,2189.0,dijkstra,43.9845,0.5031,2077993.3679,216114.9484,84
2190,2190.0,dijkstra,44.2205,0.5391,16534209.3438,252028.2808,84
2191,2191.0,dijkstra,44.0086,0.5031,16534526.5901,239322.9189,85
2192,2192.0,dijkstra,43.2844,0.5391,16534888.6215,250204.34,87
2193,2193.0,dijkstra,42.9408,0.575,16535198.0064,206509.1078,87
2194,2194.0,dijkstra,42.7429,0.6109,16535378.0192,201813.0603,87
2195,2195.0,dijkstra,42.786,0.575,16535470.6223,222469.0611,84
2196,2196.0,dijkstra,42.5383,0.6109,16536119.7346,209046.8481,85
2197,2197.0,dijkstra,42.3426,0.6109,16536492.9791,196988.7025,86
2198,2198.0,dijkstra,41.8949,0.6828,16536771.5239,223827.3948,83
2199,2199.0,dijkstra,41.7113,0.6828,16537067.7781,219525.4923,84
2200,2200.0,dijkstra,41.4233,0.7547,16537984.1492,201256.666,85
2201,2201.0,dijkstra,41.5552,0.7547,16537809.5307,221366.0541,83
2202,2202.0,dijkstra,41.1941,0.8266,16538663.7064,226917.1211,84
2203,2203.0,dijkstra,41.2309,0.8984,16539272.4196,208596.2078,84
2204,2204.0,dijkstra,40.0434,0.9344,16542844.3656,176093.7084,85
2205,2205.0,dijkstra,40.6486,0.8625,16542846.9708,209034.358,80
2206,2206.0,dijkstra,40.1611,0.7906,16542812.1434,190121.9156,78
2207,2207.0,dijkstra,40.2491,0.7188,16542603.8257,194563.4242,77
2208,2208.0,dijkstra,39.9525,0.7906,53948.6802,188273.0719,76
2209,2209.0,dijkstra,40.0123,0.7906,52121.6224,198426.7406,74
2210,2210.0,dijkstra,40.9556,0.6109,45478.4075,177122.9336,71
2211,2211.0,dijkstra,42.023,0.4672,42641.2981,211374.5361,70
2212,2212.0,dijkstra,40.5592,0.4672,44148.0194,227850.7055,74
2213,2213.0,dijkstra,41.1396,0.3953,41969.1429,218876.0933,72
2214,2214.0,dijkstra,41.581,0.4672,40428.0928,242488.8287,73
2215,2215.0,dijkstra,40.8283,0.4312,40653.1196,203189.0804,76
2216,2216.0,dijkstra,41.6075,0.5031,40770.7105,222996.644,74
2217,2217.0,dijkstra,42.2873,0.5031,39944.5938,266543.6392,76
2218,2218.0,dijkstra,41.8435,0.5391,41359.4571,200529.3845,78
2219,2219.0,dijkstra,42.1005,0.5391,41473.7317,248215.5588,79
2220,2220.0,dijkstra,42.5936,0.6109,41183.7517,249205.4335,81
2221,2221.0,dijkstra,42.8346,0.6109,40725.7761,266765.0956,81
2222,2222.0,dijkstra,42.471,0.6469,41115.6937,242751.1658,81
2223,2223.0,dijkstra,42.7124,0.6469,40875.2614,238771.638,81
2224,2224.0,dijkstra,42.6808,0.6828,40513.709,223209.7321,82
2225,2225.0,dijkstra,42.9828,0.6828,40573.5147,229605.1004,82
2226,2226.0,dijkstra,42.4573,0.6828,6556563.6207,239350.0571,82
2227,2227.0,dijkstra,41.9889,0.6828,45322.2291,201856.8861,82
2228,2228.0,dijkstra,42.0286,0.6828,44278.4582,232417.1331,83
2229,2229.0,dijkstra,41.5671,0.7188,56809.5132,219063.6677,83
2230,2230.0,dijkstra,40.7524,0.7188,179724.7247,235413.8831,85
2231,2231.0,dijkstra,40.7296,0.7188,6590922.4048,201006.8762,85
2232,2232.0,dijkstra,40.6412,0.8625,10500789.4441,238557.5799,86
2233,2233.0,dijkstra,41.5444,0.8266,12749445.98,228250.5064,85
2234,2234.0,dijkstra,41.3545,0.8625,19938307.6443,206394.8956,86
2235,2235.0,dijkstra,41.5993,0.8266,22915344.1238,209274.2176,85
2236,2236.0,dijkstra,41.2816,0.8625,22915822.3872,218913.0383,85
2237,2237.0,dijkstra,41.3212,0.8266,22915817.6038,220287.9792,84
2238,2238.0,dijkstra,40.6263,0.8625,22916650.3776,224410.2944,87
2239,2239.0,dijkstra,40.6861,0.8625,22916739.5449,227580.273,88
2240,2240.0,dijkstra,40.2404,0.8984,22916928.7536,239550.3441,86
2241,2241.0,dijkstra,40.4269,0.8984,22917377.196,227179.5162,85
2242,2242.0,dijkstra,39.8821,0.9344,22919333.1766,201534.0989,86
2243,2243.0,dijkstra,39.5314,0.8984,22921912.5691,198915.892,85
2244,2244.0,dijkstra,39.6798,0.9703,22923983.276,214206.4634,86
2245,2245.0,dijkstra,39.8765,0.9344,22926526.4598,224096.8099,86
2246,2246.0,dijkstra,39.37,0.9703,22927762.743,227541.294,88
2247,2247.0,dijkstra,39.6237,1.0062,22927268.5921,243816.8603,87
2248,2248.0,dijkstra,38.8529,1.1141,22930265.4122,214675.7122,87
2249,2249.0,dijkstra,38.2672,1.1141,22936395.3758,186635.9812,88
2250,2250.0,dijkstra,43.3135,0.5031,44419.0282,184410.6946,68
2251,2251.0,dijkstra,43.5549,0.1797,41011.6944,235836.6552,69
2252,2252.0,dijkstra,42.5477,0.1797,46017.0479,196250.0577,72
2253,2253.0,dijkstra,44.0353,0.1438,37715.5913,210952.7657,65
2254,2254.0,dijkstra,41.3364,0.2156,39574.7441,280381.5494,75
2255,2255.0,dijkstra,40.742,0.2875,40430.9968,279346.0086,81
2256,2256.0,dijkstra,42.654,0.2156,37939.2028,313107.2604,77
2257,2257.0,dijkstra,43.3771,0.2516,36865.2206,280108.2828,78
2258,2258.0,dijkstra,43.192,0.2516,37385.8024,292785.73,84
2259,2259.0,dijkstra,44.2585,0.2516,36274.7394,342442.5181,85
2260,2260.0,dijkstra,44.1442,0.2875,35809.0616,266253.3564,86
2261,2261.0,dijkstra,44.7506,0.2156,35458.8277,303949.3549,85
2262,2262.0,dijkstra,44.6926,0.2156,35561.4039,242672.2127,85
2263,2263.0,dijkstra,44.5798,0.2156,35975.5789,255628.5463,87
2264,2264.0,dijkstra,44.4558,0.3234,36445.1388,279583.4858,89
2265,2265.0,dijkstra,44.7583,0.2516,36295.1091,221747.4986,87
2266,2266.0,dijkstra,44.4447,0.2875,36837.2889,254123.0823,85
2267,2267.0,dijkstra,44.5913,0.2875,36813.5505,266143.8983,86
2268,2268.0,dijkstra,43.5418,0.3594,37678.7645,212653.3534,87
2269,2269.0,dijkstra,43.7884,0.3594,37543.7493,238458.7364,87
2270,2270.0,dijkstra,44.067,0.4312,37598.1859,249348.8483,86
2271,2271.0,dijkstra,44.0363,0.3953,37843.2507,230060.2081,87
2272,2272.0,dijkstra,43.1169,0.5391,16535940.4721,227415.4815,88
2273,2273.0,dijkstra,43.3754,0.5031,49850.7703,241865.2818,87
2274,2274.0,dijkstra,42.3418,0.575,52306.4279,214055.0169,88
2275,2275.0,dijkstra,42.8134,0.5391,45900.2035,224864.8354,88
2276,2276.0,dijkstra,42.4685,0.575,44500.2415,217715.6351,89
2277,2277.0,dijkstra,42.64,0.5391,43009.7543,231322.7718,90
2278,2278.0,dijkstra,42.283,0.6109,42518.3103,212206.1203,89
2279,2279.0,dijkstra,42.4437,0.6109,42736.5209,215541.8505,89
2280,2280.0,dijkstra,42.1133,0.6469,44185.8271,247494.2994,90
2281,2281.0,dijkstra,42.7572,0.6469,43725.4107,234782.1013,91
2282,2282.0,dijkstra,43.0737,0.7188,43788.0923,275123.2059,92
2283,2283.0,dijkstra,43.3602,0.7188,42841.5487,217560.5618,89
2284,2284.0,dijkstra,42.703,0.7906,43743.3999,219268.9384,88
2285,2285.0,dijkstra,42.845,0.7906,42895.6203,249894.5116,89
2286,2286.0,dijkstra,42.7593,0.8266,43020.8844,246771.0841,90
2287,2287.0,dijkstra,42.2826,0.8266,43049.6259,228228.1916,90
2288,2288.0,dijkstra,41.3003,0.8984,43968.8982,208864.5635,90
2289,2289.0,dijkstra,41.0959,0.8625,51326.6613,211641.0239,86
2290,2290.0,dijkstra,39.1167,0.8984,50127.0258,183630.0358,88
2291,2291.0,dijkstra,39.3449,0.9344,47058.3696,218411.1533,85
2292,2292.0,dijkstra,39.8964,0.9703,47102.7381,201554.6606,81
2293,2293.0,dijkstra,39.8776,0.9703,47001.5956,223569.013,83
2294,2294.0,dijkstra,39.2274,1.0422,65031.3219,217987.8213,87
2295,2295.0,dijkstra,40.8074,0.8266,43891.0559,243947.9944,81
2296,2296.0,dijkstra,41.2189,0.7188,42541.5856,234448.2914,80
2297,2297.0,dijkstra,41.4358,0.7188,44020.9785,233978.0812,78
2298,2298.0,dijkstra,42.0258,0.6828,43274.6502,196865.6682,73
2299,2299.0,dijkstra,41.572,0.6469,45805.4864,217708.7256,77
2300,2300.0,dijkstra,43.7345,0.3953,39839.7515,199526.7559,71
2301,2301.0,dijkstra,43.7737,0.2875,39551.1429,228905.4909,72
2302,2302.0,dijkstra,43.212,0.2875,39630.3919,272041.1702,77
2303,2303.0,dijkstra,44.6662,0.1797,37546.0115,231127.2021,72
2304,2304.0,dijkstra,43.9296,0.2156,37807.5966,226508.1236,74
2305,2305.0,dijkstra,43.2079,0.1797,37666.566,287439.468,79
2306,2306.0,dijkstra,44.1645,0.2156,35702.7906,318600.0044,77
2307,2307.0,dijkstra,44.3329,0.1797,35446.6723,274880.727,78
2308,2308.0,dijkstra,44.6519,0.2516,34919.1482,309567.3208,81
2309,2309.0,dijkstra,45.5599,0.2156,34199.8933,310978.5782,81
2310,2310.0,dijkstra,44.1777,0.2516,35444.8927,287000.0524,84
2311,2311.0,dijkstra,44.8585,0.2156,34909.534,300159.9727,84
2312,2312.0,dijkstra,45.4784,0.2875,34373.3699,283332.7123,83
2313,2313.0,dijkstra,45.9716,0.2516,33832.1124,293050.9779,84
2314,2314.0,dijkstra,46.1747,0.2875,33554.7056,248423.0494,85
2315,2315.0,dijkstra,46.4055,0.2875,33320.9968,240461.881,85
2316,2316.0,dijkstra,46.4481,0.3234,33335.5455,278255.6588,86
2317,2317.0,dijkstra,46.9328,0.2875,32957.7313,255454.4011,84
2318,2318.0,dijkstra,46.6392,0.3234,33365.7913,245702.35,84
2319,2319.0,dijkstra,46.6135,0.2875,33397.4724,242973.7092,84
2320,2320.0,dijkstra,46.0744,0.3234,33758.2834,204821.3998,85
2321,2321.0,dijkstra,45.7722,0.2875,34008.6274,270707.042,84
2322,2322.0,dijkstra,45.8493,0.2875,33977.6049,234649.5066,84
2323,2323.0,dijkstra,45.2123,0.3234,34737.4428,253005.8287,86
2324,2324.0,dijkstra,44.648,0.3594,35628.1287,223323.6294,86
2325,2325.0,dijkstra,44.1093,0.3594,36098.1331,239777.4373,87
2326,2326.0,dijkstra,44.1609,0.4312,36033.6647,215846.7138,87
2327,2327.0,dijkstra,43.9879,0.3953,36226.6128,218560.754,87
2328,2328.0,dijkstra,43.6917,0.5031,36845.6771,255920.8464,89
2329,2329.0,dijkstra,43.8276,0.5031,36703.6232,222931.4735,88
2330,2330.0,dijkstra,42.9137,0.575,37575.0927,246451.5224,88
2331,2331.0,dijkstra,42.6318,0.575,37951.5474,191805.2791,86
2332,2332.0,dijkstra,42.2198,0.6109,38838.5196,206305.5262,83
2333,2333.0,dijkstra,41.9004,0.6109,39600.854,206030.1538,82
2334,2334.0,dijkstra,40.2127,0.6469,43646.126,203851.711,83
2335,2335.0,dijkstra,40.5479,0.6828,42725.7675,215463.8573,82
2336,2336.0,dijkstra,40.5555,0.8266,45256.3653,213689.7897,83
2337,2337.0,dijkstra,40.2711,0.8266,44977.9069,177238.4473,82
2338,2338.0,dijkstra,39.3847,0.8984,46535.4193,163670.5504,78
2339,2339.0,dijkstra,38.7437,0.8625,47498.4842,165396.6642,78
2340,2340.0,dijkstra,41.7397,0.4312,42158.573,143653.4199,65
2341,2341.0,dijkstra,41.4048,0.2156,41392.5396,149861.7406,65
2342,2342.0,dijkstra,40.1485,0.1797,43104.7413,190666.6255,69
2343,2343.0,dijkstra,40.7083,0.1078,42166.2559,158734.2379,61
2344,2344.0,dijkstra,39.85,0.1797,42864.5636,243283.2414,69
2345,2345.0,dijkstra,40.0925,0.2516,44065.0162,249104.9217,71
2346,2346.0,dijkstra,41.2811,0.3594,44623.7436,277511.1182,69
2347,2347.0,dijkstra,41.3646,0.4312,43939.0391,277313.2698,73
2348,2348.0,dijkstra,41.9429,0.4672,44466.2462,269640.0343,72
2349,2349.0,dijkstra,42.7748,0.5031,44836.1372,246124.8272,73
2350,2350.0,dijkstra,43.3813,0.5031,44639.7861,249419.3602,71
2351,2351.0,dijkstra,42.4784,0.5391,46179.265,186541.1439,74
2352,2352.0,dijkstra,42.6867,0.575,45776.2493,254813.8167,77
2353,2353.0,dijkstra,43.0578,0.575,45687.7801,241035.584,77
2354,2354.0,dijkstra,43.0136,0.575,45275.3282,228535.8782,79
2355,2355.0,dijkstra,43.364,0.5391,44371.6965,240328.4029,79
2356,2356.0,dijkstra,43.2132,0.6109,45205.4901,238281.9967,81
2357,2357.0,dijkstra,44.0245,0.5391,43948.8613,248994.7005,78
2358,2358.0,dijkstra,43.6713,0.575,16541778.8079,226823.3634,77
2359,2359.0,dijkstra,43.8542,0.5391,65328.3411,200091.073,77
2360,2360.0,dijkstra,43.9667,0.575,66073.4538,237236.3714,77
2361,2361.0,dijkstra,44.1659,0.5391,123658.4566,185033.6412,76
2362,2362.0,dijkstra,43.869,0.6109,1466825.2986,218307.9463,77
2363,2363.0,dijkstra,43.5459,0.575,16400788.7446,188702.5597,77
2364,2364.0,dijkstra,42.4921,0.6109,16401030.4078,202256.3763,79
2365,2365.0,dijkstra,42.652,0.575,16401137.8865,202590.0077,76
2366,2366.0,dijkstra,42.1611,0.6828,16401433.0246,213630.2305,77
2367,2367.0,dijkstra,42.034,0.6469,16401287.8724,173551.6392,77
2368,2368.0,dijkstra,42.5131,0.7188,16400537.9887,225883.5224,77
2369,2369.0,dijkstra,42.8925,0.6828,91255.9376,210911.5241,77
2370,2370.0,dijkstra,42.2262,0.7188,71891.7421,181130.0666,80
2371,2371.0,dijkstra,42.8449,0.7547,60413.4924,242363.5653,78
2372,2372.0,dijkstra,42.5536,0.7906,50890.7465,216835.9376,81
2373,2373.0,dijkstra,42.456,0.7547,48029.335,206482.1585,79
2374,2374.0,dijkstra,42.6275,0.7547,45721.8018,207851.4287,77
2375,2375.0,dijkstra,43.0113,0.7547,44097.6491,213620.879,75
2376,2376.0,dijkstra,43.2744,0.7906,44286.5456,186740.7303,73
2377,2377.0,dijkstra,43.0212,0.7906,43332.1919,191010.0262,73
2378,2378.0,dijkstra,42.4384,0.8266,43466.4096,190332.6421,73
2379,2379.0,dijkstra,42.1151,0.8266,42840.0884,185368.2609,73
2380,2380.0,dijkstra,41.794,0.8266,42935.664,206673.5249,72
2381,2381.0,dijkstra,41.2553,0.7906,43066.3254,170429.0246,73
2382,2382.0,dijkstra,40.6988,0.8266,43774.5181,205581.3946,73
2383,2383.0,dijkstra,41.4915,0.8266,43596.236,224034.9686,73
2384,2384.0,dijkstra,41.5098,0.9344,45128.2568,205804.8558,72
2385,2385.0,dijkstra,42.5454,0.6828,42497.892,208100.2375,65
2386,2386.0,dijkstra,42.2892,0.5391,42268.323,196961.8185,65
2387,2387.0,dijkstra,42.084,0.3953,41285.6021,208786.0915,67
2388,2388.0,dijkstra,42.5065,0.4312,40844.0433,156238.0243,62
2389,2389.0,dijkstra,41.4436,0.4312,45312.0111,204809.6462,66
2390,2390.0,dijkstra,44.0029,0.2156,36323.8334,190617.6652,59
2391,2391.0,dijkstra,45.0316,0.1438,35087.9024,251048.5561,59
2392,2392.0,dijkstra,43.8117,0.1438,36519.0831,236253.5287,64
2393,2393.0,dijkstra,44.5026,0.1438,35583.3217,208098.3183,65
2394,2394.0,dijkstra,45.1757,0.1797,34629.9612,255175.9768,66
2395,2395.0,dijkstra,45.3586,0.1078,34339.6828,236674.7012,68
2396,2396.0,dijkstra,46.9437,0.0719,32713.397,273969.219,65
2397,2397.0,dijkstra,46.7595,0.1078,33013.0157,233083.3007,67
2398,2398.0,dijkstra,45.9914,0.1078,34186.3879,261344.2413,70
2399,2399.0,dijkstra,46.819,0.1078,33170.5295,226826.0665,68
2400,2400.0,dijkstra,46.3354,0.1438,33714.2109,201247.9675,70
2401,2401.0,dijkstra,46.7877,0.1078,33132.3015,229412.1351,70
2402,2402.0,dijkstra,46.9406,0.1438,32684.0961,232664.094,71
2403,2403.0,dijkstra,47.1382,0.1078,32335.5719,230726.8448,71
2404,2404.0,dijkstra,46.7863,0.1438,32706.4124,227597.7169,71
2405,2405.0,dijkstra,46.67,0.1078,32726.1317,196286.4173,70
2406,2406.0,dijkstra,45.854,0.1797,33740.9942,216176.4218,72
2407,2407.0,dijkstra,46.31,0.1797,33154.1488,201368.3234,71
2408,2408.0,dijkstra,45.4524,0.2156,33891.0752,214883.3678,72
2409,2409.0,dijkstra,45.3368,0.1797,34099.6531,209004.0103,73
2410,2410.0,dijkstra,45.7892,0.2516,33455.6563,227569.3983,73
2411,2411.0,dijkstra,46.3693,0.2156,32927.0196,202112.4308,71
2412,2412.0,dijkstra,46.2328,0.2516,33178.4598,215864.3586,71
2413,2413.0,dijkstra,46.2463,0.2156,33050.1445,197504.9033,72
2414,2414.0,dijkstra,46.0745,0.2516,33164.1547,211999.6446,73
2415,2415.0,dijkstra,45.9756,0.2156,33283.5913,195848.1679,72
2416,2416.0,dijkstra,45.5555,0.2516,33667.3847,213481.6565,73
2417,2417.0,dijkstra,45.3874,0.2156,33991.2134,194117.6751,71
2418,2418.0,dijkstra,45.2879,0.2875,34309.3671,190538.5361,72
2419,2419.0,dijkstra,45.3533,0.2516,34466.4449,185780.7478,71
2420,2420.0,dijkstra,45.4437,0.3594,34663.2273,210144.0627,70
2421,2421.0,dijkstra,45.3733,0.3234,35094.8866,184248.4481,67
2422,2422.0,dijkstra,45.1112,0.3594,38341.7934,190265.5787,67
2423,2423.0,dijkstra,44.9122,0.3594,38992.3435,162326.0318,66
2424,2424.0,dijkstra,44.0873,0.3953,40757.4116,195895.1487,66
2425,2425.0,dijkstra,43.5015,0.3953,40519.4992,162606.9301,65
2426,2426.0,dijkstra,43.5031,0.4312,41100.0358,179198.0102,63
2427,2427.0,dijkstra,42.6466,0.4312,41680.9047,153361.7461,63
2428,2428.0,dijkstra,42.3593,0.5391,42210.8763,187165.7464,62
2429,2429.0,dijkstra,41.9297,0.6109,43019.4416,180285.5247,64
2430,2430.0,dijkstra,44.6358,0.2875,38436.2544,149909.661,54
2431,2431.0,dijkstra,45.2463,0.1438,37758.9576,218606.1502,54
2432,2432.0,dijkstra,43.5862,0.0719,39333.4391,178304.2335,58
2433,2433.0,dijkstra,44.0336,0.1078,38748.1697,188546.1262,59
2434,2434.0,dijkstra,43.7753,0.1078,37965.7358,226215.5395,60
2435,2435.0,dijkstra,44.5192,0.1078,37632.8982,243025.3115,61
2436,2436.0,dijkstra,45.224,0.1797,37626.3646,274920.7282,62
2437,2437.0,dijkstra,45.8705,0.1438,36666.0861,241221.8423,63
2438,2438.0,dijkstra,45.3364,0.2156,38144.1477,252945.2983,67
2439,2439.0,dijkstra,46.266,0.1438,36070.6393,239075.2045,65
2440,2440.0,dijkstra,46.3496,0.1797,36271.236,229513.8069,67
2441,2441.0,dijkstra,46.4898,0.1797,36137.3944,215042.5302,69
2442,2442.0,dijkstra,46.2947,0.2156,35829.2627,220079.4399,70
2443,2443.0,dijkstra,46.2829,0.1797,35469.8381,185137.9322,69
2444,2444.0,dijkstra,46.1226,0.2875,35332.2382,227154.3729,70
2445,2445.0,dijkstra,45.8443,0.2516,35465.86,187210.8775,69
2446,2446.0,dijkstra,46.5108,0.3234,34849.9525,210787.3612,68
2447,2447.0,dijkstra,46.5654,0.2875,34633.5103,174729.3952,68
2448,2448.0,dijkstra,46.6515,0.3234,34516.9806,174965.222,68
2449,2449.0,dijkstra,46.9713,0.3234,34318.243,178188.7535,65
2450,2450.0,dijkstra,46.4878,0.3594,34933.3468,166244.3696,66
2451,2451.0,dijkstra,46.565,0.3234,34819.9506,175515.913,66
2452,2452.0,dijkstra,46.7079,0.3594,34622.5824,193144.2985,66
2453,2453.0,dijkstra,46.1114,0.3953,35290.704,155475.1945,67
2454,2454.0,dijkstra,45.169,0.4312,36229.5237,206817.2372,70
2455,2455.0,dijkstra,45.1956,0.4312,36012.5845,161847.9764,70
2456,2456.0,dijkstra,44.5934,0.4672,36299.3112,188789.6998,71
2457,2457.0,dijkstra,44.5997,0.4312,36350.8912,217469.5332,72
2458,2458.0,dijkstra,44.1127,0.4672,37366.0655,190185.6838,73
2459,2459.0,dijkstra,44.1858,0.4672,37680.9432,199867.0933,72
2460,2460.0,dijkstra,43.9801,0.575,38782.2114,196686.7903,73
2461,2461.0,dijkstra,43.9581,0.5391,40501.8192,168366.8023,72
2462,2462.0,dijkstra,43.4351,0.575,49064.5234,174067.9917,72
2463,2463.0,dijkstra,43.5067,0.575,436334.0247,191101.471,71
2464,2464.0,dijkstra,42.5864,0.6469,833692.7532,162712.5984,72
2465,2465.0,dijkstra,42.9204,0.6109,16538879.3372,197437.2123,72
2466,2466.0,dijkstra,42.5269,0.6828,16539049.2724,171344.3015,72
2467,2467.0,dijkstra,42.337,0.6469,16539145.9304,184457.6877,72
2468,2468.0,dijkstra,41.934,0.6828,16540168.7485,173002.8902,72
2469,2469.0,dijkstra,41.6451,0.6469,16540794.5075,186316.2353,70
2470,2470.0,dijkstra,40.3767,0.7188,16542767.9866,187871.6214,71
2471,2471.0,dijkstra,40.0605,0.7188,16543833.2925,196853.3627,71
2472,2472.0,dijkstra,39.3956,0.7906,16544742.8526,161375.5181,72
2473,2473.0,dijkstra,39.3982,0.8625,16544881.8919,199518.7208,72
2474,2474.0,dijkstra,39.1558,0.8984,16544271.5077,181527.7044,73
2475,2475.0,dijkstra,40.2659,0.7188,16540687.1332,191688.4499,68
2476,2476.0,dijkstra,40.5897,0.6469,16540817.6738,173096.9722,65
2477,2477.0,dijkstra,40.0924,0.6469,16541637.1187,150541.1053,66
2478,2478.0,dijkstra,39.8666,0.7547,16543055.7432,158249.0514,67
2479,2479.0,dijkstra,39.5508,0.7906,16544183.1679,218419.3358,71
2480,2480.0,dijkstra,42.2215,0.575,41091.2901,194065.3452,62
2481,2481.0,dijkstra,43.1561,0.3594,39804.9997,199243.1056,62
2482,2482.0,dijkstra,42.5067,0.2516,39856.4169,213456.43,67
2483,2483.0,dijkstra,43.7797,0.1797,37366.0008,243233.5819,63
2484,2484.0,dijkstra,42.883,0.2156,38108.1493,230507.2976,70
2485,2485.0,dijkstra,42.9518,0.2156,101524.9322,265159.9135,70
2486,2486.0,dijkstra,42.3754,0.2516,40901.4088,255265.9153,71
2487,2487.0,dijkstra,42.7703,0.2156,38470.5595,267187.5067,73
2488,2488.0,dijkstra,43.2781,0.2156,54704.0444,272391.1232,74
2489,2489.0,dijkstra,43.2735,0.2156,61143.0438,219955.3744,76
2490,2490.0,dijkstra,42.9901,0.2875,4283396.6184,282059.2681,78
2491,2491.0,dijkstra,43.7729,0.2875,6550959.7062,280262.6422,77
2492,2492.0,dijkstra,43.4862,0.3234,6551023.0683,251837.0278,78
2493,2493.0,dijkstra,43.8059,0.2875,6550938.3489,230907.2399,77
2494,2494.0,dijkstra,43.6731,0.3234,6551125.7539,247223.5127,78
2495,2495.0,dijkstra,43.5741,0.2875,6551467.4514,207993.1162,79
2496,2496.0,dijkstra,44.3552,0.2875,6550748.5841,270500.5199,78
2497,2497.0,dijkstra,43.2289,0.3234,6551820.5917,185016.3592,79
2498,2498.0,dijkstra,44.3061,0.3234,6550926.5464,254786.9274,78
2499,2499.0,dijkstra,44.2121,0.2875,6550893.6256,229119.9442,80
2500,2500.0,dijkstra,43.291,0.3594,6552290.9938,188259.5624,82
2501,2501.0,dijkstra,43.9472,0.3594,6551362.8681,270515.0427,82
2502,2502.0,dijkstra,44.2769,0.3594,6551137.9676,226577.6328,81
2503,2503.0,dijkstra,43.7101,0.3234,6553444.1919,244322.0936,81
2504,2504.0,dijkstra,43.2122,0.3594,6552898.3721,223572.6137,81
2505,2505.0,dijkstra,43.6167,0.3234,6551649.6273,216398.9069,82
2506,2506.0,dijkstra,42.6739,0.3953,6552880.2305,212846.5759,83
2507,2507.0,dijkstra,42.4838,0.3594,6552706.4414,233759.5312,81
2508,2508.0,dijkstra,42.3487,0.4672,6552477.422,231614.7782,80
2509,2509.0,dijkstra,41.9793,0.4672,6552659.4131,220081.0305,81
2510,2510.0,dijkstra,40.7477,0.5031,6554818.6587,202131.0299,83
2511,2511.0,dijkstra,40.4255,0.5031,6554698.0697,168251.1875,81
2512,2512.0,dijkstra,39.5659,0.5391,6556213.8254,212322.8165,82
2513,2513.0,dijkstra,39.92,0.575,6556574.2282,215809.312,80
2514,2514.0,dijkstra,39.5429,0.6469,6558495.4739,205865.9445,78
2515,2515.0,dijkstra,39.0725,0.7188,6559150.4438,200273.3773,78
2516,2516.0,dijkstra,39.2319,0.7188,6558957.276,197957.8178,78
2517,2517.0,dijkstra,39.1173,0.7547,6558904.4103,163908.7647,78
2518,2518.0,dijkstra,38.6321,0.8266,6558893.2614,190786.4062,79
2519,2519.0,dijkstra,38.5909,0.8984,6559253.5739,172602.6973,78
2520,2520.0,dijkstra,43.2316,0.3953,37267.1679,141556.0213,62
2521,2521.0,dijkstra,43.2145,0.1438,37609.681,149044.081,59
2522,2522.0,dijkstra,41.8184,0.1078,39542.4552,188761.2949,63
2523,2523.0,dijkstra,41.7851,0.2156,40493.3949,164251.3672,64
2524,2524.0,dijkstra,41.2117,0.2516,41570.0723,232954.8665,71
2525,2525.0,dijkstra,40.8412,0.3234,42236.5674,266156.5693,77
2526,2526.0,dijkstra,42.4044,0.3953,40301.5492,292999.1132,73
2527,2527.0,dijkstra,43.1404,0.4672,39136.6735,275187.9576,76
2528,2528.0,dijkstra,42.5618,0.5031,39513.1218,280476.9555,80
2529,2529.0,dijkstra,43.8241,0.3953,37962.1136,279683.7935,81
2530,2530.0,dijkstra,43.9937,0.4672,37196.8983,265031.8108,82
2531,2531.0,dijkstra,44.6655,0.4312,36500.7793,265899.8921,81
2532,2532.0,dijkstra,44.988,0.4672,36343.548,252821.5976,81
2533,2533.0,dijkstra,45.0666,0.4312,36351.1885,219667.0552,83
2534,2534.0,dijkstra,44.8347,0.4672,36764.9881,212101.3567,85
2535,2535.0,dijkstra,44.9715,0.4312,36753.0381,287458.315,84
2536,2536.0,dijkstra,44.4512,0.5031,37458.7274,203506.7167,85
2537,2537.0,dijkstra,43.9845,0.4672,37593.92,198377.1372,86
2538,2538.0,dijkstra,43.8862,0.5031,37784.3736,221625.8125,85
2539,2539.0,dijkstra,44.4821,0.4672,38199.6217,241300.7027,84
2540,2540.0,dijkstra,44.4033,0.5031,37682.7756,256900.4584,86
2541,2541.0,dijkstra,44.6847,0.4672,37232.2131,216310.4403,85
2542,2542.0,dijkstra,44.7502,0.5031,36992.4243,258622.4615,86
2543,2543.0,dijkstra,45.5134,0.5391,36302.2349,226849.7823,83
2544,2544.0,dijkstra,44.5382,0.575,36849.1019,231671.3152,84
2545,2545.0,dijkstra,44.9723,0.5391,36418.1769,262081.2325,84
2546,2546.0,dijkstra,44.7136,0.575,36791.1998,224260.5154,85
2547,2547.0,dijkstra,44.5328,0.6109,37078.4063,229243.5576,85
2548,2548.0,dijkstra,43.7925,0.6109,38660.5216,228504.2868,86
2549,2549.0,dijkstra,43.8377,0.575,38301.6415,231901.2916,87
2550,2550.0,dijkstra,43.8948,0.6109,38051.3569,223573.7185,86
2551,2551.0,dijkstra,43.8928,0.575,38526.0095,230319.7606,86
2552,2552.0,dijkstra,43.5372,0.6109,39392.7043,222485.7445,85
2553,2553.0,dijkstra,43.7815,0.575,39499.8096,218491.9289,84
2554,2554.0,dijkstra,42.6713,0.6109,41233.0029,200777.9173,87
2555,2555.0,dijkstra,42.9704,0.6109,41237.3262,246109.9929,85
2556,2556.0,dijkstra,42.8107,0.7188,41384.0513,209877.1163,84
2557,2557.0,dijkstra,42.3209,0.7547,42008.2907,211014.1922,84
2558,2558.0,dijkstra,41.6395,0.7906,43088.2558,230063.1421,85
2559,2559.0,dijkstra,41.7043,0.7547,43207.545,188137.4945,83
2560,2560.0,dijkstra,41.3907,0.7906,45020.1098,223117.5399,79
2561,2561.0,dijkstra,41.6848,0.8984,45046.1435,252601.7077,83
2562,2562.0,dijkstra,41.6002,0.9344,44676.5306,187754.5649,82
2563,2563.0,dijkstra,41.4548,0.9344,45725.447,247787.1616,81
2564,2564.0,dijkstra,41.5093,1.0062,45796.2288,204944.3077,80
2565,2565.0,dijkstra,41.7326,0.8266,43940.5562,198786.9319,75
2566,2566.0,dijkstra,40.7721,0.6828,44460.6504,178288.3148,78
2567,2567.0,dijkstra,40.5821,0.5391,46334.6931,188651.4052,75
2568,2568.0,dijkstra,40.5521,0.5391,1693232.9649,204925.4706,72
2569,2569.0,dijkstra,40.2417,0.5391,3538352.724,176762.4189,72
2570,2570.0,dijkstra,40.9996,0.3234,6558160.2528,200220.3053,69
2571,2571.0,dijkstra,41.2879,0.1797,6557527.9873,233402.9722,69
2572,2572.0,dijkstra,41.125,0.3234,6557057.3319,251977.5258,72
2573,2573.0,dijkstra,41.9391,0.3234,6555931.7872,211418.6231,71
2574,2574.0,dijkstra,42.03,0.3594,6555019.3306,282152.3003,75
2575,2575.0,dijkstra,42.781,0.3234,6553580.0992,294954.2811,77
2576,2576.0,dijkstra,43.1128,0.3594,6552792.3294,296297.2562,79
2577,2577.0,dijkstra,44.0022,0.2875,6551613.2514,319519.652,80
2578,2578.0,dijkstra,44.5112,0.2875,6551068.5523,286357.9109,82
2579,2579.0,dijkstra,45.5177,0.2516,6549984.1222,308121.4131,80
2580,2580.0,dijkstra,45.3175,0.2875,6550108.2184,283596.2778,84
2581,2581.0,dijkstra,45.5428,0.2875,6549903.3538,233847.2052,84
2582,2582.0,dijkstra,45.1842,0.3234,6550724.2195,238637.2094,84
2583,2583.0,dijkstra,45.467,0.2875,6550264.6475,258771.2862,85
2584,2584.0,dijkstra,44.7493,0.3234,6550461.1175,218351.2937,83
2585,2585.0,dijkstra,44.7108,0.2516,6550494.8643,216102.5087,83
2586,2586.0,dijkstra,44.0445,0.2875,6551310.9551,219191.7379,86
2587,2587.0,dijkstra,44.3658,0.2516,6551054.3453,249973.5504,85
2588,2588.0,dijkstra,44.2871,0.2875,6552202.5244,275094.1051,85
2589,2589.0,dijkstra,44.3308,0.3234,6552646.9406,216748.8895,85
2590,2590.0,dijkstra,44.4603,0.3953,6552608.9983,277864.1969,85
2591,2591.0,dijkstra,44.0085,0.3953,6553039.4432,197606.5008,87
2592,2592.0,dijkstra,44.325,0.4312,6553233.8718,258173.7754,87
2593,2593.0,dijkstra,44.2753,0.3953,6553241.5622,236763.9914,88
2594,2594.0,dijkstra,44.262,0.5391,6553369.3566,231961.8375,89
2595,2595.0,dijkstra,44.0188,0.5031,6553621.479,207369.3132,88
2596,2596.0,dijkstra,43.6715,0.575,6553879.6716,258726.1981,88
2597,2597.0,dijkstra,43.9038,0.5391,6553455.8145,232408.1015,87
2598,2598.0,dijkstra,43.2449,0.575,6553982.4076,224582.1739,85
2599,2599.0,dijkstra,43.1613,0.575,6553940.2445,199308.451,84
2600,2600.0,dijkstra,42.8226,0.6109,6554365.3564,191165.5095,86
2601,2601.0,dijkstra,42.5508,0.6109,6554626.4303,226711.8234,87
2602,2602.0,dijkstra,42.3066,0.6828,6554670.4358,213491.1138,87
2603,2603.0,dijkstra,42.0551,0.7188,6555021.8294,207196.8017,87
2604,2604.0,dijkstra,41.3149,0.7906,6556582.9457,211120.7401,85
2605,2605.0,dijkstra,40.9559,0.7906,6557310.683,201005.946,86
2606,2606.0,dijkstra,40.5961,0.7906,6558376.5228,172853.2896,83
2607,2607.0,dijkstra,40.0402,0.8625,6559448.9441,183372.7124,84
2608,2608.0,dijkstra,38.5127,0.9344,6561234.9777,172883.3423,87
2609,2609.0,dijkstra,37.838,1.0422,6562600.9905,207838.0823,87
2610,2610.0,dijkstra,41.8336,0.4312,40797.4913,142623.0198,69
2611,2611.0,dijkstra,41.0825,0.2875,42764.222,133791.5694,69
2612,2612.0,dijkstra,39.1219,0.3594,47704.5511,178154.5491,75
2613,2613.0,dijkstra,39.0525,0.3594,48101.4311,182790.657,70
2614,2614.0,dijkstra,37.1096,0.4672,48844.9512,261977.5028,78
2615,2615.0,dijkstra,37.4154,0.5391,48469.2234,282707.8988,81
2616,2616.0,dijkstra,38.8275,0.6109,46588.7557,345240.5827,80
2617,2617.0,dijkstra,39.2331,0.5391,45758.3258,317608.2213,82
2618,2618.0,dijkstra,40.2931,0.575,44395.0342,316022.633,81
2619,2619.0,dijkstra,41.2266,0.5391,42974.5284,296958.0957,81
2620,2620.0,dijkstra,40.5223,0.575,43033.7156,263947.9613,83
2621,2621.0,dijkstra,41.5064,0.5391,42073.2118,220114.9006,79
2622,2622.0,dijkstra,41.5676,0.5391,42508.0197,251753.5889,80
2623,2623.0,dijkstra,41.4177,0.5391,44791.3905,197810.5082,81
2624,2624.0,dijkstra,41.1531,0.575,45246.0403,279166.6156,83
2625,2625.0,dijkstra,41.4927,0.575,43305.7653,233833.4854,81
2626,2626.0,dijkstra,41.0452,0.575,42905.2798,243460.1733,82
2627,2627.0,dijkstra,41.5654,0.5391,42672.4522,230119.0176,81
2628,2628.0,dijkstra,41.0153,0.6109,43058.0712,191691.1394,82
2629,2629.0,dijkstra,41.5638,0.575,42573.7211,242415.7015,82
2630,2630.0,dijkstra,41.6862,0.6109,41953.6537,256134.0502,82
2631,2631.0,dijkstra,42.0033,0.575,42076.025,218051.7675,83
2632,2632.0,dijkstra,42.2207,0.6109,41809.4921,249653.9757,84
2633,2633.0,dijkstra,42.769,0.575,41498.5692,262282.8738,84
2634,2634.0,dijkstra,42.8801,0.6109,41334.8549,239172.1389,84
2635,2635.0,dijkstra,43.2836,0.575,40289.5062,224859.0579,84
2636,2636.0,dijkstra,43.5031,0.575,39958.1854,207013.5085,82
2637,2637.0,dijkstra,43.5028,0.6109,40625.1622,207148.7281,81
2638,2638.0,dijkstra,42.9339,0.6109,41619.8776,218519.7151,84
2639,2639.0,dijkstra,42.3101,0.575,42542.3138,214678.0679,86
2640,2640.0,dijkstra,42.2359,0.575,43212.8166,210891.4689,86
2641,2641.0,dijkstra,42.0768,0.6109,44800.0676,194079.0165,84
2642,2642.0,dijkstra,41.7988,0.6109,47824.6715,223273.7569,84
2643,2643.0,dijkstra,41.137,0.6469,52416.6741,189974.6515,83
2644,2644.0,dijkstra,41.4996,0.7547,55785.3122,205511.3594,83
2645,2645.0,dijkstra,41.8323,0.7547,56600.7364,205787.062,81
2646,2646.0,dijkstra,41.2504,0.8266,53717.6056,189863.7914,79
2647,2647.0,dijkstra,40.6461,0.7906,52583.765,189779.3292,82
2648,2648.0,dijkstra,40.4202,0.8266,50134.8237,236777.0179,85
2649,2649.0,dijkstra,40.8618,0.7906,48984.979,218785.1851,83
2650,2650.0,dijkstra,40.8466,0.7906,50344.9482,211038.702,84
2651,2651.0,dijkstra,40.4508,0.8625,51910.0141,219475.1483,84
2652,2652.0,dijkstra,40.3534,0.8984,55558.7795,224389.1137,84
2653,2653.0,dijkstra,40.3701,0.8984,56820.704,199049.414,84
2654,2654.0,dijkstra,39.6833,0.9703,64223.0106,224001.588,83
2655,2655.0,dijkstra,40.0004,0.7906,71831.6708,186488.0952,76
2656,2656.0,dijkstra,40.4626,0.6828,135664.58,218959.5879,77
2657,2657.0,dijkstra,39.9635,0.6828,161676.1335,187482.8782,76
2658,2658.0,dijkstra,40.1671,0.7188,477507.0359,211333.217,75
2659,2659.0,dijkstra,40.2176,0.8266,5108142.9517,172193.1561,75
2660,2660.0,dijkstra,41.2626,0.575,45630.507,188561.7874,69
2661,2661.0,dijkstra,41.585,0.4672,44078.2936,220528.257,69
2662,2662.0,dijkstra,41.3832,0.3594,42927.761,249008.441,74
2663,2663.0,dijkstra,42.1651,0.2516,41432.3062,216818.006,72
2664,2664.0,dijkstra,43.5031,0.2156,38708.8742,257036.3593,69
2665,2665.0,dijkstra,43.1069,0.2156,38200.9208,276164.9262,76
2666,2666.0,dijkstra,44.3067,0.2516,36193.4446,285343.506,72
2667,2667.0,dijkstra,45.483,0.2516,34831.1884,291548.1361,74
2668,2668.0,dijkstra,45.6886,0.2875,34705.0872,320684.1777,78
2669,2669.0,dijkstra,46.5844,0.2516,33619.385,287102.3441,78
2670,2670.0,dijkstra,46.9233,0.3234,33574.1615,337337.1755,80
2671,2671.0,dijkstra,47.2791,0.2875,33086.4009,258153.2054,81
2672,2672.0,dijkstra,46.4039,0.3234,34352.3749,220566.4888,82
2673,2673.0,dijkstra,46.7317,0.2875,33855.7984,263898.8088,81
2674,2674.0,dijkstra,46.548,0.3234,33927.5447,215162.6667,82
2675,2675.0,dijkstra,46.3407,0.2875,34124.6229,226374.4525,83
2676,2676.0,dijkstra,46.1863,0.3953,34371.1316,238700.0701,83
2677,2677.0,dijkstra,46.9088,0.3594,33545.6745,198263.8976,79
2678,2678.0,dijkstra,45.8871,0.3594,35374.9378,236081.1015,81
2679,2679.0,dijkstra,45.7345,0.3234,35394.7078,238211.3146,79
2680,2680.0,dijkstra,45.2858,0.3953,35824.1432,214035.1483,79
2681,2681.0,dijkstra,45.615,0.3594,35322.7767,207185.0957,78
2682,2682.0,dijkstra,45.5865,0.4312,35467.009,207550.3612,78
2683,2683.0,dijkstra,45.7482,0.4312,35322.7936,174399.1015,76
2684,2684.0,dijkstra,45.211,0.4672,36310.5717,219512.5446,77
2685,2685.0,dijkstra,45.2691,0.4672,36102.4631,222891.1222,79
2686,2686.0,dijkstra,45.2487,0.5031,36544.2681,221361.8663,78
2687,2687.0,dijkstra,45.199,0.5031,36478.3826,192814.3881,79
2688,2688.0,dijkstra,44.7933,0.5391,36973.7241,191426.5168,80
2689,2689.0,dijkstra,45.3233,0.5031,36608.0199,183434.1936,78
2690,2690.0,dijkstra,44.6979,0.575,37391.241,193954.5241,79
2691,2691.0,dijkstra,45.2703,0.5391,36883.475,204204.19,78
2692,2692.0,dijkstra,44.1059,0.575,38735.4243,198788.2256,79
2693,2693.0,dijkstra,43.927,0.575,39537.7854,178741.5918,80
2694,2694.0,dijkstra,43.9015,0.6469,40428.2335,224249.4506,79
2695,2695.0,dijkstra,43.7494,0.6469,40897.7413,182934.5533,78
2696,2696.0,dijkstra,43.3278,0.7547,41880.9094,221335.5278,79
2697,2697.0,dijkstra,42.8872,0.8266,41440.1635,167768.0194,81
2698,2698.0,dijkstra,42.6286,0.8266,43046.9425,185928.1239,80
2699,2699.0,dijkstra,41.899,0.8984,45725.3859,166519.1478,81
2700,2700.0,dijkstra,42.3318,0.6109,42865.8721,156396.8333,70
2701,2701.0,dijkstra,42.5996,0.4312,42383.3081,173580.4994,68
2702,2702.0,dijkstra,41.1815,0.3594,43580.5561,212455.3787,75
2703,2703.0,dijkstra,42.4827,0.2156,40672.0789,199004.1245,68
2704,2704.0,dijkstra,41.7411,0.2156,41416.7712,232725.5987,71
2705,2705.0,dijkstra,41.9622,0.1797,41083.3395,260586.131,78
2706,2706.0,dijkstra,42.3097,0.2516,40118.3541,323973.3586,78
2707,2707.0,dijkstra,43.2186,0.2516,38899.2208,312675.8332,79
2708,2708.0,dijkstra,44.067,0.2875,37748.7376,333611.8628,80
2709,2709.0,dijkstra,44.8308,0.2516,36962.8351,302167.5964,80
2710,2710.0,dijkstra,44.796,0.2875,36963.0324,249692.4978,80
2711,2711.0,dijkstra,44.8753,0.2875,37133.0817,251913.6202,83
2712,2712.0,dijkstra,44.8827,0.2875,36689.6771,244770.4796,83
2713,2713.0,dijkstra,45.2244,0.2875,36162.0015,249818.2602,83
2714,2714.0,dijkstra,44.6866,0.3234,36990.5336,244543.9905,83
2715,2715.0,dijkstra,44.408,0.2875,37318.6467,195054.3633,80
2716,2716.0,dijkstra,44.2234,0.3594,37786.2244,249536.4717,80
2717,2717.0,dijkstra,44.368,0.3594,38075.0904,222884.8035,80
2718,2718.0,dijkstra,44.892,0.3594,37786.2482,238167.0183,79
2719,2719.0,dijkstra,44.6627,0.4312,38696.7534,245355.935,81
2720,2720.0,dijkstra,44.5867,0.4312,38909.6043,203639.8588,82
2721,2721.0,dijkstra,43.9099,0.3953,39863.312,201472.7196,82
2722,2722.0,dijkstra,43.8306,0.4312,40413.7195,234753.458,82
2723,2723.0,dijkstra,43.9707,0.4672,40160.7166,224919.9705,81
2724,2724.0,dijkstra,44.1234,0.5391,39937.5388,189841.5524,81
2725,2725.0,dijkstra,44.2961,0.5031,40591.018,243078.1116,83
2726,2726.0,dijkstra,43.3995,0.5391,44414.3789,207425.0343,85
2727,2727.0,dijkstra,43.5079,0.5031,45005.8721,224667.3168,82
2728,2728.0,dijkstra,42.0846,0.5391,47163.8151,206003.4038,82
2729,2729.0,dijkstra,42.0878,0.5391,48809.8855,208236.301,82
2730,2730.0,dijkstra,42.8525,0.575,45920.9261,234521.7768,82
2731,2731.0,dijkstra,43.484,0.575,44826.5612,197398.5782,78
2732,2732.0,dijkstra,43.5995,0.6469,45042.3374,217993.7556,80
2733,2733.0,dijkstra,43.5761,0.6109,44419.8925,221383.6655,82
2734,2734.0,dijkstra,43.4821,0.6469,44104.3741,190564.3946,82
2735,2735.0,dijkstra,43.2662,0.6109,44231.5367,215272.4392,82
2736,2736.0,dijkstra,42.4663,0.6469,47496.0764,206280.7955,81
2737,2737.0,dijkstra,41.9739,0.6469,54483.9379,191584.1811,79
2738,2738.0,dijkstra,41.6225,0.6828,72643.3429,204473.3863,81
2739,2739.0,dijkstra,41.7056,0.6469,83205.1755,219779.8191,82
2740,2740.0,dijkstra,41.5234,0.7188,67216.9657,209452.603,81
2741,2741.0,dijkstra,41.7694,0.7547,58684.0111,221998.011,79
2742,2742.0,dijkstra,41.3219,0.7906,53846.8611,227998.7324,80
2743,2743.0,dijkstra,41.2991,0.7906,50687.7769,223163.3666,78
2744,2744.0,dijkstra,40.6728,0.8625,49232.5547,187630.3489,79
2745,2745.0,dijkstra,41.3425,0.6828,40724.0284,192099.4195,74
2746,2746.0,dijkstra,40.438,0.7188,41839.785,212697.0951,76
2747,2747.0,dijkstra,40.479,0.6109,41712.3599,269813.5351,79
2748,2748.0,dijkstra,41.7971,0.6109,39973.0335,225041.4331,72
2749,2749.0,dijkstra,41.6266,0.6828,40065.8816,211798.873,73
2750,2750.0,dijkstra,42.3041,0.575,38105.1378,194901.5274,69
2751,2751.0,dijkstra,43.2576,0.3953,36944.4304,247795.6199,68
2752,2752.0,dijkstra,42.9725,0.3594,37035.3067,211836.367,72
2753,2753.0,dijkstra,44.1428,0.3594,35603.4957,238391.3597,69
2754,2754.0,dijkstra,44.3821,0.3953,35526.0638,251790.215,70
2755,2755.0,dijkstra,44.6744,0.3953,35192.0275,242649.8503,72
2756,2756.0,dijkstra,44.5073,0.4672,35458.7345,255627.6937,74
2757,2757.0,dijkstra,44.898,0.4312,35094.5065,248991.4653,74
2758,2758.0,dijkstra,44.3312,0.4672,36160.9099,260710.4358,76
2759,2759.0,dijkstra,44.6456,0.4672,35702.5741,245452.8796,77
2760,2760.0,dijkstra,44.0588,0.5391,36675.093,201073.5004,78
2761,2761.0,dijkstra,44.4384,0.5031,35988.4884,244505.8597,78
2762,2762.0,dijkstra,44.14,0.5391,36349.7679,210361.9466,78
2763,2763.0,dijkstra,44.3748,0.5391,35988.3418,200641.2575,77
2764,2764.0,dijkstra,43.5185,0.575,36439.0868,215050.4239,77
2765,2765.0,dijkstra,43.8795,0.575,36155.9913,243970.7398,77
2766,2766.0,dijkstra,43.5541,0.6469,36330.9888,239510.3652,79
2767,2767.0,dijkstra,43.7793,0.6109,36016.8877,204765.7494,78
2768,2768.0,dijkstra,43.6393,0.6469,36222.7113,206215.9145,77
2769,2769.0,dijkstra,43.8816,0.6109,36012.3916,231070.2374,77
2770,2770.0,dijkstra,43.6752,0.6109,36427.9959,209953.8227,75
2771,2771.0,dijkstra,43.5404,0.6109,36644.38,204490.7551,77
2772,2772.0,dijkstra,42.7608,0.6828,37874.3291,204882.9797,78
2773,2773.0,dijkstra,42.5006,0.6828,41039.7892,199380.553,80
2774,2774.0,dijkstra,41.9034,0.7188,131841.5289,232208.5022,82
2775,2775.0,dijkstra,41.9291,0.7188,207470.4245,235934.5244,83
2776,2776.0,dijkstra,41.3255,0.7906,710718.9247,253671.0311,84
2777,2777.0,dijkstra,41.7801,0.7906,1027913.5747,222637.7533,82
2778,2778.0,dijkstra,41.1959,0.8266,6556227.2992,203409.7153,82
2779,2779.0,dijkstra,41.4043,0.8266,6556265.4859,218561.8339,82
2780,2780.0,dijkstra,41.457,0.9703,6556609.1766,227648.1375,83
2781,2781.0,dijkstra,41.2336,0.9703,49034.782,209555.783,82
2782,2782.0,dijkstra,40.2933,1.0062,47136.3332,166476.775,82
2783,2783.0,dijkstra,39.4906,1.0062,47637.1037,185242.8577,81
2784,2784.0,dijkstra,39.5964,1.0422,48155.7579,182087.9491,80
2785,2785.0,dijkstra,39.3347,1.15,53280.8456,157211.07,80
2786,2786.0,dijkstra,38.496,1.2938,405574.8278,206069.7041,81
2787,2787.0,dijkstra,38.9428,1.2938,597983.4526,209228.2058,82
2788,2788.0,dijkstra,38.669,1.3297,6564135.8709,195902.8076,84
2789,2789.0,dijkstra,38.3579,1.2938,6564626.06,189584.5515,85
2790,2790.0,dijkstra,44.269,0.6828,37294.2284,190937.3651,66
2791,2791.0,dijkstra,44.4242,0.3594,37168.5962,196658.6766,66
2792,2792.0,dijkstra,43.5065,0.1797,37763.7505,237666.8194,70
2793,2793.0,dijkstra,43.7596,0.1797,36869.1788,209218.0158,68
2794,2794.0,dijkstra,41.7807,0.1438,39085.4412,270455.2266,77
2795,2795.0,dijkstra,41.3327,0.2156,40241.9645,286681.74,84
2796,2796.0,dijkstra,42.8679,0.2875,38933.3043,296312.2185,80
2797,2797.0,dijkstra,42.8448,0.3234,39225.0334,298764.0386,84
2798,2798.0,dijkstra,43.0079,0.3594,38684.4108,299558.8166,81
2799,2799.0,dijkstra,43.2841,0.3234,38588.4798,247097.9556,80
2800,2800.0,dijkstra,42.9434,0.3234,39075.0204,291034.7352,85
2801,2801.0,dijkstra,43.269,0.2875,39009.4882,311927.4113,85
2802,2802.0,dijkstra,42.6697,0.3234,40507.3041,257215.1847,84
2803,2803.0,dijkstra,43.217,0.2875,40669.6471,289755.1913,86
2804,2804.0,dijkstra,43.2433,0.3953,41615.798,266348.9482,88
2805,2805.0,dijkstra,43.6061,0.3953,42082.1999,294980.9205,87
2806,2806.0,dijkstra,44.0548,0.4312,41979.9299,257168.6282,85
2807,2807.0,dijkstra,44.2502,0.4672,42003.4214,243802.135,85
2808,2808.0,dijkstra,44.4079,0.4672,42574.5361,263258.018,85
2809,2809.0,dijkstra,44.1636,0.4312,42777.8221,220541.3034,85
2810,2810.0,dijkstra,44.0286,0.4672,43357.1318,237952.2371,85
2811,2811.0,dijkstra,43.4514,0.4312,55994.7474,246282.1142,86
2812,2812.0,dijkstra,43.0704,0.4672,60687.9247,222455.1346,86
2813,2813.0,dijkstra,43.2127,0.4312,127008.6218,248951.0792,87
2814,2814.0,dijkstra,43.1321,0.4672,16969532.0011,259973.3256,87
2815,2815.0,dijkstra,43.3334,0.4672,1136882.6081,220901.2692,86
2816,2816.0,dijkstra,42.622,0.5031,7035353.0563,205222.8605,89
2817,2817.0,dijkstra,42.8727,0.4672,16400629.5846,247389.3318,90
2818,2818.0,dijkstra,43.1164,0.5391,16399472.8187,241033.9644,89
2819,2819.0,dijkstra,43.2635,0.5031,74506.2798,234856.9458,90
2820,2820.0,dijkstra,42.8547,0.5391,58923.6927,239030.2762,92
2821,2821.0,dijkstra,43.2988,0.5391,52873.1635,246062.8293,89
2822,2822.0,dijkstra,43.4256,0.5391,49960.6196,208771.4306,88
2823,2823.0,dijkstra,42.626,0.575,48830.9233,228489.5954,89
2824,2824.0,dijkstra,42.146,0.6828,47963.4221,242251.252,90
2825,2825.0,dijkstra,42.57,0.6109,46622.3227,236322.5188,85
2826,2826.0,dijkstra,42.3583,0.6469,46560.6774,226579.7372,87
2827,2827.0,dijkstra,42.1538,0.6109,45506.3743,260385.4259,87
2828,2828.0,dijkstra,41.1653,0.6469,46447.8786,218663.0419,90
2829,2829.0,dijkstra,40.4466,0.6469,47177.9637,209202.0832,90
2830,2830.0,dijkstra,40.4197,0.7188,47782.3773,258594.0229,89
2831,2831.0,dijkstra,40.3712,0.7188,49077.5856,207623.4106,88
2832,2832.0,dijkstra,39.6698,0.8625,52714.3321,235132.4855,88
2833,2833.0,dijkstra,39.8967,0.8266,53075.065,218744.1825,86
2834,2834.0,dijkstra,38.7729,0.9344,54821.0409,215603.3844,87
2835,2835.0,dijkstra,39.2435,0.7188,50293.7615,200562.0082,80
2836,2836.0,dijkstra,39.2023,0.6469,48770.0029,220619.0059,79
2837,2837.0,dijkstra,39.6318,0.575,46947.068,240116.6381,77
2838,2838.0,dijkstra,38.7834,0.6469,47343.4785,180180.0118,74
2839,2839.0,dijkstra,39.0492,0.6469,47102.1477,227571.1502,77
2840,2840.0,dijkstra,41.6359,0.4672,43200.0182,244024.6204,73
2841,2841.0,dijkstra,42.258,0.3594,40994.1249,259028.1404,74
2842,2842.0,dijkstra,41.9333,0.3953,40451.5221,267697.829,79
2843,2843.0,dijkstra,42.5324,0.3234,39307.9979,268081.2146,79
2844,2844.0,dijkstra,44.0061,0.3234,37269.0676,280901.3657,82
2845,2845.0,dijkstra,45.1451,0.3234,35680.1447,275984.7592,81
2846,2846.0,dijkstra,45.2388,0.3594,35422.9884,292402.9962,85
2847,2847.0,dijkstra,45.8894,0.3953,35029.1239,321739.9304,84
2848,2848.0,dijkstra,46.4548,0.3953,34605.3195,293335.8334,83
2849,2849.0,dijkstra,46.5004,0.3594,34683.3946,257980.331,85
2850,2850.0,dijkstra,46.4312,0.4312,34971.0101,279112.5583,87
2851,2851.0,dijkstra,46.3583,0.4312,35329.3125,271107.6357,89
2852,2852.0,dijkstra,46.2325,0.4312,35434.2346,223233.0997,86
2853,2853.0,dijkstra,46.1167,0.4672,35364.7924,244755.0236,87
2854,2854.0,dijkstra,45.352,0.5391,36163.78,286829.528,89
2855,2855.0,dijkstra,44.9836,0.4672,36009.318,246704.4806,90
2856,2856.0,dijkstra,44.3248,0.5031,36034.4642,276386.2267,90
2857,2857.0,dijkstra,44.2136,0.5031,35957.2856,229488.6764,89
2858,2858.0,dijkstra,44.6242,0.5031,35500.218,241845.2442,87
2859,2859.0,dijkstra,44.4847,0.5391,35749.8992,235106.1876,88
2860,2860.0,dijkstra,44.2105,0.6109,35871.3881,239295.4579,89
2861,2861.0,dijkstra,44.2742,0.6469,35905.8001,229226.0458,90
2862,2862.0,dijkstra,43.9261,0.6469,36437.7763,228406.9355,91
2863,2863.0,dijkstra,44.0937,0.6469,36589.0216,279027.5657,92
2864,2864.0,dijkstra,43.6621,0.7188,37242.0858,232187.5941,92
2865,2865.0,dijkstra,43.3442,0.6828,37983.4743,204996.6404,91
2866,2866.0,dijkstra,43.1215,0.7547,38314.5259,245248.8066,89
2867,2867.0,dijkstra,43.2129,0.7547,38536.9318,221698.6855,89
2868,2868.0,dijkstra,42.5425,0.7906,39769.5417,252209.7939,89
2869,2869.0,dijkstra,42.0871,0.7547,40208.1693,237155.3911,90
2870,2870.0,dijkstra,41.6241,0.8625,40834.0451,245181.59,91
2871,2871.0,dijkstra,41.6363,0.8625,41049.6282,209833.5011,88
2872,2872.0,dijkstra,40.5694,0.8984,42324.5507,228221.595,88
2873,2873.0,dijkstra,40.743,0.8625,43407.0769,219942.5223,86
2874,2874.0,dijkstra,41.0323,0.8984,43818.378,220063.3585,87
2875,2875.0,dijkstra,40.5203,0.9703,45512.9601,173769.1741,86
2876,2876.0,dijkstra,40.4796,1.15,47702.6178,198749.2766,85
2877,2877.0,dijkstra,40.1839,1.1141,51666.2342,207694.8844,85
2878,2878.0,dijkstra,39.1546,1.2219,59384.374,199875.5779,85
2879,2879.0,dijkstra,38.5203,1.2938,81252.6351,173963.9667,88
2880,2880.0,dijkstra,41.6254,0.7547,43083.4504,176779.7943,71
2881,2881.0,dijkstra,41.8202,0.3953,41905.0217,214134.228,71
2882,2882.0,dijkstra,41.0893,0.2516,42314.6502,254225.7775,77
2883,2883.0,dijkstra,42.4475,0.1797,39703.2212,233777.6754,70
2884,2884.0,dijkstra,40.8719,0.2516,41386.0138,268952.2326,75
2885,2885.0,dijkstra,40.5761,0.1797,42406.6675,292364.6727,81
2886,2886.0,dijkstra,41.6258,0.2516,40514.4655,318752.7352,79
2887,2887.0,dijkstra,41.6635,0.3234,40733.4405,311683.5184,80
2888,2888.0,dijkstra,42.7688,0.3234,40194.6724,330354.9542,80
2889,2889.0,dijkstra,43.6225,0.3234,38934.2757,250644.9231,80
2890,2890.0,dijkstra,43.7303,0.3953,38629.2368,291265.505,83
2891,2891.0,dijkstra,43.3837,0.3594,39731.6472,263588.8584,85
2892,2892.0,dijkstra,43.2368,0.3953,45957.5198,277289.7488,83
2893,2893.0,dijkstra,43.1744,0.3953,54371.6238,242959.2332,84
2894,2894.0,dijkstra,43.1452,0.4672,47704.7748,264516.5705,84
2895,2895.0,dijkstra,42.6131,0.4672,46558.61,229454.0392,87
2896,2896.0,dijkstra,41.7679,0.5391,16542227.4553,254535.5067,89
2897,2897.0,dijkstra,41.9047,0.5391,63370.016,228001.7655,88
2898,2898.0,dijkstra,42.1127,0.6469,59245.7551,268035.0195,88
2899,2899.0,dijkstra,42.2562,0.6469,62801.5822,223229.131,86
2900,2900.0,dijkstra,42.0755,0.6828,115774.2794,245005.7726,87
2901,2901.0,dijkstra,42.0841,0.6828,469777.0595,186805.676,85
2902,2902.0,dijkstra,41.8742,0.7547,1097758.3047,210939.1636,87
2903,2903.0,dijkstra,41.7268,0.7188,11536296.4984,226626.365,88
2904,2904.0,dijkstra,41.3795,0.7906,16544250.1301,217084.4188,88
2905,2905.0,dijkstra,41.6378,0.7906,16543322.3276,269962.0529,87
2906,2906.0,dijkstra,41.3247,0.8625,16543264.3998,177334.7661,89
2907,2907.0,dijkstra,41.2236,0.8266,16543654.7443,236632.2488,90
2908,2908.0,dijkstra,40.783,0.8625,72751.5246,227275.6672,90
2909,2909.0,dijkstra,41.1161,0.8266,62027.0012,239598.4585,89
2910,2910.0,dijkstra,40.6725,0.8625,57628.4296,226101.9333,89
2911,2911.0,dijkstra,40.0419,0.8266,54850.0142,195585.6101,90
2912,2912.0,dijkstra,39.9747,0.8625,53585.1436,242339.7673,89
2913,2913.0,dijkstra,39.8637,0.8625,52742.1266,199322.3126,89
2914,2914.0,dijkstra,39.7189,0.8984,52699.8263,232487.475,91
2915,2915.0,dijkstra,39.9955,0.9344,51796.1436,264822.3921,92
2916,2916.0,dijkstra,39.2183,0.9703,52759.6882,257517.5849,93
2917,2917.0,dijkstra,39.5199,0.9344,52378.653,270751.9419,91
2918,2918.0,dijkstra,39.4497,1.0062,53635.8611,242257.0501,93
2919,2919.0,dijkstra,39.1848,0.9703,54149.687,244593.4594,94
2920,2920.0,dijkstra,39.3523,1.0781,53857.375,243725.9578,91
2921,2921.0,dijkstra,39.8226,1.0781,53528.5952,217826.6623,89
2922,2922.0,dijkstra,39.7695,1.15,53513.1956,197296.1899,88
2923,2923.0,dijkstra,39.7914,1.15,53139.4047,235689.4583,89
2924,2924.0,dijkstra,39.7837,1.1859,52818.9816,213304.1108,85
2925,2925.0,dijkstra,40.5471,1.0062,49791.3079,214591.5532,78
2926,2926.0,dijkstra,40.1362,0.9344,49478.3233,206979.3449,80
2927,2927.0,dijkstra,39.6892,0.8625,49362.5531,213261.5648,82
2928,2928.0,dijkstra,39.3128,0.9344,49751.7337,208701.1498,82
2929,2929.0,dijkstra,40.2324,0.8984,48246.9838,257729.0877,82
2930,2930.0,dijkstra,41.4832,0.6469,42967.6295,207110.8074,74
2931,2931.0,dijkstra,41.7668,0.3953,42600.4077,213300.5372,74
2932,2932.0,dijkstra,41.2955,0.2875,41142.524,267901.3013,78
2933,2933.0,dijkstra,43.2852,0.3234,37281.9888,259589.6165,72
2934,2934.0,dijkstra,43.1466,0.4312,37382.3473,274906.9123,76
2935,2935.0,dijkstra,42.5391,0.3953,38102.4823,250088.2477,80
2936,2936.0,dijkstra,43.6687,0.4312,36695.7897,264338.6823,76
2937,2937.0,dijkstra,43.7703,0.4312,36251.1261,294613.7926,80
2938,2938.0,dijkstra,43.1862,0.4672,36506.94,300764.9262,85
2939,2939.0,dijkstra,44.2443,0.4312,35493.3614,333768.4718,84
2940,2940.0,dijkstra,44.8283,0.4312,35002.8958,314300.6975,85
2941,2941.0,dijkstra,44.8938,0.4672,35065.6597,283962.7912,83
2942,2942.0,dijkstra,44.6114,0.4672,35634.0106,256486.8777,84
2943,2943.0,dijkstra,44.953,0.4312,35539.0219,250875.4867,83
2944,2944.0,dijkstra,44.9488,0.4312,35874.5823,213048.4551,80
2945,2945.0,dijkstra,44.6392,0.575,36030.4211,191068.8264,80
2946,2946.0,dijkstra,43.9262,0.6109,36560.6611,197404.2848,82
2947,2947.0,dijkstra,43.8304,0.575,36699.9758,218009.9947,82
2948,2948.0,dijkstra,43.4361,0.5391,36851.8201,226059.9174,81
2949,2949.0,dijkstra,42.9935,0.575,37330.0605,246490.0755,84
2950,2950.0,dijkstra,43.1494,0.575,38335.9288,234411.1656,82
2951,2951.0,dijkstra,43.2662,0.5391,55345.8314,241213.0758,83
2952,2952.0,dijkstra,42.8087,0.575,79563.0791,223915.6811,86
2953,2953.0,dijkstra,42.8887,0.5391,116587.6246,241260.2568,86
2954,2954.0,dijkstra,42.8494,0.5391,155206.4945,276207.2281,87
2955,2955.0,dijkstra,43.0738,0.575,724097.3181,260536.4044,85
2956,2956.0,dijkstra,42.0491,0.6469,6554975.4932,240786.5675,86
2957,2957.0,dijkstra,41.8491,0.6469,6557304.6583,258188.0526,86
2958,2958.0,dijkstra,41.2813,0.6828,6558072.0495,224995.79,88
2959,2959.0,dijkstra,40.5212,0.6828,6559423.4523,210804.2635,88
2960,2960.0,dijkstra,39.8665,0.7906,6562550.3502,245840.5896,88
2961,2961.0,dijkstra,40.7248,0.7906,6567317.7375,204965.398,85
2962,2962.0,dijkstra,39.4711,0.8266,6604427.0412,207517.3526,87
2963,2963.0,dijkstra,39.4172,0.8266,6853000.6379,210264.0011,86
2964,2964.0,dijkstra,39.3855,0.8625,14183059.7597,190552.3975,85
2965,2965.0,dijkstra,39.2654,0.8984,22939073.8058,209004.2711,84
2966,2966.0,dijkstra,38.1365,1.0062,22985417.0244,193556.209,85
2967,2967.0,dijkstra,37.6329,1.0062,23179001.2177,221686.7367,86
2968,2968.0,dijkstra,37.0595,1.15,24176855.4517,200785.1965,88
2969,2969.0,dijkstra,36.8685,1.1141,39280696.0813,233551.1739,89
2970,2970.0,dijkstra,41.3243,0.5031,42939.6355,180640.5518,70
2971,2971.0,dijkstra,41.0242,0.2156,66532.4861,208596.1172,69
2972,2972.0,dijkstra,41.0743,0.2156,46851.9328,213355.8117,70
2973,2973.0,dijkstra,43.0806,0.1438,38636.2016,213179.987,66
2974,2974.0,dijkstra,43.0151,0.1797,37374.9225,280600.641,76
2975,2975.0,dijkstra,42.7697,0.2875,38281.5726,305382.5044,81
2976,2976.0,dijkstra,43.2912,0.3234,37500.8628,310861.4487,80
2977,2977.0,dijkstra,44.5684,0.2875,36209.0017,282096.4372,74
2978,2978.0,dijkstra,42.8218,0.2875,38023.3587,281954.1584,83
2979,2979.0,dijkstra,44.2278,0.2875,37044.5196,272934.7245,82
2980,2980.0,dijkstra,42.914,0.3594,38765.9314,268133.1579,84
2981,2981.0,dijkstra,43.4275,0.2516,37414.6362,310406.0295,87
2982,2982.0,dijkstra,43.1557,0.3234,37018.579,278253.7368,89
2983,2983.0,dijkstra,44.4401,0.2875,36095.1874,296893.3723,86
2984,2984.0,dijkstra,44.0775,0.3234,37050.5101,274509.1772,89
2985,2985.0,dijkstra,44.7616,0.3234,36952.133,281648.4672,88
2986,2986.0,dijkstra,44.6435,0.3953,37880.0015,246974.7256,89
2987,2987.0,dijkstra,45.4434,0.3953,37226.5864,270757.6212,87
2988,2988.0,dijkstra,45.5098,0.4672,37564.9471,275624.836,90
2989,2989.0,dijkstra,46.2874,0.4312,37555.9353,275504.7705,88
2990,2990.0,dijkstra,45.3466,0.4672,39207.7292,260832.466,90
2991,2991.0,dijkstra,45.4066,0.4312,39652.6854,239797.2099,90
2992,2992.0,dijkstra,44.8453,0.4672,41282.8965,236433.7458,90
2993,2993.0,dijkstra,45.0272,0.4672,41583.2121,266069.8184,91
2994,2994.0,dijkstra,44.0871,0.5391,41693.8486,219418.0663,90
2995,2995.0,dijkstra,44.4438,0.5031,41601.4735,221492.1233,88
2996,2996.0,dijkstra,44.1692,0.575,41943.2276,233030.9625,91
2997,2997.0,dijkstra,44.7873,0.5391,40329.2308,246518.098,91
2998,2998.0,dijkstra,44.4032,0.575,40981.6724,212861.0524,91
2999,2999.0,dijkstra,44.584,0.575,40721.1138,258159.1448,91
3000,3000.0,dijkstra,44.4007,0.6109,41078.1414,230443.8706,90
3001,3001.0,dijkstra,44.4588,0.575,41088.5444,267550.4127,90
3002,3002.0,dijkstra,44.1107,0.6109,41525.8466,222631.189,91
3003,3003.0,dijkstra,44.0375,0.575,42690.4981,222493.0131,87
3004,3004.0,dijkstra,43.3987,0.6109,42871.0246,226678.0895,88
3005,3005.0,dijkstra,43.4001,0.575,42614.6648,211856.4475,90
3006,3006.0,dijkstra,43.7747,0.6109,42293.6398,257002.5735,89
3007,3007.0,dijkstra,43.8142,0.575,42863.7318,251008.0795,87
3008,3008.0,dijkstra,42.4654,0.6109,46878.4539,184254.1876,88
3009,3009.0,dijkstra,41.8157,0.6109,55470.9006,236802.2435,90
3010,3010.0,dijkstra,41.9182,0.6469,71591.8173,243835.3654,84
3011,3011.0,dijkstra,41.179,0.6109,150221.5719,224242.6447,86
3012,3012.0,dijkstra,40.565,0.7547,268572.4141,242868.6663,88
3013,3013.0,dijkstra,40.1151,0.7188,698554.2401,221469.8394,89
3014,3014.0,dijkstra,39.373,0.7906,1132393.2544,235235.862,88
3015,3015.0,dijkstra,40.1073,0.7547,46278.853,230482.3836,82
3016,3016.0,dijkstra,39.4707,0.7188,46741.4071,199809.8837,82
3017,3017.0,dijkstra,39.2542,0.6109,46337.3001,216131.2481,82
3018,3018.0,dijkstra,39.4245,0.6469,55380.8492,228287.6755,80
3019,3019.0,dijkstra,39.9192,0.6828,72895.0522,236027.9647,82
3020,3020.0,dijkstra,40.5902,0.6109,135744.0065,248296.4861,78
3021,3021.0,dijkstra,40.9162,0.4672,2631824.9938,253290.7178,80
3022,3022.0,dijkstra,41.6968,0.4672,6121498.7958,264069.0204,81
3023,3023.0,dijkstra,43.4768,0.4312,48468.4991,242987.5654,78
3024,3024.0,dijkstra,42.7209,0.4672,40601.642,266471.6813,82
3025,3025.0,dijkstra,42.7669,0.4312,38663.3913,295702.6662,85
3026,3026.0,dijkstra,41.8883,0.5031,39454.5703,299398.5554,87
3027,3027.0,dijkstra,42.0975,0.4672,38517.7802,331321.113,91
3028,3028.0,dijkstra,42.3665,0.5391,37714.0579,314778.718,92
3029,3029.0,dijkstra,43.1434,0.5391,36720.4386,296417.4067,91
3030,3030.0,dijkstra,43.0228,0.575,36919.8937,337251.8703,92
3031,3031.0,dijkstra,42.9164,0.5391,36803.3702,245831.213,92
3032,3032.0,dijkstra,42.7639,0.6109,36872.7497,255941.1681,91
3033,3033.0,dijkstra,42.5555,0.6109,37315.1019,246897.9697,91
3034,3034.0,dijkstra,42.4533,0.6828,37561.9568,252515.0772,89
3035,3035.0,dijkstra,42.3176,0.6469,38055.6181,244617.3892,89
3036,3036.0,dijkstra,41.7462,0.7547,40135.2134,235333.7604,92
3037,3037.0,dijkstra,41.6022,0.7188,48865.1842,247404.8888,91
3038,3038.0,dijkstra,41.3615,0.7906,1158443.8288,247281.9713,93
3039,3039.0,dijkstra,41.4615,0.7906,3337937.8745,236813.6598,93
3040,3040.0,dijkstra,40.8684,0.8266,6585898.9216,273854.7839,94
3041,3041.0,dijkstra,40.5756,0.8266,13071887.5167,239315.608,92
3042,3042.0,dijkstra,39.9016,0.8625,13072383.4673,254425.1397,91
3043,3043.0,dijkstra,40.1458,0.8625,13071942.8907,222033.4917,90
3044,3044.0,dijkstra,39.8546,0.8984,13072339.0191,212397.2672,90
3045,3045.0,dijkstra,40.2924,0.8625,13072051.2449,224454.1698,87
3046,3046.0,dijkstra,39.8975,0.8984,13072905.2646,219480.6275,88
3047,3047.0,dijkstra,39.8077,0.8625,13076724.9133,228508.1956,90
3048,3048.0,dijkstra,39.1929,0.9344,13076592.2795,192175.464,89
3049,3049.0,dijkstra,39.6373,0.8984,13074719.5889,231979.5603,88
3050,3050.0,dijkstra,39.421,0.9703,13075949.1079,214738.0747,89
3051,3051.0,dijkstra,39.8129,1.0062,13076025.5592,251565.5545,88
3052,3052.0,dijkstra,39.5585,1.0781,13076576.9553,216078.8748,89
3053,3053.0,dijkstra,39.643,1.0781,13076765.9962,223203.1882,88
3054,3054.0,dijkstra,38.9315,1.15,13077292.4223,219145.1734,87
3055,3055.0,dijkstra,38.4732,1.1141,13078559.8785,188236.3414,85
3056,3056.0,dijkstra,38.4105,1.1141,13077062.3017,191005.3154,87
3057,3057.0,dijkstra,38.1797,1.15,13078241.5013,179394.8607,83
3058,3058.0,dijkstra,37.248,1.2578,13081818.6467,195821.7755,86
3059,3059.0,dijkstra,37.1859,1.3297,13086313.2733,195641.4154,85
3060,3060.0,dijkstra,41.9147,0.7547,42391.4984,157505.3444,66
3061,3061.0,dijkstra,42.734,0.3234,40372.3082,195859.9803,65
3062,3062.0,dijkstra,42.5353,0.2156,39978.5326,220052.7887,69
3063,3063.0,dijkstra,42.659,0.1078,38759.4698,226788.4478,69
3064,3064.0,dijkstra,41.1897,0.2156,39441.3118,328151.0718,78
3065,3065.0,dijkstra,42.2639,0.1797,37853.9868,358419.5913,79
3066,3066.0,dijkstra,42.6143,0.2516,37826.7743,364211.2405,81
3067,3067.0,dijkstra,44.4239,0.2516,36144.2677,380642.2315,79
3068,3068.0,dijkstra,43.5946,0.2875,36552.9304,336547.0956,85
3069,3069.0,dijkstra,43.9657,0.2875,36433.896,268482.1188,84
3070,3070.0,dijkstra,44.4033,0.2516,35572.5994,225901.037,83
3071,3071.0,dijkstra,44.8243,0.2516,34944.5615,236077.8619,83
3072,3072.0,dijkstra,43.8852,0.2875,36103.5646,226102.5868,83
3073,3073.0,dijkstra,43.4764,0.2156,36820.7097,243055.9119,86
3074,3074.0,dijkstra,43.5323,0.2516,37280.4792,255773.6469,85
3075,3075.0,dijkstra,44.0694,0.2516,36456.2657,245480.975,82
3076,3076.0,dijkstra,44.1559,0.3234,36127.8003,283703.3017,83
3077,3077.0,dijkstra,44.775,0.2875,35543.5188,229676.3996,80
3078,3078.0,dijkstra,44.9508,0.2875,35344.7028,242505.7783,78
3079,3079.0,dijkstra,44.6547,0.3234,35838.792,235837.0797,80
3080,3080.0,dijkstra,44.2292,0.3234,35903.0711,291726.3173,80
3081,3081.0,dijkstra,44.4693,0.3594,35801.7502,236318.329,79
3082,3082.0,dijkstra,44.3425,0.3953,36168.6608,246649.1368,80
3083,3083.0,dijkstra,44.6079,0.3953,36436.2105,226384.078,77
3084,3084.0,dijkstra,43.8297,0.4312,37744.1006,180395.0178,78
3085,3085.0,dijkstra,44.4389,0.3953,37716.6765,219128.2714,77
3086,3086.0,dijkstra,44.3219,0.4312,41745.3748,196407.0903,78
3087,3087.0,dijkstra,44.2437,0.4312,45799.1083,195787.3712,79
3088,3088.0,dijkstra,44.3748,0.4672,44533.6074,204573.0095,79
3089,3089.0,dijkstra,44.5539,0.4672,42569.5895,198859.2488,79
3090,3090.0,dijkstra,43.2656,0.5031,41617.0358,216529.7418,81
3091,3091.0,dijkstra,43.0073,0.4672,41579.8635,221717.0889,81
3092,3092.0,dijkstra,41.7555,0.575,43173.6094,175219.0052,82
3093,3093.0,dijkstra,42.0867,0.5391,43048.9814,216612.3973,80
3094,3094.0,dijkstra,41.5319,0.575,44718.1294,194668.3389,82
3095,3095.0,dijkstra,41.5215,0.6109,45831.1968,190217.6463,79
3096,3096.0,dijkstra,41.257,0.6828,47392.7126,206630.1588,79
3097,3097.0,dijkstra,40.9396,0.7547,49303.9683,198221.6095,81
3098,3098.0,dijkstra,40.7328,0.7906,51839.7094,198575.9177,83
3099,3099.0,dijkstra,41.1864,0.7547,51314.4045,216987.0303,81
3100,3100.0,dijkstra,40.8574,0.8266,50542.4871,239058.2932,83
3101,3101.0,dijkstra,41.0374,0.7906,50306.2233,169141.2386,81
3102,3102.0,dijkstra,40.2698,0.8266,53536.7242,201233.0502,81
3103,3103.0,dijkstra,40.7863,0.7906,56292.9685,221563.8101,78
3104,3104.0,dijkstra,40.2557,0.8625,73213.4095,198942.8857,78
3105,3105.0,dijkstra,41.0197,0.6828,48490.4675,196275.4786,70
3106,3106.0,dijkstra,40.0311,0.6469,47985.6696,161186.4633,71
3107,3107.0,dijkstra,39.9577,0.5391,48962.752,199014.3475,70
3108,3108.0,dijkstra,39.2533,0.6109,52346.9011,181474.515,68
3109,3109.0,dijkstra,39.2237,0.6109,62601.2627,186176.1701,69
3110,3110.0,dijkstra,41.7159,0.3953,42458.1447,179027.7725,58
3111,3111.0,dijkstra,42.2248,0.2156,40871.5868,210083.7984,60
3112,3112.0,dijkstra,43.7831,0.2516,38026.6988,230610.7285,59
3113,3113.0,dijkstra,43.3815,0.1797,38005.8129,223592.9413,61
3114,3114.0,dijkstra,42.6374,0.1797,38220.4703,230161.3419,65
3115,3115.0,dijkstra,42.5222,0.1797,39733.4487,256575.7683,68
3116,3116.0,dijkstra,43.6971,0.1797,36965.1533,281789.3032,68
3117,3117.0,dijkstra,45.1925,0.1438,34607.059,278952.3947,68
3118,3118.0,dijkstra,44.2818,0.2156,34911.8062,236412.4709,70
3119,3119.0,dijkstra,44.9069,0.1797,34263.9024,259800.1319,69
3120,3120.0,dijkstra,44.6516,0.2516,34504.3673,229314.1729,72
3121,3121.0,dijkstra,45.5139,0.2156,33647.0308,244972.6383,71
3122,3122.0,dijkstra,45.1527,0.3234,33829.59,255939.6724,74
3123,3123.0,dijkstra,45.3992,0.2875,33650.2267,211029.0044,74
3124,3124.0,dijkstra,45.4361,0.3594,33686.7379,247990.1138,74
3125,3125.0,dijkstra,45.411,0.3234,33888.7546,214441.3812,74
3126,3126.0,dijkstra,45.4153,0.3953,33967.3888,183986.9815,73
3127,3127.0,dijkstra,45.2127,0.3594,34288.6221,198673.2052,73
3128,3128.0,dijkstra,44.7699,0.3953,34768.2428,204267.0458,74
3129,3129.0,dijkstra,44.5843,0.3594,34822.415,198179.6261,75
3130,3130.0,dijkstra,44.6931,0.4312,34881.9844,224437.0214,75
3131,3131.0,dijkstra,44.5091,0.4312,34845.4601,191771.1207,76
3132,3132.0,dijkstra,44.2362,0.4672,35095.6842,231415.8686,77
3133,3133.0,dijkstra,43.9864,0.4312,35138.9078,192493.0486,75
3134,3134.0,dijkstra,43.2596,0.4672,36252.6627,213629.6128,75
3135,3135.0,dijkstra,42.8129,0.4672,36421.8564,188858.1301,77
3136,3136.0,dijkstra,42.8363,0.5391,36361.8537,207371.3133,77
3137,3137.0,dijkstra,42.9791,0.5031,36354.6583,202048.7589,77
3138,3138.0,dijkstra,42.835,0.575,36730.5028,200175.6312,77
3139,3139.0,dijkstra,42.6545,0.5391,37252.9673,174355.5986,77
3140,3140.0,dijkstra,42.345,0.6109,37942.2329,196402.8893,79
3141,3141.0,dijkstra,41.6244,0.6469,42513.0692,148074.9601,78
3142,3142.0,dijkstra,41.1465,0.6828,44257.7365,212288.0227,79
3143,3143.0,dijkstra,40.9478,0.6469,46767.5388,165533.2194,77
3144,3144.0,dijkstra,40.7501,0.7188,46312.9013,211974.6207,78
3145,3145.0,dijkstra,40.5489,0.7188,44338.0652,183260.9185,77
3146,3146.0,dijkstra,40.9496,0.7906,45291.7617,192413.3997,77
3147,3147.0,dijkstra,40.8077,0.8266,45903.6183,184797.5075,77
3148,3148.0,dijkstra,40.1031,0.9703,46550.2353,206863.7447,77
3149,3149.0,dijkstra,39.6716,0.9703,47321.7011,189498.3038,77
3150,3150.0,dijkstra,42.8743,0.4672,40860.2888,132505.6222,59
3151,3151.0,dijkstra,42.8064,0.2156,39949.1387,164124.765,60
3152,3152.0,dijkstra,40.9651,0.1438,40132.8563,200407.0554,67
3153,3153.0,dijkstra,41.8231,0.1078,38194.7719,171338.1922,60
3154,3154.0,dijkstra,40.7286,0.1438,39020.4038,213454.299,65
3155,3155.0,dijkstra,40.6189,0.2156,39275.2074,262314.5663,71
3156,3156.0,dijkstra,41.5897,0.2875,39249.5453,292577.139,73
3157,3157.0,dijkstra,42.7464,0.2516,38938.574,288048.3987,74
3158,3158.0,dijkstra,44.3409,0.2875,37811.5291,276478.9226,73
3159,3159.0,dijkstra,44.2018,0.3234,38532.0816,298139.436,77
3160,3160.0,dijkstra,43.5979,0.3234,40178.2274,211022.3662,78
3161,3161.0,dijkstra,44.3382,0.2875,40097.9691,215272.3289,75
3162,3162.0,dijkstra,43.7644,0.3953,42945.6866,253611.8184,78
3163,3163.0,dijkstra,43.54,0.4312,44563.2636,225248.1025,81
3164,3164.0,dijkstra,43.9076,0.4672,43319.7713,231526.0591,80
3165,3165.0,dijkstra,44.5352,0.5031,43019.8285,249820.2911,79
3166,3166.0,dijkstra,44.3813,0.5391,44394.1796,239913.1916,80
3167,3167.0,dijkstra,44.8252,0.5391,43749.2767,221628.6411,79
3168,3168.0,dijkstra,44.6971,0.6109,43712.5373,221984.9176,79
3169,3169.0,dijkstra,44.8566,0.575,39953.0822,239768.2965,81
3170,3170.0,dijkstra,44.3174,0.575,41672.2228,210943.2795,80
3171,3171.0,dijkstra,44.4912,0.575,43180.8533,205111.6133,78
3172,3172.0,dijkstra,43.8318,0.6469,46448.7107,192188.8013,80
3173,3173.0,dijkstra,44.1479,0.6469,46727.5409,207891.9101,80
3174,3174.0,dijkstra,43.5264,0.6828,47789.0335,235685.0331,82
3175,3175.0,dijkstra,43.536,0.6828,48043.6511,198971.7021,82
3176,3176.0,dijkstra,42.6433,0.7188,48696.4929,227506.3173,83
3177,3177.0,dijkstra,43.0475,0.6828,48237.4613,245704.1876,82
3178,3178.0,dijkstra,43.2413,0.6828,48030.1148,188626.3028,81
3179,3179.0,dijkstra,43.4472,0.7547,48660.688,224748.8043,80
3180,3180.0,dijkstra,42.8334,0.7906,49658.4567,203600.1634,81
3181,3181.0,dijkstra,43.2076,0.7547,50147.1247,213192.7838,79
3182,3182.0,dijkstra,42.7793,0.7906,50233.3671,188821.4167,81
3183,3183.0,dijkstra,42.815,0.7906,50777.2932,205410.613,82
3184,3184.0,dijkstra,42.6655,0.8625,50203.8432,232465.096,83
3185,3185.0,dijkstra,42.0398,0.7906,51047.1212,188853.7406,84
3186,3186.0,dijkstra,42.2593,0.8266,51723.2482,230733.4685,81
3187,3187.0,dijkstra,41.4202,0.7906,52391.535,244421.9678,84
3188,3188.0,dijkstra,41.5685,0.7906,55112.8165,227143.845,81
3189,3189.0,dijkstra,41.0254,0.8266,61328.4522,194976.8232,82
3190,3190.0,dijkstra,41.1081,0.8625,94600.8906,255189.8458,83
3191,3191.0,dijkstra,40.9589,0.8625,261344.9405,215258.686,82
3192,3192.0,dijkstra,40.1492,0.9703,955116.3867,184179.9807,82
3193,3193.0,dijkstra,39.9638,0.9703,2719089.2222,246107.4458,83
3194,3194.0,dijkstra,39.4606,1.0781,11128583.0577,171973.2141,82
3195,3195.0,dijkstra,40.2408,0.8266,16546922.226,198431.6222,75
3196,3196.0,dijkstra,40.0307,0.7547,16545139.1863,193187.639,77
3197,3197.0,dijkstra,39.6332,0.6469,16544020.1045,210890.7483,78
3198,3198.0,dijkstra,39.3935,0.7188,16540747.4616,218175.68,75
3199,3199.0,dijkstra,39.1153,0.6828,16542028.4667,214518.1115,77
3200,3200.0,dijkstra,42.2561,0.4312,39060.7808,242466.8398,71
3201,3201.0,dijkstra,42.9346,0.2516,38365.178,220087.5373,68
3202,3202.0,dijkstra,41.859,0.2875,39638.5194,225280.6688,73
3203,3203.0,dijkstra,43.3563,0.2516,36481.3719,232556.135,70
3204,3204.0,dijkstra,43.9276,0.2516,35830.6327,238829.9167,72
3205,3205.0,dijkstra,43.1462,0.2875,36680.3978,255073.3726,78
3206,3206.0,dijkstra,43.6851,0.2875,37205.612,319738.2017,79
3207,3207.0,dijkstra,44.6488,0.2875,35861.2118,310298.3126,81
3208,3208.0,dijkstra,45.7619,0.3594,34594.1115,340809.4711,81
3209,3209.0,dijkstra,46.139,0.2875,34041.2392,244905.1877,81
3210,3210.0,dijkstra,45.7406,0.3234,34259.9033,264906.594,84
3211,3211.0,dijkstra,46.2656,0.2875,33709.4388,228630.3276,83
3212,3212.0,dijkstra,46.3259,0.3594,33589.3677,230341.6323,84
3213,3213.0,dijkstra,46.106,0.3234,33677.6063,235782.5923,83
3214,3214.0,dijkstra,45.3092,0.3234,34211.992,203693.9892,83
3215,3215.0,dijkstra,45.0558,0.3234,34463.5842,228983.9703,83
3216,3216.0,dijkstra,45.0168,0.3953,34894.3756,242659.6286,82
3217,3217.0,dijkstra,44.6697,0.3953,35135.7132,252616.2816,83
3218,3218.0,dijkstra,44.9011,0.4312,34948.8613,225821.2669,84
3219,3219.0,dijkstra,44.9238,0.4672,34757.877,222248.5271,83
3220,3220.0,dijkstra,44.9931,0.5031,34678.06,236110.8812,84
3221,3221.0,dijkstra,44.8916,0.5031,34589.8088,237360.5216,85
3222,3222.0,dijkstra,45.1237,0.5391,34407.4364,271055.9861,87
3223,3223.0,dijkstra,45.248,0.5031,34281.6628,258533.2904,87
3224,3224.0,dijkstra,45.1415,0.5391,34593.6371,220016.2802,86
3225,3225.0,dijkstra,44.9052,0.5031,35067.1627,211919.7757,86
3226,3226.0,dijkstra,44.5117,0.5391,35823.4618,230360.7951,86
3227,3227.0,dijkstra,44.7783,0.5391,35695.9663,237661.5026,84
3228,3228.0,dijkstra,44.3274,0.6469,36335.5495,223373.4766,85
3229,3229.0,dijkstra,43.458,0.6469,2044988.7554,206987.2607,84
3230,3230.0,dijkstra,43.8539,0.7188,44016.3753,227864.993,83
3231,3231.0,dijkstra,43.448,0.7188,40982.5944,187434.3047,85
3232,3232.0,dijkstra,42.7938,0.7547,43289.3458,185013.2639,85
3233,3233.0,dijkstra,42.8127,0.7188,123976.6989,198058.0299,84
3234,3234.0,dijkstra,41.3967,0.7906,163664.1952,185996.9076,86
3235,3235.0,dijkstra,41.5163,0.8625,1207121.9691,193287.3942,85
3236,3236.0,dijkstra,41.1625,0.8984,2272120.3063,185210.5411,83
3237,3237.0,dijkstra,40.4383,1.0062,6566450.0445,202436.9781,84
3238,3238.0,dijkstra,39.4515,1.1859,6573058.9568,184316.0021,85
3239,3239.0,dijkstra,39.7048,1.2219,6575620.0427,213818.6265,85
3240,3240.0,dijkstra,43.13,0.7906,48870.6977,195002.6414,68
3241,3241.0,dijkstra,43.8313,0.4672,45288.3873,208967.5334,66
3242,3242.0,dijkstra,44.3612,0.2516,41126.0134,228722.7464,67
3243,3243.0,dijkstra,44.8558,0.1797,37298.425,203004.9685,61
3244,3244.0,dijkstra,42.5925,0.1797,37251.7715,271609.4555,73
3245,3245.0,dijkstra,42.7092,0.1438,37195.2047,279497.7767,77
3246,3246.0,dijkstra,43.1208,0.1438,37097.8509,289656.2928,73
3247,3247.0,dijkstra,43.0778,0.1078,37775.2275,295614.3886,74
3248,3248.0,dijkstra,42.6185,0.1438,38449.332,255041.9966,76
3249,3249.0,dijkstra,43.7687,0.1078,37390.3085,287126.344,74
3250,3250.0,dijkstra,42.7772,0.2516,38724.7619,268438.12,81
3251,3251.0,dijkstra,43.8965,0.2156,36970.6803,287073.7911,78
3252,3252.0,dijkstra,44.0316,0.2516,36191.4913,314038.0252,78
3253,3253.0,dijkstra,43.7766,0.2156,36529.922,261049.6163,81
3254,3254.0,dijkstra,43.6093,0.2516,37038.0234,259490.1777,81
3255,3255.0,dijkstra,44.2823,0.2875,36421.0615,242092.3773,80
3256,3256.0,dijkstra,44.3242,0.3234,36199.45,251504.3253,82
3257,3257.0,dijkstra,44.7532,0.3234,36000.9442,271714.02,80
3258,3258.0,dijkstra,44.2892,0.3953,37335.8764,225696.9148,81
3259,3259.0,dijkstra,44.4851,0.3234,37390.4701,232726.4184,80
3260,3260.0,dijkstra,44.0368,0.4312,37934.1412,221949.9307,82
3261,3261.0,dijkstra,44.5125,0.4312,37372.4456,261059.854,83
3262,3262.0,dijkstra,44.2786,0.4672,37656.0064,237367.9165,84
3263,3263.0,dijkstra,44.5589,0.4312,37340.9356,256093.4252,84
3264,3264.0,dijkstra,44.228,0.4672,37128.911,262443.2644,84
3265,3265.0,dijkstra,44.1795,0.4312,37302.2347,215007.0541,84
3266,3266.0,dijkstra,43.8125,0.4672,37858.5531,203207.0605,84
3267,3267.0,dijkstra,43.3018,0.4312,38463.4757,194591.2251,83
3268,3268.0,dijkstra,43.2573,0.5031,40814.2428,220098.6113,82
3269,3269.0,dijkstra,42.9549,0.4672,40397.4972,207839.7938,84
3270,3270.0,dijkstra,42.4958,0.5391,41782.5725,199854.4336,85
3271,3271.0,dijkstra,42.7573,0.5031,41275.5962,213408.2159,84
3272,3272.0,dijkstra,42.0539,0.575,41794.2938,230071.7371,86
3273,3273.0,dijkstra,42.0081,0.575,42541.3829,243049.564,84
3274,3274.0,dijkstra,41.7189,0.6828,43866.2543,217445.559,84
3275,3275.0,dijkstra,41.8112,0.6828,44126.3882,212706.3551,84
3276,3276.0,dijkstra,41.3117,0.7188,45111.0914,188998.7966,84
3277,3277.0,dijkstra,41.5151,0.6828,44401.0161,211337.9669,84
3278,3278.0,dijkstra,41.0696,0.7547,44813.7608,219280.926,85
3279,3279.0,dijkstra,40.869,0.7188,45120.0032,214578.7805,82
3280,3280.0,dijkstra,40.2286,0.7188,46516.8148,208756.3063,84
3281,3281.0,dijkstra,39.4238,0.7906,48385.782,209076.6262,84
3282,3282.0,dijkstra,39.4055,0.8984,48364.7279,203123.4819,84
3283,3283.0,dijkstra,39.4297,0.9344,47644.3747,199844.2399,82
3284,3284.0,dijkstra,38.9092,0.9703,49212.8222,224824.0453,80
3285,3285.0,dijkstra,39.4514,0.8266,48215.2318,173883.6535,74
3286,3286.0,dijkstra,39.0699,0.8266,49163.0807,172896.2331,74
3287,3287.0,dijkstra,38.4093,0.8266,53041.398,177592.2183,75
3288,3288.0,dijkstra,37.6665,0.9344,54885.2194,169240.449,75
3289,3289.0,dijkstra,37.2062,0.9344,54536.1773,182535.9228,77
3290,3290.0,dijkstra,39.4196,0.8266,49288.4288,219881.8704,70
3291,3291.0,dijkstra,39.784,0.6109,49068.076,189123.4466,69
3292,3292.0,dijkstra,39.0892,0.6109,48387.6003,244826.4707,74
3293,3293.0,dijkstra,39.3483,0.5391,46627.3339,262416.7473,77
3294,3294.0,dijkstra,40.1647,0.5391,43818.0484,275740.4924,78
3295,3295.0,dijkstra,40.5928,0.4672,42945.6579,289260.3007,81
3296,3296.0,dijkstra,42.0878,0.5031,40862.4023,288321.9724,79
3297,3297.0,dijkstra,43.6769,0.4672,38463.0064,325750.3944,79
3298,3298.0,dijkstra,43.8052,0.5031,37975.5228,265859.0102,80
3299,3299.0,dijkstra,44.2375,0.4672,37316.8057,260450.6055,79
3300,3300.0,dijkstra,44.0123,0.5031,37282.8113,267080.3676,81
3301,3301.0,dijkstra,44.6673,0.4672,36660.2487,280374.1689,81
3302,3302.0,dijkstra,44.5882,0.5391,36778.7223,266378.9002,82
3303,3303.0,dijkstra,45.1411,0.5031,36273.7853,261928.608,84
3304,3304.0,dijkstra,44.4941,0.5391,36737.1821,248610.458,85
3305,3305.0,dijkstra,44.6936,0.5031,36438.6888,239602.8423,84
3306,3306.0,dijkstra,43.9837,0.5391,37294.9744,253486.6378,84
3307,3307.0,dijkstra,44.5885,0.5031,36528.8656,209494.1351,83
3308,3308.0,dijkstra,43.9075,0.575,37693.9617,271843.4687,85
3309,3309.0,dijkstra,44.4503,0.5391,36722.178,281032.9004,84
3310,3310.0,dijkstra,44.3144,0.575,36989.673,260705.3164,85
3311,3311.0,dijkstra,44.9999,0.575,36283.1357,239056.4049,85
3312,3312.0,dijkstra,45.2789,0.575,36034.536,247307.132,86
3313,3313.0,dijkstra,45.2595,0.6109,36313.841,264000.7317,87
3314,3314.0,dijkstra,44.837,0.6109,36990.656,251615.2272,87
3315,3315.0,dijkstra,45.1666,0.575,36530.0089,232932.3547,86
3316,3316.0,dijkstra,45.0205,0.6109,36552.513,259244.1689,88
3317,3317.0,dijkstra,45.0737,0.575,36408.4666,264935.5132,87
3318,3318.0,dijkstra,44.8797,0.575,37178.2493,225402.7237,87
3319,3319.0,dijkstra,44.3829,0.575,39240.7047,162421.5431,84
3320,3320.0,dijkstra,43.4683,0.6469,42399.419,253323.6616,85
3321,3321.0,dijkstra,43.276,0.6109,51141.0785,181218.1965,86
3322,3322.0,dijkstra,43.3923,0.6469,152314.8926,191191.7524,84
3323,3323.0,dijkstra,43.0837,0.7188,668512.4352,202256.9726,84
3324,3324.0,dijkstra,41.6953,0.8266,1398163.0743,188920.0638,86
3325,3325.0,dijkstra,40.8739,0.8266,2695052.34,193729.2675,86
3326,3326.0,dijkstra,40.5651,0.8625,6561637.8682,225374.7127,88
3327,3327.0,dijkstra,40.3607,0.9703,6563792.5151,213151.4225,87
3328,3328.0,dijkstra,40.157,1.0422,6566273.0773,214517.4916,87
3329,3329.0,dijkstra,39.8093,1.1141,6570144.4075,200832.1055,87
3330,3330.0,dijkstra,43.0718,0.6109,40907.6928,176250.4116,69
3331,3331.0,dijkstra,43.7374,0.2516,39832.2508,197449.5181,68
3332,3332.0,dijkstra,42.9508,0.1797,41099.6726,238715.8469,73
3333,3333.0,dijkstra,43.6657,0.1078,38307.9622,169133.1315,66
3334,3334.0,dijkstra,42.9796,0.1438,37226.3317,303126.771,74
3335,3335.0,dijkstra,43.5044,0.1797,36595.0208,290529.1163,76
3336,3336.0,dijkstra,44.319,0.1797,35902.8158,302097.068,77
3337,3337.0,dijkstra,45.1215,0.1438,35222.5431,351898.0764,78
3338,3338.0,dijkstra,45.0824,0.1797,35571.5496,293934.2175,80
3339,3339.0,dijkstra,44.8877,0.1797,35846.2529,256130.2364,80
3340,3340.0,dijkstra,44.3473,0.2875,36694.2577,263488.3289,85
3341,3341.0,dijkstra,44.21,0.2156,36992.4702,286700.4481,86
3342,3342.0,dijkstra,43.9242,0.2516,37687.5494,262527.836,86
3343,3343.0,dijkstra,44.3956,0.2516,37427.0452,266295.2324,84
3344,3344.0,dijkstra,45.1304,0.3594,36553.338,294964.0115,84
3345,3345.0,dijkstra,45.2507,0.3594,36474.8135,262452.6274,86
3346,3346.0,dijkstra,44.7372,0.4312,36878.412,239073.2696,88
3347,3347.0,dijkstra,45.5682,0.3953,35991.2825,276739.8922,85
3348,3348.0,dijkstra,44.3147,0.3953,36615.5778,257108.0552,86
3349,3349.0,dijkstra,44.7556,0.3594,36794.6267,205941.7815,83
3350,3350.0,dijkstra,44.4594,0.4312,37083.4135,267435.167,86
3351,3351.0,dijkstra,44.9176,0.3953,36576.5739,262195.7787,85
3352,3352.0,dijkstra,44.6592,0.4672,37029.2635,218892.5077,84
3353,3353.0,dijkstra,45.2339,0.4312,36535.7538,262373.5954,83
3354,3354.0,dijkstra,44.1083,0.4672,37883.3738,229199.4622,85
3355,3355.0,dijkstra,44.4173,0.4312,37401.1242,229725.0249,87
3356,3356.0,dijkstra,44.6175,0.4672,37450.5648,269655.5806,87
3357,3357.0,dijkstra,44.7563,0.4312,37468.4867,228316.8242,87
3358,3358.0,dijkstra,44.1349,0.5031,38569.6677,245188.8634,89
3359,3359.0,dijkstra,43.9913,0.4672,39473.8992,240648.0037,88
3360,3360.0,dijkstra,43.5814,0.4672,40205.8949,231838.8136,87
3361,3361.0,dijkstra,43.4521,0.5391,41198.5245,237135.6444,85
3362,3362.0,dijkstra,42.7142,0.5391,42798.3285,247678.2251,88
3363,3363.0,dijkstra,42.7355,0.5391,43241.7456,258126.3049,86
3364,3364.0,dijkstra,42.5564,0.6469,45236.9018,243870.5729,88
3365,3365.0,dijkstra,42.8866,0.6109,44608.2051,215478.8523,86
3366,3366.0,dijkstra,42.2526,0.6828,44373.7447,259426.0521,88
3367,3367.0,dijkstra,42.0528,0.6469,45116.9147,231175.1077,87
3368,3368.0,dijkstra,40.9989,0.7547,46529.3957,249757.2847,90
3369,3369.0,dijkstra,41.1,0.7906,46956.9934,258984.5399,89
3370,3370.0,dijkstra,40.7493,0.8625,47662.4328,227958.3079,85
3371,3371.0,dijkstra,40.597,0.8266,48511.767,210766.1338,84
3372,3372.0,dijkstra,40.5253,0.8984,53617.1165,200631.4829,84
3373,3373.0,dijkstra,40.3911,0.9344,52664.2555,194073.1843,83
3374,3374.0,dijkstra,39.4287,0.9703,53472.8889,215574.6822,83
3375,3375.0,dijkstra,40.6726,0.7906,51141.1932,229587.5592,80
3376,3376.0,dijkstra,39.7095,0.7547,52295.4097,213352.931,82
3377,3377.0,dijkstra,39.7104,0.7547,56967.4517,208405.2914,82
3378,3378.0,dijkstra,39.7832,0.7906,57315.6655,239914.1408,82
3379,3379.0,dijkstra,39.5973,0.8625,55245.8758,191785.0896,82
3380,3380.0,dijkstra,41.8619,0.6109,45710.5119,207743.5315,73
3381,3381.0,dijkstra,42.7552,0.4312,42673.5842,215189.8748,72
3382,3382.0,dijkstra,41.1684,0.3594,42785.079,228476.6599,78
3383,3383.0,dijkstra,41.4944,0.2875,42400.1137,245100.5425,77
3384,3384.0,dijkstra,40.8632,0.3594,58265.7939,250612.1817,81
3385,3385.0,dijkstra,41.1114,0.3234,149908.6879,283750.118,81
3386,3386.0,dijkstra,41.667,0.3953,159407.7601,291013.4746,81
3387,3387.0,dijkstra,42.2789,0.3953,1890911.8229,314635.4704,81
3388,3388.0,dijkstra,43.008,0.3953,6552638.4848,303014.2426,81
3389,3389.0,dijkstra,43.2995,0.4312,6552210.729,279002.4536,82
3390,3390.0,dijkstra,43.3868,0.5031,6552167.8703,250750.871,83
3391,3391.0,dijkstra,43.3021,0.5031,6552195.3219,264077.6315,85
3392,3392.0,dijkstra,43.1382,0.5391,6552264.4392,299757.7396,87
3393,3393.0,dijkstra,43.047,0.5391,6552372.7813,238165.7243,89
3394,3394.0,dijkstra,42.4297,0.575,6552766.1863,253428.5656,88
3395,3395.0,dijkstra,42.6961,0.5391,6552630.293,238063.3009,87
3396,3396.0,dijkstra,42.3524,0.575,6553151.1495,237571.5833,89
3397,3397.0,dijkstra,42.551,0.575,6553193.9826,269808.8386,88
3398,3398.0,dijkstra,42.3246,0.6109,6553561.6774,208881.8577,88
3399,3399.0,dijkstra,42.2837,0.6469,6553937.1769,244377.3834,89
3400,3400.0,dijkstra,42.2424,0.6828,6554135.2439,238164.5221,90
3401,3401.0,dijkstra,42.3986,0.6828,6554181.2553,206961.2951,88
3402,3402.0,dijkstra,42.4101,0.7188,6554927.5159,242999.8112,89
3403,3403.0,dijkstra,42.4881,0.7188,6554891.5803,247937.6259,90
3404,3404.0,dijkstra,42.4164,0.7547,6555123.4882,239773.5657,91
3405,3405.0,dijkstra,42.6277,0.7188,6554851.0621,239951.3374,90
3406,3406.0,dijkstra,42.2552,0.7547,6555254.7293,234367.6417,89
3407,3407.0,dijkstra,41.5854,0.7188,6555947.6907,230658.318,91
3408,3408.0,dijkstra,40.4966,0.7547,6556757.5327,228448.6371,92
3409,3409.0,dijkstra,40.0883,0.7188,6558654.3107,258735.9295,92
3410,3410.0,dijkstra,40.2323,0.7906,6559485.0558,241522.108,92
3411,3411.0,dijkstra,40.8767,0.8266,6558792.9758,234953.8318,88
3412,3412.0,dijkstra,40.0582,0.9344,6560927.5345,215384.8942,87
3413,3413.0,dijkstra,39.8181,0.9344,6564813.697,224984.71,89
3414,3414.0,dijkstra,39.4121,1.0062,6564545.2253,200589.4152,92
3415,3415.0,dijkstra,39.7716,0.9703,6562141.6038,208124.2339,91
3416,3416.0,dijkstra,39.4258,1.0781,6562542.277,222514.8872,90
3417,3417.0,dijkstra,38.9794,1.0422,6561706.1536,182867.5031,90
3418,3418.0,dijkstra,38.0235,1.1141,6563880.6194,197676.4932,91
3419,3419.0,dijkstra,37.9942,1.1859,6564792.9246,223503.7603,91
3420,3420.0,dijkstra,43.2586,0.6469,39467.769,186969.0629,74
3421,3421.0,dijkstra,43.4663,0.3953,39146.6214,166151.9008,72
3422,3422.0,dijkstra,42.2128,0.3234,40270.9285,215715.1343,76
3423,3423.0,dijkstra,42.013,0.2875,39913.3905,185896.8599,75
3424,3424.0,dijkstra,40.6072,0.3234,41470.6358,289663.5541,81
3425,3425.0,dijkstra,41.3028,0.3594,41089.9413,315192.4858,84
3426,3426.0,dijkstra,42.6837,0.3234,39791.9319,330863.0836,85
3427,3427.0,dijkstra,43.2705,0.3594,40569.3487,316809.1876,86
3428,3428.0,dijkstra,42.6569,0.4312,42531.9529,329882.6939,88
3429,3429.0,dijkstra,43.9909,0.3953,42100.3969,283495.546,85
3430,3430.0,dijkstra,43.0914,0.4312,43706.5247,278069.1127,88
3431,3431.0,dijkstra,43.4141,0.4672,43160.8141,285169.1083,88
3432,3432.0,dijkstra,44.0164,0.5031,42481.9585,263481.9946,87
3433,3433.0,dijkstra,44.1262,0.5391,42096.8342,233948.3475,88
3434,3434.0,dijkstra,43.8457,0.575,41211.5094,253186.5273,89
3435,3435.0,dijkstra,44.2782,0.575,40121.8546,268822.0094,87
3436,3436.0,dijkstra,44.2142,0.6109,39751.6186,232031.0285,89
3437,3437.0,dijkstra,44.127,0.575,40032.5313,250508.1607,88
3438,3438.0,dijkstra,43.6917,0.6109,40462.3435,242945.265,89
3439,3439.0,dijkstra,43.6719,0.6469,40676.7975,229885.5687,88
3440,3440.0,dijkstra,43.6715,0.6828,41548.3247,262308.6321,89
3441,3441.0,dijkstra,43.8209,0.6828,41238.7348,244294.8215,89
3442,3442.0,dijkstra,43.1758,0.7547,40920.8871,246189.5145,88
3443,3443.0,dijkstra,43.8428,0.7188,40014.5901,261587.3273,87
3444,3444.0,dijkstra,43.3779,0.7547,40136.0016,231598.6192,88
3445,3445.0,dijkstra,43.8072,0.7188,39741.2823,260401.532,89
3446,3446.0,dijkstra,43.0709,0.7547,40937.9379,247951.7457,91
3447,3447.0,dijkstra,43.5004,0.7188,40223.6003,257515.7069,91
3448,3448.0,dijkstra,44.0685,0.7188,39575.6347,259937.4838,89
3449,3449.0,dijkstra,43.9043,0.7547,40346.5681,232890.4053,90
3450,3450.0,dijkstra,43.1888,0.7906,40936.8642,195579.5248,91
3451,3451.0,dijkstra,43.4816,0.7547,40783.1973,262387.0544,91
3452,3452.0,dijkstra,42.4047,0.7906,41836.4257,214758.1628,93
3453,3453.0,dijkstra,42.7439,0.7547,42474.842,206873.9863,91
3454,3454.0,dijkstra,42.8919,0.7906,42967.4187,226805.635,91
3455,3455.0,dijkstra,42.6083,0.7906,44281.0781,236224.1941,88
3456,3456.0,dijkstra,42.0,0.8625,44810.4939,200365.8323,88
3457,3457.0,dijkstra,40.859,0.8266,46186.4459,197025.8647,85
3458,3458.0,dijkstra,40.2528,0.8625,48347.6754,226808.5812,87
3459,3459.0,dijkstra,39.9885,0.8625,49831.9616,216371.7202,85
3460,3460.0,dijkstra,39.5482,1.0422,53755.5645,192705.5679,86
3461,3461.0,dijkstra,39.8266,1.0062,56419.4319,215891.7326,83
3462,3462.0,dijkstra,39.4614,1.0062,56963.0785,244400.1557,86
3463,3463.0,dijkstra,39.5826,1.1141,59715.838,268360.2996,87
3464,3464.0,dijkstra,38.7089,1.15,57945.7728,270243.2597,91
3465,3465.0,dijkstra,39.4707,1.0062,55447.426,205797.0559,86
3466,3466.0,dijkstra,38.8839,0.9344,54148.9471,249256.5892,87
3467,3467.0,dijkstra,39.0033,0.8266,51622.7789,272133.2708,87
3468,3468.0,dijkstra,38.8883,0.7906,50391.9809,223603.0142,86
3469,3469.0,dijkstra,38.7423,0.8266,53794.0805,196897.3953,83
3470,3470.0,dijkstra,40.2915,0.6109,135211.6055,220127.2782,78
3471,3471.0,dijkstra,40.9784,0.4672,199046.8729,239324.3789,76
3472,3472.0,dijkstra,40.4193,0.3953,1698162.2051,215958.3524,79
3473,3473.0,dijkstra,41.0598,0.3234,6556383.1362,220978.4734,79
3474,3474.0,dijkstra,41.1832,0.3594,6555450.5388,274406.3251,81
3475,3475.0,dijkstra,41.2423,0.3594,6555287.0307,255582.1557,84
3476,3476.0,dijkstra,42.8677,0.3953,6552903.2087,338821.47,81
3477,3477.0,dijkstra,43.5965,0.3953,6552144.2709,304106.0147,82
3478,3478.0,dijkstra,44.4645,0.4672,6551238.1583,305542.9426,83
3479,3479.0,dijkstra,44.6015,0.4312,6550858.3646,263844.3637,82
3480,3480.0,dijkstra,43.5969,0.4672,6551936.7054,265365.5017,87
3481,3481.0,dijkstra,43.8827,0.4312,6551146.4615,321490.1414,86
3482,3482.0,dijkstra,42.7867,0.5391,6551974.3142,234781.3346,90
3483,3483.0,dijkstra,42.787,0.5031,6551924.6344,269531.9516,90
3484,3484.0,dijkstra,42.5687,0.6109,6552279.294,295610.8075,92
3485,3485.0,dijkstra,42.9101,0.575,6551872.9034,264155.4215,91
3486,3486.0,dijkstra,42.8818,0.6469,6552059.5286,258362.0111,92
3487,3487.0,dijkstra,42.8261,0.6109,6552127.0428,195864.293,91
3488,3488.0,dijkstra,42.2615,0.6828,6553185.0304,295351.6435,93
3489,3489.0,dijkstra,42.6222,0.6469,6552568.3736,244188.1277,91
3490,3490.0,dijkstra,42.587,0.7188,6552672.7101,263233.5929,91
3491,3491.0,dijkstra,42.2197,0.6828,6552997.0492,214962.6306,91
3492,3492.0,dijkstra,42.7273,0.7188,6552530.0206,235626.9604,88
3493,3493.0,dijkstra,42.5827,0.7188,6552732.0412,226338.9815,91
3494,3494.0,dijkstra,42.1449,0.7547,6553521.1842,263835.2337,91
3495,3495.0,dijkstra,42.3029,0.7188,6553587.4661,254466.8198,91
3496,3496.0,dijkstra,41.5933,0.7906,6554017.6517,259213.5585,89
3497,3497.0,dijkstra,41.6245,0.7906,6554190.1612,228344.8186,90
3498,3498.0,dijkstra,42.1555,0.8625,6554096.4986,261198.5838,87
3499,3499.0,dijkstra,42.1434,0.8266,6554675.0528,219806.2114,88
3500,3500.0,dijkstra,41.6589,0.8984,6556638.794,214883.4005,89
3501,3501.0,dijkstra,41.3827,0.8625,6559980.9223,191885.2474,89
3502,3502.0,dijkstra,39.8408,0.9344,6580491.7631,208506.8248,91
3503,3503.0,dijkstra,39.5998,0.9703,6894524.0459,193637.4618,89
3504,3504.0,dijkstra,39.7166,1.0781,6566090.7318,236036.6315,92
3505,3505.0,dijkstra,39.1121,1.15,6568100.1926,211530.2558,91
3506,3506.0,dijkstra,39.162,1.2219,6565422.0103,203224.6993,91
3507,3507.0,dijkstra,39.1777,1.2938,6567665.1965,204114.8311,90
3508,3508.0,dijkstra,38.3061,1.3297,6569865.3454,203779.4588,93
3509,3509.0,dijkstra,38.0199,1.4016,6572088.6782,205574.893,94
3510,3510.0,dijkstra,42.7402,0.7906,46811.5774,153326.8377,73
3511,3511.0,dijkstra,42.8978,0.3953,44869.5567,207494.9451,73
3512,3512.0,dijkstra,41.1205,0.2156,43798.2508,247795.4378,78
3513,3513.0,dijkstra,42.1631,0.1078,40114.8411,245220.0091,73
3514,3514.0,dijkstra,41.9795,0.2156,39990.6737,299646.0917,80
3515,3515.0,dijkstra,41.9868,0.2156,39375.7214,313567.9549,83
3516,3516.0,dijkstra,43.3133,0.3234,37850.7722,348710.4189,81
3517,3517.0,dijkstra,43.2806,0.2875,37791.0524,366425.9207,87
3518,3518.0,dijkstra,42.9019,0.2875,38163.751,312226.5969,93
3519,3519.0,dijkstra,43.4849,0.2156,37701.2976,306143.0345,91
3520,3520.0,dijkstra,43.3226,0.3594,38223.4509,327431.6592,92
3521,3521.0,dijkstra,43.9406,0.2875,37407.5576,319724.4464,92
3522,3522.0,dijkstra,43.8364,0.3234,37577.1734,292204.4369,95
3523,3523.0,dijkstra,44.5023,0.3234,36659.8631,292829.6472,95
3524,3524.0,dijkstra,44.794,0.3953,36470.8284,295616.1176,95
3525,3525.0,dijkstra,45.1973,0.3594,36114.1792,286309.9118,94
3526,3526.0,dijkstra,44.6961,0.3594,36858.5578,264566.2069,96
3527,3527.0,dijkstra,45.0932,0.3594,36714.7083,318270.0512,96
3528,3528.0,dijkstra,45.4356,0.4312,36592.248,276623.1887,94
3529,3529.0,dijkstra,45.588,0.4672,37161.255,268388.2209,96
3530,3530.0,dijkstra,45.598,0.5031,38122.8322,248426.6555,97
3531,3531.0,dijkstra,45.7892,0.5391,38214.2566,278547.204,97
3532,3532.0,dijkstra,45.0535,0.575,39454.202,269067.6205,99
3533,3533.0,dijkstra,45.0105,0.5391,39186.179,270198.371,99
3534,3534.0,dijkstra,44.6222,0.6469,39500.3409,265409.4561,99
3535,3535.0,dijkstra,45.3035,0.6109,38575.3479,287413.5027,96
3536,3536.0,dijkstra,44.4221,0.6469,39353.6339,262925.2343,99
3537,3537.0,dijkstra,44.4562,0.6109,39210.4272,258429.4399,99
3538,3538.0,dijkstra,44.161,0.6469,39305.103,298383.9521,100
3539,3539.0,dijkstra,43.7959,0.6109,40407.071,249188.6713,98
3540,3540.0,dijkstra,42.6188,0.6469,40911.6028,273201.3709,101
3541,3541.0,dijkstra,42.6611,0.6469,40655.2905,254481.5379,100
3542,3542.0,dijkstra,42.9205,0.6828,40755.678,263907.29,98
3543,3543.0,dijkstra,43.1486,0.6469,40837.9928,270812.3039,97
3544,3544.0,dijkstra,42.8797,0.6828,42683.1187,248539.7908,97
3545,3545.0,dijkstra,42.5687,0.7188,42615.1741,217534.8897,97
3546,3546.0,dijkstra,42.3279,0.7547,42674.8082,265904.8832,100
3547,3547.0,dijkstra,42.4572,0.7547,42516.3343,296422.7965,99
3548,3548.0,dijkstra,41.8263,0.8266,44226.5672,249477.4396,101
3549,3549.0,dijkstra,40.8537,0.7906,47189.0348,199201.9708,98
3550,3550.0,dijkstra,40.8454,0.8266,47957.3379,230057.2724,95
3551,3551.0,dijkstra,40.1803,0.8984,50171.0373,203063.5199,94
3552,3552.0,dijkstra,38.029,0.9703,52002.7175,218844.7118,96
3553,3553.0,dijkstra,38.8466,0.9703,52851.2667,230194.7467,95
3554,3554.0,dijkstra,38.9353,1.0062,53911.0036,295033.1542,97
3555,3555.0,dijkstra,38.8823,0.8625,52144.1222,260952.384,96
3556,3556.0,dijkstra,38.6832,0.7188,51162.0596,265866.0331,95
3557,3557.0,dijkstra,39.4652,0.6109,49138.4483,321568.9053,94
3558,3558.0,dijkstra,39.5545,0.575,51274.3225,246945.7622,93
3559,3559.0,dijkstra,39.2673,0.575,51906.6618,246580.6455,93
3560,3560.0,dijkstra,42.7621,0.3594,41474.3673,295237.1772,87
3561,3561.0,dijkstra,42.4631,0.3594,40660.455,302375.391,89
3562,3562.0,dijkstra,41.4368,0.3594,40947.4372,325960.9013,95
3563,3563.0,dijkstra,42.5775,0.3234,40332.0454,298585.5458,93
3564,3564.0,dijkstra,43.2243,0.3953,38562.5903,304108.8578,96
3565,3565.0,dijkstra,43.1533,0.3953,41603.1443,328465.0115,99
3566,3566.0,dijkstra,44.0577,0.4312,36813.3497,332900.5891,95
3567,3567.0,dijkstra,44.527,0.4312,35748.4537,342639.9848,97
3568,3568.0,dijkstra,44.0338,0.4672,36152.5723,349528.5852,100
3569,3569.0,dijkstra,44.1314,0.4672,35574.5109,296671.2617,99
3570,3570.0,dijkstra,44.2836,0.5031,35332.2666,323694.4739,101
3571,3571.0,dijkstra,44.7054,0.5391,34857.8168,285394.1117,100
3572,3572.0,dijkstra,44.6438,0.575,35060.6995,292845.8087,101
3573,3573.0,dijkstra,44.9465,0.575,34744.7934,265342.9932,101
3574,3574.0,dijkstra,44.0519,0.6109,35136.7311,253923.6808,100
3575,3575.0,dijkstra,44.5365,0.575,34671.5578,268956.3785,99
3576,3576.0,dijkstra,44.2433,0.6109,35203.6007,295624.9285,100
3577,3577.0,dijkstra,44.3377,0.6109,34871.1155,304870.8205,100
3578,3578.0,dijkstra,44.4282,0.6469,34809.0863,280162.7392,101
3579,3579.0,dijkstra,44.5188,0.6109,34797.3302,268201.8957,101
3580,3580.0,dijkstra,44.604,0.6828,34899.0616,298347.3089,103
3581,3581.0,dijkstra,44.9892,0.6469,34499.1774,282621.7402,101
3582,3582.0,dijkstra,44.7844,0.6828,34882.899,245229.9969,101
3583,3583.0,dijkstra,45.0556,0.6469,34601.4335,295564.955,102
3584,3584.0,dijkstra,44.259,0.6828,35404.7408,249446.6421,103
3585,3585.0,dijkstra,44.7298,0.6469,34958.2432,271590.1388,101
3586,3586.0,dijkstra,43.8931,0.6828,36281.7076,274512.4026,101
3587,3587.0,dijkstra,43.7712,0.6469,36639.8084,252841.9497,102
3588,3588.0,dijkstra,43.0114,0.6828,37982.6694,248254.4767,104
3589,3589.0,dijkstra,42.4095,0.7188,41976.9074,237909.725,98
3590,3590.0,dijkstra,42.1545,0.7906,44165.0377,264378.0237,99
3591,3591.0,dijkstra,41.247,0.7906,49349.1205,210325.663,96
3592,3592.0,dijkstra,40.695,0.7906,56352.7783,212867.0007,95
3593,3593.0,dijkstra,40.2899,0.7906,59935.778,226885.0018,95
3594,3594.0,dijkstra,39.433,1.0062,59252.7247,218666.7428,94
3595,3595.0,dijkstra,39.3886,1.1859,59339.4491,197926.7397,92
3596,3596.0,dijkstra,39.3886,1.2578,57103.168,225105.6367,91
3597,3597.0,dijkstra,39.8182,1.2938,54920.4331,227760.6007,90
3598,3598.0,dijkstra,39.2836,1.2938,56484.1731,207756.6362,91
3599,3599.0,dijkstra,38.49,1.3297,58930.8067,201815.4523,91
