step,sim_time,algorithm,avg_speed_kmh,avg_queue,avg_latency_ms,co2_total,active_vehicles,reroute_events
0,1.0,leacer,55.478,0.0312,27620.16,365985.6117,1,1
1,2.0,leacer,55.556,0.0,27422.56,365984.4121,1,1
2,3.0,leacer,54.862,0.0312,28321.43,368318.5667,2,1
3,4.0,leacer,55.082,0.0,27887.67,368316.1931,2,1
4,5.0,leacer,54.487,0.0312,28659.91,370649.8022,3,1
5,6.0,leacer,54.78,0.0,28118.42,370646.8941,3,1
6,7.0,leacer,54.146,0.0312,28025.85,372975.3335,4,1
7,8.0,leacer,54.667,0.0,27496.14,372973.3313,4,1
8,9.0,leacer,54.435,0.0312,27597.85,375303.5895,5,1
9,10.0,leacer,54.848,0.0,27266.54,375302.4644,5,1
10,11.0,leacer,54.421,0.0312,28102.33,377636.8501,6,1
11,12.0,leacer,54.79,0.0,27651.4,377634.616,6,1
12,13.0,leacer,54.227,0.0312,28212.0,379966.7572,7,1
13,14.0,leacer,54.754,0.0,27684.73,379964.5116,7,1
14,15.0,leacer,54.298,0.0312,28428.23,382298.2901,8,1
15,16.0,leacer,54.609,0.0,28021.86,382296.2811,8,1
16,17.0,leacer,54.402,0.0312,28216.12,384626.9763,9,1
17,18.0,leacer,54.769,0.0,27702.87,384624.61,9,1
18,19.0,leacer,54.264,0.0312,28470.99,386958.4743,10,1
19,20.0,leacer,54.604,0.0,28052.97,386956.4747,10,1
20,21.0,leacer,55.115,0.0,27543.02,386954.3187,10,1
21,22.0,leacer,54.99,0.0312,28095.17,389288.0448,11,1
22,23.0,leacer,54.574,0.0312,28630.91,391620.1021,12,1
23,24.0,leacer,54.892,0.0,28074.87,389286.9565,11,1
24,25.0,leacer,54.158,0.0312,27996.85,393945.2676,13,1
25,26.0,leacer,54.535,0.0,27641.25,393943.961,13,1
26,27.0,leacer,53.872,0.0312,28271.0,396276.5046,14,1
27,28.0,leacer,54.17,0.0,27872.35,396274.7443,14,1
28,29.0,leacer,53.828,0.0312,28609.59,398608.6955,15,1
29,30.0,leacer,54.311,0.0,28014.62,398605.8286,15,1
30,31.0,leacer,54.126,0.0312,28197.91,400936.443,16,1
31,32.0,leacer,54.58,0.0,27788.3,400934.8148,16,2
32,33.0,leacer,54.424,0.0312,27888.21,403265.1027,17,2
33,34.0,leacer,54.665,0.0,27572.61,403263.7703,17,2
34,35.0,leacer,54.367,0.0312,27778.63,405594.4274,18,2
35,36.0,leacer,54.825,0.0,27428.22,405593.2118,18,2
36,37.0,leacer,54.491,0.0312,27851.02,407925.0916,19,2
37,38.0,leacer,54.595,0.0,27686.97,407924.2933,19,2
38,39.0,leacer,53.51,0.0312,28165.85,410255.2471,20,2
39,40.0,leacer,53.67,0.0,28150.69,410255.4802,20,2
40,41.0,leacer,53.04,0.0312,28744.75,412587.8439,21,2
41,42.0,leacer,53.242,0.0,28346.21,412586.0508,21,2
42,43.0,leacer,52.486,0.0312,29016.1,414918.6793,22,2
43,44.0,leacer,52.271,0.0,29188.55,414919.1451,22,2
44,45.0,leacer,51.539,0.0625,29628.97,417250.3032,23,2
45,46.0,leacer,51.949,0.0625,29369.01,417249.419,23,2
46,47.0,leacer,52.269,0.0938,29252.35,417249.2396,23,2
47,48.0,leacer,51.78,0.125,29864.52,419581.8425,24,2
48,49.0,leacer,51.76,0.1562,30268.98,421914.3249,25,2
49,50.0,leacer,51.802,0.125,30149.39,421913.5481,25,2
50,51.0,leacer,53.166,0.0938,28576.19,414916.6599,22,2
51,52.0,leacer,52.407,0.0625,29269.92,417249.5267,23,2
52,53.0,leacer,51.368,0.0938,30207.38,421913.6095,25,2
53,54.0,leacer,51.657,0.0625,29617.87,421910.5377,25,2
54,55.0,leacer,50.776,0.0938,30791.9,428906.331,28,2
55,56.0,leacer,51.378,0.0625,29862.26,428901.4048,28,2
56,57.0,leacer,51.181,0.125,29879.62,428901.0066,28,2
57,58.0,leacer,51.918,0.0938,29178.48,428898.2256,28,2
58,59.0,leacer,52.333,0.0938,28793.0,428896.7529,28,2
59,60.0,leacer,52.263,0.125,28933.98,428897.3896,28,2
60,61.0,leacer,51.173,0.125,29296.75,431227.762,29,2
61,62.0,leacer,51.503,0.0938,29025.97,431226.8893,29,2
62,63.0,leacer,51.11,0.125,29296.73,431227.8241,29,3
63,64.0,leacer,51.357,0.0938,29108.48,431227.2303,29,3
64,65.0,leacer,51.106,0.125,29461.74,435888.7454,31,3
65,66.0,leacer,51.623,0.0938,29108.61,435887.5974,31,3
66,67.0,leacer,51.792,0.125,29219.05,435888.5383,31,3
67,68.0,leacer,51.793,0.0938,29179.03,438218.1816,32,3
68,69.0,leacer,51.369,0.125,29436.64,440548.8611,33,3
69,70.0,leacer,51.461,0.0938,29344.91,440548.4995,33,3
70,71.0,leacer,50.906,0.125,29839.6,440550.5116,33,3
71,72.0,leacer,50.808,0.0938,29763.81,440549.8731,33,3
72,73.0,leacer,49.383,0.125,5954430.17,443550.44,34,3
73,74.0,leacer,49.592,0.0938,34562.01,447578.7209,36,3
74,75.0,leacer,50.055,0.1562,31532.61,447547.9864,36,3
75,76.0,leacer,49.731,0.1562,31350.66,447545.9222,36,3
76,77.0,leacer,48.887,0.1875,30961.84,449872.8841,37,3
77,78.0,leacer,49.401,0.1562,30343.91,449870.6292,37,3
78,79.0,leacer,49.142,0.1875,30681.29,452202.3725,38,3
79,80.0,leacer,49.593,0.1562,30297.49,452201.0569,38,3
80,81.0,leacer,49.472,0.2188,30479.71,456861.8426,40,3
81,82.0,leacer,49.817,0.1875,30176.23,456860.6488,40,3
82,83.0,leacer,49.318,0.2188,30936.41,459194.1278,41,3
83,84.0,leacer,49.363,0.1875,31061.05,459194.9005,41,3
84,85.0,leacer,49.508,0.2812,31131.1,461525.5612,42,3
85,86.0,leacer,49.403,0.25,31139.22,461525.1571,42,3
86,87.0,leacer,48.97,0.2812,31680.98,463856.3842,43,3
87,88.0,leacer,48.686,0.2812,32626.05,461531.0601,42,3
88,89.0,leacer,47.238,0.3125,38312.14,463924.9395,43,3
89,90.0,leacer,46.895,0.2812,53766.18,464530.319,43,3
90,91.0,leacer,51.793,0.0938,30005.6,442882.8795,34,3
91,92.0,leacer,51.945,0.0312,30023.22,438223.4207,32,3
92,93.0,leacer,51.164,0.0938,31239.39,449879.3268,37,3
93,94.0,leacer,51.027,0.0625,31553.2,454540.5707,39,4
94,95.0,leacer,50.266,0.0938,31940.02,459201.3923,41,4
95,96.0,leacer,48.824,0.0938,34518.69,468538.7317,45,4
96,97.0,leacer,49.335,0.0938,32702.86,468525.1613,45,4
97,98.0,leacer,50.633,0.0625,31204.15,466188.0314,44,4
98,99.0,leacer,50.64,0.0625,31011.56,468516.8967,45,4
99,100.0,leacer,50.077,0.125,31219.03,475507.0835,48,4
100,101.0,leacer,49.554,0.1562,31848.21,477839.8919,49,4
101,102.0,leacer,49.421,0.1562,32139.62,477841.3748,49,4
102,103.0,leacer,48.869,0.2188,32847.55,477844.5951,49,4
103,104.0,leacer,49.201,0.2188,33204.1,477847.6248,49,4
104,105.0,leacer,49.123,0.25,33856.42,475521.5767,48,4
105,106.0,leacer,49.142,0.25,34158.99,477853.9624,49,4
106,107.0,leacer,48.71,0.3125,34928.08,477859.068,49,4
107,108.0,leacer,49.151,0.3438,34492.71,477857.0344,49,4
108,109.0,leacer,49.179,0.3438,34325.75,477855.9095,49,4
109,110.0,leacer,49.031,0.375,34615.25,480187.669,50,4
110,111.0,leacer,47.649,0.375,36427.34,484860.3123,52,4
111,112.0,leacer,47.788,0.3438,36746.36,484863.8111,52,4
112,113.0,leacer,47.357,0.375,38101.48,484873.0597,52,4
113,114.0,leacer,47.443,0.375,37697.29,484868.9266,52,4
114,115.0,leacer,46.624,0.4375,38047.13,484870.2739,52,4
115,116.0,leacer,46.97,0.4062,38115.19,487201.461,53,4
116,117.0,leacer,46.788,0.4375,38393.91,491862.4745,55,4
117,118.0,leacer,47.284,0.4375,38525.07,491866.0508,55,4
118,119.0,leacer,47.316,0.4688,39134.29,494201.8282,56,4
119,120.0,leacer,47.377,0.4375,39993.99,494215.4368,56,4
120,121.0,leacer,47.239,0.5312,41045.69,491896.5531,55,4
121,122.0,leacer,47.021,0.5,43679.86,491946.1754,55,4
122,123.0,leacer,46.432,0.5,48680.28,494437.9325,56,4
123,124.0,leacer,46.534,0.5312,75673.73,494221.5461,55,4
124,125.0,leacer,46.017,0.5312,330141.99,498402.279,56,5
125,126.0,leacer,46.132,0.5312,7112225.93,496192.6191,55,5
126,127.0,leacer,46.495,0.5312,8094746.21,496105.9522,55,5
127,128.0,leacer,46.872,0.5625,43063.58,496583.3284,57,5
128,129.0,leacer,46.072,0.5938,41683.13,498890.6305,58,5
129,130.0,leacer,46.356,0.5625,40471.0,498878.0307,58,5
130,131.0,leacer,46.119,0.5938,40260.7,498872.5552,58,5
131,132.0,leacer,46.62,0.5625,40131.84,496541.6224,57,5
132,133.0,leacer,44.863,0.625,42156.28,501210.272,59,5
133,134.0,leacer,45.266,0.5938,41117.99,498874.203,58,5
134,135.0,leacer,44.206,0.6562,41945.91,503537.1998,60,5
135,136.0,leacer,45.577,0.5,39187.93,491869.0865,55,5
136,137.0,leacer,45.906,0.5312,40149.73,494213.3284,56,5
137,138.0,leacer,45.325,0.4688,39628.93,498862.7139,58,5
138,139.0,leacer,45.34,0.5,39471.32,498858.9016,58,5
139,140.0,leacer,45.013,0.4688,39845.05,501189.4875,59,5
140,141.0,leacer,48.999,0.2812,33484.55,484840.784,52,5
141,142.0,leacer,48.952,0.125,33147.3,484837.3073,52,5
142,143.0,leacer,47.854,0.125,33715.29,494158.3613,56,5
143,144.0,leacer,48.836,0.0625,32062.31,491819.5974,55,5
144,145.0,leacer,48.448,0.1562,31926.59,496478.0606,57,5
145,146.0,leacer,48.193,0.1562,32174.15,503469.0133,60,5
146,147.0,leacer,49.109,0.1562,31215.35,501134.8507,59,5
147,148.0,leacer,49.823,0.2188,31031.01,498804.3519,58,5
148,149.0,leacer,49.769,0.1875,31850.56,503469.2848,60,5
149,150.0,leacer,50.123,0.1875,36797.83,503549.9096,60,5
150,151.0,leacer,48.9,0.2188,339941.06,513449.1158,64,5
151,152.0,leacer,49.001,0.2188,3485823.46,513450.0474,64,5
152,153.0,leacer,49.115,0.2188,5954441.9,515780.4162,65,5
153,154.0,leacer,49.554,0.1875,5953996.9,513448.6765,64,5
154,155.0,leacer,48.834,0.2188,5954736.54,511121.7001,63,5
155,156.0,leacer,49.223,0.1875,5954543.87,511121.1306,63,6
156,157.0,leacer,48.395,0.2188,5955729.5,515786.7216,65,6
157,158.0,leacer,48.875,0.1875,5955179.32,513454.1142,64,6
158,159.0,leacer,49.04,0.2188,5955052.82,515783.4824,65,6
159,160.0,leacer,49.49,0.2188,5954584.08,515781.5615,65,6
160,161.0,leacer,49.168,0.25,5954869.17,520442.5669,67,6
161,162.0,leacer,49.296,0.2188,5954545.71,518110.9156,66,6
162,163.0,leacer,49.699,0.25,5954276.45,513450.0709,64,6
163,164.0,leacer,49.233,0.2188,5954518.07,515780.7276,65,6
164,165.0,leacer,49.168,0.25,5954473.77,518110.4496,66,6
165,166.0,leacer,49.158,0.2188,41819.27,515340.9375,65,6
166,167.0,leacer,48.604,0.25,34781.6,519808.4463,67,6
167,168.0,leacer,48.65,0.2188,33348.11,522119.7805,68,6
168,169.0,leacer,48.149,0.2812,32864.79,519783.0841,67,6
169,170.0,leacer,48.177,0.2812,32319.07,519779.1167,67,6
170,171.0,leacer,47.263,0.3125,32289.47,524437.2422,69,6
171,172.0,leacer,47.322,0.2812,31981.09,526765.8176,70,6
172,173.0,leacer,47.333,0.3438,32021.4,529096.2602,71,6
173,174.0,leacer,47.284,0.4062,32237.62,526767.678,70,6
174,175.0,leacer,46.798,0.4375,33008.92,529101.3465,71,6
175,176.0,leacer,46.508,0.4375,33652.51,526774.7799,70,6
176,177.0,leacer,46.062,0.4688,34637.86,524450.4271,69,6
177,178.0,leacer,44.334,0.5312,36919.4,526791.96,70,6
178,179.0,leacer,43.351,0.625,39654.05,533802.2083,73,6
179,180.0,leacer,42.948,0.6562,41520.66,531488.79,72,6
180,181.0,leacer,47.844,0.3125,34452.14,496493.107,57,6
181,182.0,leacer,47.417,0.1875,35180.05,496497.241,57,6
182,183.0,leacer,45.106,0.2188,37758.74,505831.8852,61,6
183,184.0,leacer,45.152,0.2188,38462.45,512826.8122,64,6
184,185.0,leacer,45.386,0.2812,37866.67,510493.7862,63,6
185,186.0,leacer,45.319,0.2188,37741.94,519810.9042,67,6
186,187.0,leacer,44.983,0.2812,36639.31,531451.3335,72,7
187,188.0,leacer,46.157,0.25,34641.45,529110.1817,71,7
188,189.0,leacer,47.558,0.2812,33347.08,529104.8583,71,7
189,190.0,leacer,48.539,0.2812,32562.01,533762.0618,73,7
190,191.0,leacer,48.303,0.3125,32839.53,536093.1384,74,7
191,192.0,leacer,49.006,0.2812,32055.07,538419.7053,75,7
192,193.0,leacer,49.744,0.2812,31395.2,536087.0988,74,7
193,194.0,leacer,50.347,0.2812,31093.08,533756.3953,73,7
194,195.0,leacer,50.365,0.3125,31032.76,536085.9959,74,7
195,196.0,leacer,50.081,0.3125,31483.71,538418.1099,75,7
196,197.0,leacer,50.376,0.3125,31382.84,538418.2059,75,7
197,198.0,leacer,49.981,0.2812,31834.24,540750.2122,76,7
198,199.0,leacer,48.718,0.3125,33048.03,545415.9779,78,7
199,200.0,leacer,49.519,0.2812,32582.48,545415.1537,78,7
200,201.0,leacer,49.941,0.2812,32249.98,543083.7179,77,7
201,202.0,leacer,49.424,0.3438,32540.83,550074.0645,80,7
202,203.0,leacer,48.866,0.375,33391.15,550078.0976,80,7
203,204.0,leacer,49.339,0.375,32752.29,547744.6383,79,7
204,205.0,leacer,48.921,0.4062,32957.65,550075.0125,80,7
205,206.0,leacer,48.706,0.375,33213.54,550076.023,80,7
206,207.0,leacer,48.961,0.4375,33018.61,550075.3828,80,7
207,208.0,leacer,49.263,0.4688,32802.95,550074.6331,80,7
208,209.0,leacer,48.736,0.5,33317.92,552406.8482,81,7
209,210.0,leacer,48.25,0.4688,33787.79,552408.7339,81,7
210,211.0,leacer,47.832,0.5,34435.71,552411.982,81,7
211,212.0,leacer,47.205,0.4688,35716.22,550089.7632,80,7
212,213.0,leacer,47.138,0.5312,38998.57,550123.5276,80,7
213,214.0,leacer,46.658,0.5938,45345.09,552587.413,81,7
214,215.0,leacer,45.652,0.6562,116743.29,556717.2534,81,7
215,216.0,leacer,44.927,0.6562,302671.67,554392.7265,80,7
216,217.0,leacer,44.834,0.7188,1489523.86,554404.5125,80,7
217,218.0,leacer,44.541,0.6875,15038428.17,549754.4184,78,8
218,219.0,leacer,43.257,0.7188,73409.94,549406.727,79,8
219,220.0,leacer,42.119,0.7188,66273.55,550704.4123,80,8
220,221.0,leacer,41.727,0.8438,213806.63,554777.384,81,8
221,222.0,leacer,41.889,0.9062,177214.7,552324.3639,79,8
222,223.0,leacer,42.639,0.9375,1870170.84,552131.2587,79,8
223,224.0,leacer,41.842,0.9062,15044124.74,554446.6695,80,8
224,225.0,leacer,41.957,0.9688,15045162.06,554459.7863,80,8
225,226.0,leacer,43.305,0.8125,15041862.26,540456.5221,74,8
226,227.0,leacer,43.013,0.75,15044373.8,542831.3904,75,8
227,228.0,leacer,43.35,0.6562,15042304.3,542803.1488,75,8
228,229.0,leacer,42.879,0.6562,15041398.94,540456.5828,74,8
229,230.0,leacer,43.072,0.6562,15040221.87,547434.1717,77,8
230,231.0,leacer,43.492,0.5,15036079.18,533416.7848,71,8
231,232.0,leacer,44.177,0.25,49822.78,522450.7455,68,8
232,233.0,leacer,43.699,0.2188,40480.08,529154.8487,71,8
233,234.0,leacer,45.171,0.1875,35526.81,522122.6917,68,8
234,235.0,leacer,45.866,0.2812,34938.84,522120.4796,68,8
235,236.0,leacer,46.106,0.2812,35358.44,529113.7099,71,8
236,237.0,leacer,46.635,0.3125,35512.48,519801.4919,67,8
237,238.0,leacer,46.418,0.25,41741.49,538573.3834,75,8
238,239.0,leacer,45.863,0.3125,240745.64,543749.2325,77,8
239,240.0,leacer,46.749,0.3125,612514.75,543746.0861,77,8
240,241.0,leacer,47.685,0.3438,5955623.99,548404.7823,79,8
241,242.0,leacer,48.063,0.3125,5955497.0,548404.814,79,8
242,243.0,leacer,48.362,0.375,5955527.4,548405.657,79,8
243,244.0,leacer,48.351,0.375,5955507.14,550735.44,80,8
244,245.0,leacer,48.165,0.4062,5955479.84,546074.7488,78,8
245,246.0,leacer,48.162,0.4062,5955497.76,546074.7615,78,8
246,247.0,leacer,47.536,0.4375,5956017.61,546076.6309,78,8
247,248.0,leacer,47.417,0.4375,5956047.57,548406.553,79,8
248,249.0,leacer,47.373,0.4688,5956210.43,550737.3853,80,9
249,250.0,leacer,47.549,0.4375,5956060.89,550736.8672,80,9
250,251.0,leacer,47.32,0.4688,5956338.36,550738.102,80,9
251,252.0,leacer,47.728,0.4688,5955926.65,548406.4568,79,9
252,253.0,leacer,47.218,0.5,5956243.82,550737.4486,80,9
253,254.0,leacer,47.335,0.4688,5956119.52,550737.1453,80,9
254,255.0,leacer,47.266,0.5,5956318.62,553068.5404,81,9
255,256.0,leacer,47.272,0.4688,41004.57,550206.3489,80,9
256,257.0,leacer,46.924,0.5625,38710.47,547803.2924,79,9
257,258.0,leacer,46.667,0.5625,38318.91,543132.181,77,9
258,259.0,leacer,45.687,0.5938,42734.47,547870.811,79,9
259,260.0,leacer,46.382,0.5938,52173.44,548340.2945,79,9
260,261.0,leacer,45.741,0.6562,276511.68,554295.1109,80,9
261,262.0,leacer,46.056,0.6562,1559006.09,554293.6905,80,9
262,263.0,leacer,45.885,0.7188,14907015.76,554293.6282,80,9
263,264.0,leacer,45.885,0.6875,14907852.9,554300.5406,80,9
264,265.0,leacer,44.83,0.7188,14909823.61,551980.1149,79,9
265,266.0,leacer,44.941,0.7188,61739.01,546521.9752,78,9
266,267.0,leacer,43.361,0.7812,56052.13,546026.1765,78,9
267,268.0,leacer,42.821,0.7812,50678.45,543387.4034,77,9
268,269.0,leacer,41.839,0.875,50013.14,545618.3826,78,9
269,270.0,leacer,41.629,0.9062,49420.3,543246.6426,77,9
270,271.0,leacer,44.67,0.4688,40983.54,501192.9849,59,9
271,272.0,leacer,44.893,0.1875,40226.72,505846.1779,61,9
272,273.0,leacer,43.427,0.125,43897.08,519864.4579,67,9
273,274.0,leacer,46.012,0.0938,42788.77,503593.2209,60,9
274,275.0,leacer,45.028,0.0938,37709.91,515154.7874,65,9
275,276.0,leacer,44.061,0.1562,37648.72,522140.7573,68,9
276,277.0,leacer,44.546,0.1875,36574.25,526792.6343,70,9
277,278.0,leacer,45.66,0.2188,37076.54,529130.1056,71,9
278,279.0,leacer,45.572,0.25,36754.63,538445.1372,75,9
279,280.0,leacer,46.761,0.2188,34847.62,533773.966,73,10
280,281.0,leacer,46.907,0.2812,34788.04,540763.3172,76,10
281,282.0,leacer,46.736,0.25,34994.44,550084.4273,80,10
282,283.0,leacer,46.925,0.3125,34873.45,550083.8111,80,10
283,284.0,leacer,47.312,0.2812,34812.11,547754.2196,79,10
284,285.0,leacer,47.018,0.3125,34921.33,547754.0966,79,10
285,286.0,leacer,47.076,0.2812,34226.37,547749.5968,79,10
286,287.0,leacer,47.488,0.3438,33864.47,550077.9287,80,10
287,288.0,leacer,48.443,0.3438,33155.24,545415.1952,78,10
288,289.0,leacer,48.226,0.375,33600.59,550077.6671,80,10
289,290.0,leacer,48.764,0.3438,32995.18,547744.7829,79,10
290,291.0,leacer,48.874,0.375,33419.5,545418.7095,78,10
291,292.0,leacer,49.004,0.3438,33014.98,547745.7651,79,10
292,293.0,leacer,49.139,0.375,33014.3,545415.5256,78,10
293,294.0,leacer,49.331,0.3438,32792.25,543084.4095,77,10
294,295.0,leacer,49.186,0.375,32772.01,543083.8375,77,10
295,296.0,leacer,49.123,0.3438,32843.63,543084.1663,77,10
296,297.0,leacer,48.687,0.375,33562.09,543087.976,77,10
297,298.0,leacer,48.617,0.375,33454.33,540757.4452,76,10
298,299.0,leacer,49.149,0.4062,32834.71,543084.6584,77,10
299,300.0,leacer,48.908,0.4375,33026.21,543085.4186,77,10
300,301.0,leacer,48.302,0.4375,33062.83,545414.8607,78,10
301,302.0,leacer,48.175,0.4062,33189.45,545415.4027,78,10
302,303.0,leacer,48.044,0.4375,33639.78,543087.9446,77,10
303,304.0,leacer,48.101,0.4062,33797.16,545419.2813,78,10
304,305.0,leacer,47.624,0.4375,34502.09,543092.6906,77,10
305,306.0,leacer,47.24,0.4375,34889.67,545424.22,78,10
306,307.0,leacer,46.707,0.4688,36991.51,545441.789,78,10
307,308.0,leacer,47.452,0.4375,36570.17,540779.4152,76,10
308,309.0,leacer,46.353,0.5312,38492.19,545449.5992,78,10
309,310.0,leacer,46.026,0.5,38440.62,540786.2855,76,10
310,311.0,leacer,44.946,0.5312,40033.18,543131.9403,77,11
311,312.0,leacer,45.552,0.5938,40019.11,533818.1638,73,11
312,313.0,leacer,45.287,0.625,43822.75,540863.9135,76,11
313,314.0,leacer,45.078,0.6562,49353.53,541037.8096,76,11
314,315.0,leacer,44.925,0.6875,71613.97,542598.2972,76,11
315,316.0,leacer,45.033,0.5312,39122.83,529140.9343,71,11
316,317.0,leacer,44.44,0.4688,40535.26,529151.0599,71,11
317,318.0,leacer,44.081,0.4062,41638.85,531490.923,72,11
318,319.0,leacer,44.93,0.5,41544.82,524508.9765,69,11
319,320.0,leacer,44.852,0.5625,42673.78,526853.0896,70,11
320,321.0,leacer,45.839,0.3438,35858.37,515138.4038,65,11
321,322.0,leacer,47.241,0.1562,34671.28,508143.9165,62,11
322,323.0,leacer,46.98,0.1562,35258.09,510479.3736,63,11
323,324.0,leacer,46.995,0.125,34888.94,510477.4589,63,11
324,325.0,leacer,46.005,0.1562,34995.23,522124.3124,68,11
325,326.0,leacer,46.753,0.1562,34349.17,526780.4475,70,11
326,327.0,leacer,48.197,0.2188,33712.79,526778.5884,70,11
327,328.0,leacer,49.096,0.1875,39335.28,529204.4813,71,11
328,329.0,leacer,48.724,0.2812,222214.09,536761.5373,74,11
329,330.0,leacer,49.509,0.25,324529.83,536754.8106,74,11
330,331.0,leacer,49.688,0.25,5954836.36,536753.7173,74,11
331,332.0,leacer,49.625,0.2812,5954943.63,539084.1677,75,11
332,333.0,leacer,50.28,0.25,5954510.07,539082.7325,75,11
333,334.0,leacer,50.659,0.2188,5954111.07,536751.0532,74,11
334,335.0,leacer,50.032,0.25,5954534.4,541412.4419,76,11
335,336.0,leacer,50.073,0.1875,5954478.57,543742.2191,77,11
336,337.0,leacer,50.118,0.25,5954430.32,541412.0161,76,11
337,338.0,leacer,49.904,0.2188,5954606.62,541412.6029,76,11
338,339.0,leacer,49.899,0.2812,5954507.38,541412.1118,76,11
339,340.0,leacer,49.637,0.25,5954620.03,543742.2177,77,11
340,341.0,leacer,48.662,0.2812,5955534.54,546074.941,78,11
341,342.0,leacer,49.08,0.3125,5955157.41,543743.7558,77,12
342,343.0,leacer,49.043,0.3438,5955024.41,541413.2047,76,12
343,344.0,leacer,48.971,0.3125,5955005.08,539083.1722,75,12
344,345.0,leacer,48.653,0.3438,5955458.12,541415.2101,76,12
345,346.0,leacer,48.316,0.3438,5955698.93,543745.9816,77,12
346,347.0,leacer,47.55,0.375,5956141.76,539087.7625,75,12
347,348.0,leacer,47.118,0.3438,5956784.89,539092.6591,75,12
348,349.0,leacer,46.711,0.375,5957685.27,541428.8035,76,12
349,350.0,leacer,46.738,0.3438,5958845.82,539113.0412,75,12
350,351.0,leacer,45.685,0.4375,5961569.56,539139.1158,75,12
351,352.0,leacer,45.537,0.4375,5962951.13,536832.1742,74,12
352,353.0,leacer,44.087,0.5,5967714.19,539236.9074,75,12
353,354.0,leacer,43.825,0.5625,5991691.48,535369.9502,73,12
354,355.0,leacer,43.079,0.625,6087994.99,539334.1155,73,12
355,356.0,leacer,43.212,0.6562,6660757.46,537008.3744,72,12
356,357.0,leacer,42.72,0.6875,7332395.61,541677.9268,74,12
357,358.0,leacer,42.286,0.7812,11193152.4,544017.2554,75,12
358,359.0,leacer,41.447,0.8125,24331060.23,544029.115,75,12
359,360.0,leacer,41.152,0.8125,26762630.23,544041.8632,75,12
360,361.0,leacer,46.191,0.375,14909173.62,498393.5538,56,12
361,362.0,leacer,46.362,0.125,42188.71,494277.7205,56,12
362,363.0,leacer,45.495,0.0312,38274.54,505839.6544,61,12
363,364.0,leacer,47.493,0.0312,33441.54,491825.3924,55,12
364,365.0,leacer,47.263,0.0625,32671.87,501141.1485,59,12
365,366.0,leacer,47.973,0.0625,32392.81,510460.3824,63,12
366,367.0,leacer,49.31,0.1562,31289.92,505796.4202,61,12
367,368.0,leacer,49.717,0.1875,31726.17,510459.5795,63,12
368,369.0,leacer,48.993,0.1875,32973.21,519785.4848,67,12
369,370.0,leacer,49.509,0.2188,32619.1,526774.9138,70,12
370,371.0,leacer,48.672,0.2812,34095.22,533773.4822,73,12
371,372.0,leacer,49.313,0.1875,33375.1,529110.8401,71,12
372,373.0,leacer,49.221,0.2188,33525.94,538431.6557,75,13
373,374.0,leacer,49.812,0.2812,33056.1,538430.1696,75,13
374,375.0,leacer,49.743,0.3438,33085.99,538430.3863,75,13
375,376.0,leacer,49.717,0.3125,33001.16,533769.5745,73,13
376,377.0,leacer,49.181,0.3438,34078.35,538437.8568,75,13
377,378.0,leacer,49.646,0.3438,34348.02,536114.5225,74,13
378,379.0,leacer,49.81,0.375,35966.73,536137.7014,74,13
379,380.0,leacer,49.829,0.375,38572.0,536192.2974,74,13
380,381.0,leacer,49.512,0.4375,38427.25,538511.4255,75,13
381,382.0,leacer,49.186,0.4375,38917.88,540845.1579,76,13
382,383.0,leacer,49.359,0.4375,39764.34,540860.4317,76,13
383,384.0,leacer,49.377,0.4688,44175.3,541005.8606,76,13
384,385.0,leacer,48.521,0.5,56713.83,541693.7033,76,13
385,386.0,leacer,48.511,0.4688,202725.59,549708.348,78,13
386,387.0,leacer,48.519,0.4688,452313.3,547380.1902,77,13
387,388.0,leacer,48.06,0.5312,1273834.7,547387.9836,77,13
388,389.0,leacer,46.812,0.5625,8189712.55,552050.3209,79,13
389,390.0,leacer,46.662,0.5938,15034228.62,554383.3355,80,13
390,391.0,leacer,46.03,0.625,15034327.14,554382.8871,80,13
391,392.0,leacer,45.954,0.5938,15034581.95,552054.583,79,13
392,393.0,leacer,46.223,0.625,15034951.64,552058.5618,79,13
393,394.0,leacer,45.796,0.6562,15035485.72,547401.5679,77,13
394,395.0,leacer,45.978,0.6875,15036530.53,549742.061,78,13
395,396.0,leacer,45.794,0.6562,15036313.45,552067.8907,79,13
396,397.0,leacer,45.437,0.6875,15038228.42,552088.8537,79,13
397,398.0,leacer,45.712,0.7188,15037433.1,552079.4376,79,13
398,399.0,leacer,45.339,0.75,15037693.32,552081.0443,79,13
399,400.0,leacer,45.346,0.7188,15037830.72,545090.9985,76,13
400,401.0,leacer,45.208,0.7812,15038025.04,542761.5919,75,13
401,402.0,leacer,44.653,0.75,15039013.79,552089.9017,79,13
402,403.0,leacer,44.676,0.7812,15039395.96,552092.2962,79,13
403,404.0,leacer,44.438,0.8125,15039959.95,549770.2068,78,14
404,405.0,leacer,43.54,0.875,15042662.78,556790.8611,81,14
405,406.0,leacer,43.917,0.7188,78251.16,536214.4633,73,14
406,407.0,leacer,42.042,0.6875,62613.0,537006.3031,74,14
407,408.0,leacer,42.321,0.5938,54981.47,534243.8427,73,14
408,409.0,leacer,42.852,0.6562,49531.73,531708.3696,72,14
409,410.0,leacer,43.188,0.6875,47498.14,529310.1006,71,14
410,411.0,leacer,45.119,0.5,41553.84,531546.1797,72,14
411,412.0,leacer,46.253,0.4062,38003.96,524493.9717,69,14
412,413.0,leacer,45.625,0.375,36483.38,533784.9631,73,14
413,414.0,leacer,44.183,0.3438,36116.87,533777.4032,73,14
414,415.0,leacer,44.125,0.4062,35762.01,547754.242,79,14
415,416.0,leacer,45.04,0.375,34730.6,550079.2055,80,14
416,417.0,leacer,46.672,0.375,33059.72,543082.1839,77,14
417,418.0,leacer,47.038,0.4062,32746.72,543080.9853,77,14
418,419.0,leacer,47.338,0.4062,32775.16,550071.4822,80,14
419,420.0,leacer,47.35,0.4375,33080.88,550073.036,80,14
420,421.0,leacer,47.899,0.4688,32574.03,552401.1055,81,14
421,422.0,leacer,47.874,0.4375,32527.79,557060.6525,83,14
422,423.0,leacer,47.227,0.4688,32732.96,561720.7978,85,14
423,424.0,leacer,46.962,0.4375,33113.21,561722.4171,85,14
424,425.0,leacer,47.562,0.5,33062.26,564053.3781,86,14
425,426.0,leacer,47.628,0.4688,32891.06,564052.4753,86,14
426,427.0,leacer,47.515,0.5,32942.61,564052.5189,86,14
427,428.0,leacer,47.566,0.4688,32795.73,559391.7963,84,14
428,429.0,leacer,47.57,0.5,32857.71,557062.2144,83,14
429,430.0,leacer,48.142,0.4688,32735.91,557062.5558,83,14
430,431.0,leacer,47.542,0.5312,33432.57,557065.6879,83,14
431,432.0,leacer,47.614,0.5312,33531.36,554737.0014,82,14
432,433.0,leacer,47.466,0.5938,34202.35,554741.9118,82,14
433,434.0,leacer,47.666,0.5625,33953.13,554740.5766,82,14
434,435.0,leacer,46.857,0.5938,35239.99,557077.3231,83,15
435,436.0,leacer,46.968,0.5625,35083.31,557076.4859,83,15
436,437.0,leacer,46.842,0.625,35208.38,557076.8085,83,15
437,438.0,leacer,46.882,0.6562,35302.63,557078.3485,83,15
438,439.0,leacer,47.049,0.6562,35431.22,554750.4158,82,15
439,440.0,leacer,46.854,0.6875,35632.47,557081.8849,83,15
440,441.0,leacer,46.765,0.7188,35734.32,557082.268,83,15
441,442.0,leacer,46.57,0.7188,35963.77,561743.5514,85,15
442,443.0,leacer,45.416,0.75,37452.35,559420.7764,84,15
443,444.0,leacer,45.829,0.7188,37806.11,547776.3384,79,15
444,445.0,leacer,45.016,0.75,38026.71,557096.93,83,15
445,446.0,leacer,45.074,0.7188,38831.3,554775.855,82,15
446,447.0,leacer,44.267,0.8125,40346.48,554786.1306,82,15
447,448.0,leacer,43.49,0.8125,41636.5,559457.8627,84,15
448,449.0,leacer,43.186,0.875,43298.55,561811.5212,85,15
449,450.0,leacer,42.483,0.9062,44716.58,561821.5989,85,15
450,451.0,leacer,45.214,0.5625,37690.49,526799.5254,70,15
451,452.0,leacer,45.228,0.3438,38241.64,526804.4743,70,15
452,453.0,leacer,43.633,0.3125,40425.94,540796.5115,76,15
453,454.0,leacer,44.161,0.25,39342.03,529138.8443,71,15
454,455.0,leacer,42.231,0.2188,40005.78,545448.9515,78,15
455,456.0,leacer,42.667,0.1875,40236.45,557102.6849,83,15
456,457.0,leacer,43.602,0.2812,39726.76,554771.2699,82,15
457,458.0,leacer,45.299,0.25,38113.85,552434.3774,81,15
458,459.0,leacer,46.176,0.3125,36725.87,552426.3895,81,15
459,460.0,leacer,46.642,0.2812,36486.69,557085.7704,83,15
460,461.0,leacer,46.507,0.3438,36705.98,561746.6985,85,15
461,462.0,leacer,47.054,0.3125,36331.13,557085.8578,83,15
462,463.0,leacer,46.725,0.3438,36524.44,559416.2583,84,15
463,464.0,leacer,47.351,0.3438,36072.81,561744.4859,85,15
464,465.0,leacer,47.791,0.4375,36017.18,564074.999,86,15
465,466.0,leacer,48.018,0.4062,35687.72,561743.6436,85,16
466,467.0,leacer,48.229,0.4375,35746.08,566404.406,87,16
467,468.0,leacer,48.889,0.375,35138.34,559411.7943,84,16
468,469.0,leacer,49.035,0.4062,34934.15,561740.6064,85,16
469,470.0,leacer,48.563,0.375,35461.0,561742.9263,85,16
470,471.0,leacer,48.355,0.4062,35469.65,559412.7086,84,16
471,472.0,leacer,48.353,0.375,35628.32,559414.2027,84,16
472,473.0,leacer,48.115,0.375,36408.45,557090.2874,83,16
473,474.0,leacer,47.75,0.4375,36939.46,559422.9868,84,16
474,475.0,leacer,47.85,0.4062,37102.08,557094.4628,83,16
475,476.0,leacer,47.904,0.4375,37453.29,559427.6146,84,16
476,477.0,leacer,47.403,0.4688,41065.6,564130.6198,86,16
477,478.0,leacer,47.587,0.4375,40312.98,561787.1854,85,16
478,479.0,leacer,47.958,0.4688,40075.14,559453.4805,84,16
479,480.0,leacer,47.476,0.5312,40725.28,561787.6532,85,16
480,481.0,leacer,47.216,0.5312,40930.42,566448.4035,87,16
481,482.0,leacer,46.849,0.5312,41062.47,564118.427,86,16
482,483.0,leacer,45.984,0.5938,42989.28,564132.7112,86,16
483,484.0,leacer,46.703,0.5312,41635.56,561793.1785,85,16
484,485.0,leacer,46.6,0.5312,41632.04,564122.7563,86,16
485,486.0,leacer,46.902,0.5312,41109.55,557129.2212,83,16
486,487.0,leacer,45.866,0.5625,41804.22,557131.4846,83,16
487,488.0,leacer,45.569,0.5625,42252.53,557133.9487,83,16
488,489.0,leacer,45.968,0.5938,41742.47,554797.5564,82,16
489,490.0,leacer,46.306,0.625,42336.5,557135.1354,83,16
490,491.0,leacer,46.308,0.625,42284.91,552474.8464,81,16
491,492.0,leacer,46.611,0.6875,42932.01,552485.2502,81,16
492,493.0,leacer,46.868,0.625,41258.6,552469.3581,81,16
493,494.0,leacer,46.065,0.6875,41292.77,554795.7067,82,16
494,495.0,leacer,45.923,0.6875,41215.23,552462.3872,81,16
495,496.0,leacer,47.308,0.5625,39512.28,538474.382,75,16
496,497.0,leacer,46.429,0.5625,42078.24,545494.452,78,17
497,498.0,leacer,45.925,0.5625,41656.94,545482.9038,78,17
498,499.0,leacer,45.347,0.5938,41198.95,545472.9063,78,17
499,500.0,leacer,45.523,0.5938,40934.8,543140.0289,77,17
500,501.0,leacer,46.885,0.4062,36460.72,524465.0354,69,17
501,502.0,leacer,47.236,0.1875,35503.51,526788.21,70,17
502,503.0,leacer,47.158,0.1875,35036.84,526784.1323,70,17
503,504.0,leacer,47.803,0.1562,34173.28,517460.0633,66,17
504,505.0,leacer,47.936,0.1562,33967.46,529109.0142,71,17
505,506.0,leacer,48.587,0.1875,33396.99,533766.9019,73,17
506,507.0,leacer,49.767,0.2188,31645.01,526768.5089,70,17
507,508.0,leacer,49.862,0.25,31389.64,529097.1429,71,17
508,509.0,leacer,50.332,0.2188,30864.55,531424.9628,72,17
509,510.0,leacer,50.197,0.2188,31049.67,536085.765,74,17
510,511.0,leacer,50.358,0.2188,30795.65,540744.6208,76,17
511,512.0,leacer,50.427,0.2812,30698.8,540744.2259,76,17
512,513.0,leacer,49.478,0.375,31921.0,547739.9002,79,17
513,514.0,leacer,49.563,0.3438,31761.51,547738.8159,79,17
514,515.0,leacer,50.101,0.375,31276.94,540746.87,76,17
515,516.0,leacer,49.58,0.4062,32173.57,543081.4613,77,17
516,517.0,leacer,49.152,0.4375,32348.99,545411.3335,78,17
517,518.0,leacer,48.668,0.4375,32759.85,547742.7346,79,17
518,519.0,leacer,49.008,0.4375,32422.7,550071.5441,80,17
519,520.0,leacer,48.443,0.4062,32874.98,554733.7378,82,17
520,521.0,leacer,47.971,0.4688,33054.56,557064.5593,83,17
521,522.0,leacer,48.377,0.4688,32744.46,554733.4222,82,17
522,523.0,leacer,47.898,0.5,33687.41,554738.3765,82,17
523,524.0,leacer,48.909,0.5,32896.44,550075.3805,80,17
524,525.0,leacer,49.053,0.5,32907.42,547745.6107,79,17
525,526.0,leacer,48.997,0.5,33179.22,547747.3133,79,17
526,527.0,leacer,48.291,0.5312,33611.83,550079.3286,80,17
527,528.0,leacer,48.41,0.5,33755.99,552411.2156,81,18
528,529.0,leacer,48.14,0.5625,34383.63,552417.2239,81,18
529,530.0,leacer,48.047,0.5312,34710.45,552420.3979,81,18
530,531.0,leacer,47.632,0.5625,35170.41,543102.5159,77,18
531,532.0,leacer,47.963,0.5625,35079.26,538442.5741,75,18
532,533.0,leacer,46.959,0.5938,36218.26,545437.645,78,18
533,534.0,leacer,46.048,0.625,38703.25,545454.24,78,18
534,535.0,leacer,45.398,0.625,40505.64,552457.9302,81,18
535,536.0,leacer,45.359,0.7188,42245.58,552474.6236,81,18
536,537.0,leacer,45.353,0.7812,43620.35,545499.7459,78,18
537,538.0,leacer,45.342,0.8125,44088.99,547836.9258,79,18
538,539.0,leacer,44.012,0.875,44646.36,552491.1524,81,18
539,540.0,leacer,43.586,0.9688,45631.53,552499.0651,81,18
540,541.0,leacer,45.043,0.5625,39342.37,522149.4085,68,18
541,542.0,leacer,45.106,0.3125,38278.05,519811.4216,67,18
542,543.0,leacer,44.092,0.1875,38520.55,524469.8732,69,18
543,544.0,leacer,45.026,0.1562,37018.96,522132.3599,68,18
544,545.0,leacer,43.987,0.1562,37469.23,533783.1294,73,18
545,546.0,leacer,45.252,0.1562,36326.07,543098.9408,77,18
546,547.0,leacer,45.75,0.2188,35156.23,536102.8094,74,18
547,548.0,leacer,46.672,0.2188,34444.41,533770.2755,73,18
548,549.0,leacer,46.818,0.2188,34522.19,543091.0471,77,18
549,550.0,leacer,47.433,0.25,34170.21,538430.1881,75,18
550,551.0,leacer,47.759,0.2812,33936.56,540759.318,76,18
551,552.0,leacer,48.044,0.2812,34090.63,543090.9378,77,18
552,553.0,leacer,47.26,0.375,35374.56,545427.507,78,18
553,554.0,leacer,47.519,0.3125,35327.03,547757.5758,79,18
554,555.0,leacer,46.952,0.3438,36096.74,554751.4538,82,18
555,556.0,leacer,47.474,0.3125,35457.51,557078.6963,83,18
556,557.0,leacer,47.208,0.375,35616.34,552419.4292,81,18
557,558.0,leacer,48.187,0.3438,35395.66,547761.1494,79,18
558,559.0,leacer,48.045,0.375,35648.43,552422.2762,81,19
559,560.0,leacer,47.996,0.3438,36027.66,557085.1333,83,19
560,561.0,leacer,47.9,0.375,36472.68,559419.8725,84,19
561,562.0,leacer,48.21,0.3438,36844.24,559425.529,84,19
562,563.0,leacer,48.149,0.4062,37335.75,559430.3091,84,19
563,564.0,leacer,48.373,0.375,37065.32,554767.7636,82,19
564,565.0,leacer,47.798,0.4062,37549.06,554769.2161,82,19
565,566.0,leacer,47.544,0.375,37795.53,557100.086,83,19
566,567.0,leacer,46.546,0.4375,38941.71,559434.7263,84,19
567,568.0,leacer,46.936,0.4688,39064.58,554777.7957,82,19
568,569.0,leacer,46.819,0.5312,39893.16,554784.7075,82,19
569,570.0,leacer,46.703,0.5312,39832.93,550124.1454,80,19
570,571.0,leacer,46.387,0.5625,40226.1,554787.694,82,19
571,572.0,leacer,46.643,0.5625,39975.71,550126.9506,80,19
572,573.0,leacer,46.893,0.5625,39906.08,547799.3394,79,19
573,574.0,leacer,46.002,0.5625,42323.95,550159.4229,80,19
574,575.0,leacer,45.778,0.5625,42580.45,550161.0583,80,19
575,576.0,leacer,45.106,0.5938,43427.66,547836.6174,79,19
576,577.0,leacer,44.648,0.625,44861.99,550181.5394,80,19
577,578.0,leacer,43.865,0.6562,45810.51,557172.4234,83,19
578,579.0,leacer,43.243,0.6562,47084.54,554854.9153,82,19
579,580.0,leacer,43.463,0.6562,47869.42,554868.9653,82,19
580,581.0,leacer,43.472,0.75,47815.5,561856.2111,85,19
581,582.0,leacer,43.891,0.75,46223.08,552516.7327,81,19
582,583.0,leacer,44.123,0.9062,46140.95,554849.7503,82,19
583,584.0,leacer,44.217,0.875,45660.98,552515.5803,81,19
584,585.0,leacer,43.256,0.9062,46283.69,557180.3997,83,19
585,586.0,leacer,43.84,0.75,44444.19,543184.2653,77,19
586,587.0,leacer,43.539,0.6562,45878.08,545534.8165,78,19
587,588.0,leacer,43.409,0.5312,51826.87,550367.358,80,19
588,589.0,leacer,44.318,0.5312,66928.85,546813.8116,78,19
589,590.0,leacer,44.824,0.5312,453700.97,545065.0703,76,20
590,591.0,leacer,46.717,0.2812,351878.65,531069.2336,70,20
591,592.0,leacer,47.274,0.2812,46900.14,524780.5248,69,20
592,593.0,leacer,45.913,0.25,39233.19,538480.1193,75,20
593,594.0,leacer,48.67,0.2188,32869.01,529103.7765,71,20
594,595.0,leacer,49.727,0.25,32207.92,536091.7964,74,20
595,596.0,leacer,49.321,0.2188,32138.21,543080.4068,77,20
596,597.0,leacer,49.381,0.25,32425.22,552402.473,81,20
597,598.0,leacer,50.669,0.2188,30793.58,547734.9866,79,20
598,599.0,leacer,49.083,0.25,31817.62,557058.4172,83,20
599,600.0,leacer,49.521,0.2188,31289.82,561716.3374,85,20
600,601.0,leacer,49.548,0.25,31156.08,566375.6681,87,20
601,602.0,leacer,49.761,0.2188,30995.89,566375.1234,87,20
602,603.0,leacer,49.994,0.2188,31019.89,566375.7588,87,20
603,604.0,leacer,50.008,0.2188,31043.28,568705.9291,88,20
604,605.0,leacer,49.661,0.3125,31431.81,568707.5482,88,20
605,606.0,leacer,50.469,0.3125,30714.89,561714.8221,85,20
606,607.0,leacer,50.797,0.375,30556.22,564044.4975,86,20
607,608.0,leacer,50.251,0.3438,30950.64,566375.8064,87,20
608,609.0,leacer,49.529,0.375,31402.68,568707.0296,88,20
609,610.0,leacer,49.665,0.375,31269.9,566376.448,87,20
610,611.0,leacer,50.007,0.4062,31149.59,564046.4106,86,20
611,612.0,leacer,50.132,0.4375,31088.98,564046.2348,86,20
612,613.0,leacer,49.083,0.4688,31881.22,571038.9788,89,20
613,614.0,leacer,48.959,0.4375,32110.36,571040.2305,89,20
614,615.0,leacer,48.039,0.4688,33605.15,573377.7377,90,20
615,616.0,leacer,47.801,0.4375,33893.11,568719.8603,88,20
616,617.0,leacer,47.493,0.4688,34798.89,568725.7167,88,20
617,618.0,leacer,48.164,0.5312,34434.58,568726.4989,88,20
618,619.0,leacer,48.461,0.5625,34449.85,571059.8886,89,20
619,620.0,leacer,48.492,0.5625,35053.42,573399.1217,90,20
620,621.0,leacer,48.166,0.5625,36433.82,575747.3817,91,21
621,622.0,leacer,48.575,0.5312,37945.84,568793.6781,88,21
622,623.0,leacer,48.114,0.5625,47499.11,571455.926,89,21
623,624.0,leacer,47.731,0.5625,82788.9,572652.9534,88,21
624,625.0,leacer,47.012,0.625,367792.75,570605.9487,87,21
625,626.0,leacer,46.571,0.625,1323322.62,568281.7962,86,21
626,627.0,leacer,46.214,0.6875,43959.82,566534.2295,87,21
627,628.0,leacer,45.749,0.75,47960.91,571259.8661,89,21
628,629.0,leacer,45.29,0.7812,53432.69,573749.4318,90,21
629,630.0,leacer,44.806,0.875,79735.02,575736.4471,90,21
630,631.0,leacer,46.174,0.5938,40420.6,540825.9164,76,21
631,632.0,leacer,45.84,0.3438,39128.87,540802.0019,76,21
632,633.0,leacer,44.328,0.25,39602.6,554773.732,82,21
633,634.0,leacer,45.382,0.1875,37568.98,540779.3548,76,21
634,635.0,leacer,45.068,0.2188,36833.48,538444.2481,75,21
635,636.0,leacer,44.841,0.1875,37275.73,547765.8684,79,21
636,637.0,leacer,46.288,0.1875,36020.9,536110.2711,74,21
637,638.0,leacer,46.036,0.25,36643.53,545433.5481,78,21
638,639.0,leacer,46.028,0.2812,37264.45,552427.1527,81,21
639,640.0,leacer,46.739,0.25,36216.24,552421.6728,81,21
640,641.0,leacer,46.533,0.3125,35798.08,554748.7649,82,21
641,642.0,leacer,47.5,0.2812,34860.05,554744.4873,82,21
642,643.0,leacer,47.544,0.3438,34753.77,559403.8999,84,21
643,644.0,leacer,48.175,0.2812,34107.51,559401.1067,84,21
644,645.0,leacer,47.951,0.3438,33773.12,561728.8482,85,21
645,646.0,leacer,48.072,0.3438,33613.87,557068.355,83,21
646,647.0,leacer,47.959,0.3438,33871.56,559399.5815,84,21
647,648.0,leacer,47.339,0.375,35145.97,564067.1089,86,21
648,649.0,leacer,47.363,0.4062,35893.26,566405.5273,87,21
649,650.0,leacer,47.611,0.4062,37230.19,564095.6594,86,21
650,651.0,leacer,47.58,0.4688,38507.58,566444.7159,87,21
651,652.0,leacer,47.638,0.4375,37959.47,566435.372,87,22
652,653.0,leacer,47.442,0.4688,37339.96,564096.3155,86,22
653,654.0,leacer,47.677,0.4688,37372.66,566429.2869,87,22
654,655.0,leacer,47.163,0.4688,37924.74,564100.3553,86,22
655,656.0,leacer,48.093,0.5,36642.79,557098.4092,83,22
656,657.0,leacer,46.995,0.5312,37189.88,568745.4123,88,22
657,658.0,leacer,47.115,0.5,36838.51,568742.0926,88,22
658,659.0,leacer,46.709,0.5625,37678.33,571076.6993,89,22
659,660.0,leacer,46.847,0.5312,37561.27,568746.269,88,22
660,661.0,leacer,46.89,0.5938,37556.86,575737.4972,91,22
661,662.0,leacer,46.724,0.5625,37735.03,575737.7816,91,22
662,663.0,leacer,45.683,0.5938,38084.86,573407.7401,90,22
663,664.0,leacer,46.1,0.625,40282.85,575760.6569,91,22
664,665.0,leacer,46.237,0.6875,39534.52,573423.5994,90,22
665,666.0,leacer,46.261,0.6562,39492.91,575753.8733,91,22
666,667.0,leacer,46.275,0.6562,39223.02,571089.8435,89,22
667,668.0,leacer,45.673,0.6875,15037050.61,573046.2154,88,22
668,669.0,leacer,45.396,0.6875,49128.18,566627.2411,87,22
669,670.0,leacer,45.498,0.6875,43499.61,566479.4738,87,22
670,671.0,leacer,44.941,0.7812,41455.92,566442.9551,87,22
671,672.0,leacer,44.831,0.7812,40863.53,564104.1094,86,22
672,673.0,leacer,44.092,0.8125,40640.77,564099.6191,86,22
673,674.0,leacer,43.744,0.8438,41015.39,561771.8462,85,22
674,675.0,leacer,42.615,0.875,42530.04,561781.8596,85,22
675,676.0,leacer,43.136,0.75,40241.38,540792.1947,76,22
676,677.0,leacer,42.164,0.7188,42399.71,550126.4889,80,22
677,678.0,leacer,42.124,0.6875,41954.72,550123.4507,80,22
678,679.0,leacer,42.189,0.7812,42461.14,547799.931,79,22
679,680.0,leacer,42.518,0.7812,42042.13,550129.3238,80,22
680,681.0,leacer,44.437,0.6562,37532.97,536117.341,74,22
681,682.0,leacer,44.421,0.4375,37473.51,538446.2689,75,22
682,683.0,leacer,45.451,0.2812,35663.75,536105.9243,74,23
683,684.0,leacer,45.787,0.2812,36247.78,526793.7989,70,23
684,685.0,leacer,45.822,0.2812,35663.1,538438.6144,75,23
685,686.0,leacer,45.032,0.3125,35849.51,550086.882,80,23
686,687.0,leacer,45.457,0.2812,34874.27,550080.3412,80,23
687,688.0,leacer,45.872,0.3125,34371.42,552407.4225,81,23
688,689.0,leacer,45.441,0.375,34925.47,561729.0801,85,23
689,690.0,leacer,45.757,0.3438,36488.35,564074.082,86,23
690,691.0,leacer,45.829,0.4375,582447.9,564721.9604,86,23
691,692.0,leacer,46.498,0.4062,977728.56,562388.861,85,23
692,693.0,leacer,46.996,0.4062,5956281.02,562386.9087,85,23
693,694.0,leacer,47.555,0.4375,5956049.5,562386.6194,85,23
694,695.0,leacer,47.52,0.4375,5956246.56,564717.629,86,23
695,696.0,leacer,47.043,0.4062,5956546.72,567048.5033,87,23
696,697.0,leacer,47.154,0.4375,5956467.97,564718.2025,86,23
697,698.0,leacer,47.564,0.4062,5956041.49,564716.4678,86,23
698,699.0,leacer,47.748,0.4375,5955935.97,562386.2138,85,23
699,700.0,leacer,47.862,0.4062,5955857.03,564715.8844,86,23
700,701.0,leacer,48.027,0.4375,5955741.58,564715.6125,86,23
701,702.0,leacer,48.256,0.4062,5955459.34,560054.3835,84,23
702,703.0,leacer,47.64,0.4375,5956343.9,560058.7454,84,23
703,704.0,leacer,47.499,0.4062,5956406.66,560058.6927,84,23
704,705.0,leacer,47.273,0.4375,5956680.72,560060.1383,84,23
705,706.0,leacer,47.395,0.4062,5956807.13,557731.5433,83,23
706,707.0,leacer,46.484,0.4688,5957723.26,557736.0382,83,23
707,708.0,leacer,46.702,0.4375,5957860.72,557738.4781,83,23
708,709.0,leacer,46.313,0.4688,5957971.61,557738.3975,83,23
709,710.0,leacer,46.312,0.4688,5958300.32,557740.8948,83,23
710,711.0,leacer,46.055,0.5,5959236.84,555418.6704,82,23
711,712.0,leacer,45.982,0.5,5960353.17,557761.4277,83,23
712,713.0,leacer,45.758,0.5625,5961535.22,553114.9582,81,23
713,714.0,leacer,45.712,0.625,5962754.17,557796.9894,83,24
714,715.0,leacer,45.287,0.625,5963192.95,555469.7532,82,24
715,716.0,leacer,45.551,0.6875,5963263.01,555469.5491,82,24
716,717.0,leacer,45.168,0.6562,5964985.7,550827.9251,80,24
717,718.0,leacer,44.739,0.6562,5965212.23,555485.4195,82,24
718,719.0,leacer,43.593,0.7812,5967142.96,555497.554,82,24
719,720.0,leacer,43.454,0.7812,5967367.23,555495.1473,82,24
720,721.0,leacer,47.513,0.375,35374.63,512809.9586,64,24
721,722.0,leacer,47.739,0.125,34544.92,512803.3023,64,24
722,723.0,leacer,47.187,0.0938,34872.12,519793.2568,67,24
723,724.0,leacer,48.329,0.125,33279.02,508135.6813,62,24
724,725.0,leacer,46.956,0.1562,33447.3,522114.4056,68,24
725,726.0,leacer,46.439,0.1875,34202.96,533767.9783,73,24
726,727.0,leacer,46.858,0.25,34404.93,540760.015,76,24
727,728.0,leacer,48.007,0.1875,33234.57,533765.0243,73,24
728,729.0,leacer,48.672,0.2812,33053.69,538424.9424,75,24
729,730.0,leacer,48.776,0.25,32810.13,543083.6804,77,24
730,731.0,leacer,49.067,0.2812,32289.28,547741.0177,79,24
731,732.0,leacer,49.836,0.2188,31658.4,545408.7354,78,24
732,733.0,leacer,48.7,0.25,32310.81,550070.5573,80,24
733,734.0,leacer,49.06,0.2188,31932.58,545409.2514,78,24
734,735.0,leacer,49.027,0.2812,32258.5,547741.0698,79,24
735,736.0,leacer,49.495,0.2812,31981.06,545410.3052,78,24
736,737.0,leacer,48.681,0.3125,32657.74,547742.8299,79,24
737,738.0,leacer,48.515,0.2812,32847.47,550073.5984,80,24
738,739.0,leacer,48.643,0.3438,33383.81,547746.8373,79,24
739,740.0,leacer,49.395,0.375,32839.28,545414.8987,78,24
740,741.0,leacer,48.692,0.4062,34335.79,552413.4214,81,24
741,742.0,leacer,49.009,0.4062,33913.28,550081.0655,80,24
742,743.0,leacer,48.805,0.4375,34512.79,552414.1938,81,24
743,744.0,leacer,48.671,0.4062,34415.59,554743.431,82,24
744,745.0,leacer,48.73,0.5,34502.01,554744.5113,82,25
745,746.0,leacer,48.766,0.5312,34878.28,552417.7865,81,25
746,747.0,leacer,48.231,0.5312,37180.32,554766.3167,82,25
747,748.0,leacer,47.839,0.5,37692.31,554768.4766,82,25
748,749.0,leacer,47.552,0.5312,38259.09,554773.927,82,25
749,750.0,leacer,47.382,0.5312,39433.29,557119.0179,83,25
750,751.0,leacer,46.923,0.5938,39619.3,559447.0384,84,25
751,752.0,leacer,46.592,0.5938,39223.38,557110.3823,83,25
752,753.0,leacer,46.499,0.625,38927.12,561763.996,85,25
753,754.0,leacer,46.533,0.5938,38556.56,557100.2649,83,25
754,755.0,leacer,45.682,0.6562,38819.77,554770.0223,82,25
755,756.0,leacer,45.229,0.625,39391.05,552442.881,81,25
756,757.0,leacer,45.063,0.6875,39720.22,554774.4385,82,25
757,758.0,leacer,44.595,0.6562,40968.55,554782.9963,82,25
758,759.0,leacer,45.094,0.6562,42376.86,552472.5365,81,25
759,760.0,leacer,44.933,0.6562,40946.65,554786.0636,82,25
760,761.0,leacer,44.519,0.7188,42865.36,550143.1627,80,25
761,762.0,leacer,44.487,0.7812,42739.95,550138.8197,80,25
762,763.0,leacer,44.331,0.7812,44058.11,547821.739,79,25
763,764.0,leacer,42.867,0.8438,49083.59,543209.1586,77,25
764,765.0,leacer,43.291,0.8438,49244.75,543219.3233,77,25
765,766.0,leacer,44.217,0.8125,46524.38,524557.6681,69,25
766,767.0,leacer,44.71,0.8125,45139.84,524546.991,69,25
767,768.0,leacer,44.574,0.75,43441.96,538500.6147,75,25
768,769.0,leacer,44.04,0.75,43078.95,536163.6516,74,25
769,770.0,leacer,44.441,0.6875,40825.67,536143.7267,74,25
770,771.0,leacer,47.0,0.4062,35778.26,517470.2967,66,25
771,772.0,leacer,46.861,0.1875,35281.81,515136.0868,65,25
772,773.0,leacer,46.802,0.125,34869.91,522122.6847,68,25
773,774.0,leacer,48.367,0.1562,32905.63,515124.2374,65,25
774,775.0,leacer,48.101,0.25,32960.59,526773.8184,70,25
775,776.0,leacer,47.836,0.1875,33333.5,531435.5038,72,26
776,777.0,leacer,48.948,0.25,32266.35,526770.789,70,26
777,778.0,leacer,49.456,0.2188,31848.44,529099.4577,71,26
778,779.0,leacer,50.169,0.25,31166.88,531426.867,72,26
779,780.0,leacer,50.787,0.2188,30620.32,531425.0893,72,26
780,781.0,leacer,50.382,0.2812,30941.24,536086.1815,74,26
781,782.0,leacer,50.579,0.25,30831.61,536085.86,74,26
782,783.0,leacer,49.901,0.2812,31792.27,538420.5884,75,26
783,784.0,leacer,50.476,0.25,31145.24,538417.7305,75,26
784,785.0,leacer,49.743,0.3438,32401.78,540754.5613,76,26
785,786.0,leacer,49.889,0.3438,32324.63,538425.4423,75,26
786,787.0,leacer,49.904,0.375,32636.14,536098.8395,74,26
787,788.0,leacer,49.999,0.3438,33257.47,533777.8123,73,26
788,789.0,leacer,49.753,0.4062,33474.7,536109.1362,74,26
789,790.0,leacer,49.832,0.375,33462.73,536109.4614,74,26
790,791.0,leacer,49.326,0.4062,33504.62,536108.8776,74,26
791,792.0,leacer,49.429,0.4062,33460.34,533778.76,73,26
792,793.0,leacer,48.158,0.4375,34139.41,531450.3971,72,26
793,794.0,leacer,48.593,0.4375,32518.99,533763.0947,73,26
794,795.0,leacer,48.304,0.4688,33067.18,536096.0991,74,26
795,796.0,leacer,48.944,0.4375,32660.98,531435.0541,72,26
796,797.0,leacer,49.036,0.4688,33134.22,533769.7894,73,26
797,798.0,leacer,48.677,0.4688,33338.14,536099.7565,74,26
798,799.0,leacer,48.573,0.5,33950.16,533772.8374,73,26
799,800.0,leacer,48.671,0.4688,33762.51,536101.245,74,26
800,801.0,leacer,48.008,0.5312,34717.77,538435.4701,75,26
801,802.0,leacer,47.389,0.5,35873.77,540771.6372,76,26
802,803.0,leacer,46.468,0.5938,39843.01,536145.5173,74,26
803,804.0,leacer,46.299,0.5938,106035.51,534457.5015,73,26
804,805.0,leacer,45.762,0.6562,5961596.41,534463.4451,73,26
805,806.0,leacer,45.829,0.6562,5961992.87,534467.6288,73,26
806,807.0,leacer,45.298,0.75,5963313.11,532148.3367,72,27
807,808.0,leacer,44.339,0.75,5964309.53,532154.5267,72,27
808,809.0,leacer,43.617,0.8438,5967112.78,536845.6824,74,27
809,810.0,leacer,42.657,0.9375,5969785.47,539205.6673,75,27
810,811.0,leacer,46.112,0.4375,41717.6,503566.6614,60,27
811,812.0,leacer,46.324,0.1875,42383.89,505913.28,61,27
812,813.0,leacer,42.998,0.1875,42575.4,519855.7061,67,27
813,814.0,leacer,44.442,0.125,38126.84,505829.1567,61,27
814,815.0,leacer,44.932,0.125,36604.31,522129.8595,68,27
815,816.0,leacer,46.043,0.2188,35219.08,522123.494,68,27
816,817.0,leacer,46.175,0.2188,35606.82,529116.4698,71,27
817,818.0,leacer,46.423,0.2188,35614.82,531447.1269,72,27
818,819.0,leacer,47.1,0.2812,35744.89,533781.7184,73,27
819,820.0,leacer,48.309,0.3125,34851.57,533778.4063,73,27
820,821.0,leacer,48.043,0.2812,35029.18,543098.529,77,27
821,822.0,leacer,48.888,0.2188,34426.97,540766.4746,76,27
822,823.0,leacer,49.268,0.2812,39088.89,545506.0107,78,27
823,824.0,leacer,49.556,0.25,39831.46,550193.6095,80,27
824,825.0,leacer,48.68,0.3125,44417.84,550338.5922,80,27
825,826.0,leacer,49.28,0.2812,41069.66,547905.7648,79,27
826,827.0,leacer,48.949,0.3438,39885.84,545524.3239,78,27
827,828.0,leacer,49.752,0.3125,37098.09,543144.9763,77,27
828,829.0,leacer,49.807,0.3438,35776.84,545451.3189,78,27
829,830.0,leacer,50.098,0.3125,35488.25,543119.4211,77,27
830,831.0,leacer,49.728,0.3438,35076.22,547773.2584,79,27
831,832.0,leacer,49.566,0.3125,35304.52,550104.7548,80,27
832,833.0,leacer,49.096,0.3438,35971.5,552438.8996,81,27
833,834.0,leacer,49.486,0.3438,35569.13,552436.4247,81,27
834,835.0,leacer,49.702,0.375,35411.65,550105.6159,80,27
835,836.0,leacer,49.697,0.375,35481.32,550106.517,80,27
836,837.0,leacer,49.486,0.4375,37302.0,547801.7325,79,27
837,838.0,leacer,50.197,0.375,35853.0,547783.4027,79,28
838,839.0,leacer,49.713,0.4062,35362.82,552432.9387,81,28
839,840.0,leacer,48.903,0.375,35602.48,554760.8292,82,28
840,841.0,leacer,48.676,0.4062,35517.49,557087.2653,83,28
841,842.0,leacer,48.216,0.375,36076.78,557089.0059,83,28
842,843.0,leacer,47.942,0.4062,36825.62,557093.7499,83,28
843,844.0,leacer,47.776,0.4375,36963.84,554762.6313,82,28
844,845.0,leacer,47.542,0.5312,37670.9,554767.2219,82,28
845,846.0,leacer,47.364,0.5312,37317.85,557092.9152,83,28
846,847.0,leacer,46.295,0.5938,38140.96,554765.3341,82,28
847,848.0,leacer,46.117,0.5938,37805.33,554762.1133,82,28
848,849.0,leacer,45.784,0.6562,38674.84,552439.9119,81,28
849,850.0,leacer,45.664,0.6562,39855.22,550118.7439,80,28
850,851.0,leacer,44.096,0.6875,40839.13,557111.4081,83,28
851,852.0,leacer,44.514,0.7188,40691.64,552452.5407,81,28
852,853.0,leacer,43.188,0.8438,43452.06,559461.7235,84,28
853,854.0,leacer,43.38,0.8125,44722.94,552485.1329,81,28
854,855.0,leacer,43.329,0.9062,44281.78,550154.4268,80,28
855,856.0,leacer,43.59,0.75,41707.91,536147.8181,74,28
856,857.0,leacer,44.028,0.625,40764.18,538471.3666,75,28
857,858.0,leacer,44.206,0.5,40251.75,543127.177,77,28
858,859.0,leacer,43.877,0.5312,39965.6,543124.6456,77,28
859,860.0,leacer,44.655,0.5,38514.53,543114.6218,77,28
860,861.0,leacer,47.331,0.3438,34059.22,524449.7251,69,28
861,862.0,leacer,48.667,0.1875,32762.01,522114.096,68,28
862,863.0,leacer,48.474,0.1875,33059.53,529105.6666,71,28
863,864.0,leacer,49.041,0.1562,32126.07,531430.8508,72,28
864,865.0,leacer,48.537,0.1875,32854.34,536094.2004,74,28
865,866.0,leacer,49.308,0.1562,32279.43,538422.2281,75,28
866,867.0,leacer,49.618,0.1875,31764.84,543079.7296,77,28
867,868.0,leacer,50.16,0.1562,31024.28,545406.263,78,28
868,869.0,leacer,50.497,0.2188,31169.52,547738.4453,79,29
869,870.0,leacer,51.021,0.1875,30442.82,543074.9961,77,29
870,871.0,leacer,50.18,0.2188,30833.19,552395.8917,81,29
871,872.0,leacer,50.254,0.2188,30632.62,554724.6864,82,29
872,873.0,leacer,49.356,0.2812,31414.53,557057.4744,83,29
873,874.0,leacer,49.888,0.25,30920.75,554725.366,82,29
874,875.0,leacer,49.723,0.3125,30984.71,564044.0767,86,29
875,876.0,leacer,49.621,0.2812,31224.04,559385.0841,84,29
876,877.0,leacer,49.35,0.3125,31703.16,559387.195,84,29
877,878.0,leacer,48.959,0.2812,32641.03,561722.7371,85,29
878,879.0,leacer,49.046,0.375,32522.4,561722.1751,85,29
879,880.0,leacer,49.23,0.3438,31838.92,557057.8604,83,29
880,881.0,leacer,48.539,0.375,32603.18,557061.4821,83,29
881,882.0,leacer,48.257,0.3438,32670.22,554731.346,82,29
882,883.0,leacer,48.397,0.4062,32322.22,550069.6664,80,29
883,884.0,leacer,48.504,0.375,32154.93,547739.0789,79,29
884,885.0,leacer,48.355,0.4062,32325.64,552399.1269,81,29
885,886.0,leacer,48.41,0.4062,32223.87,554728.8338,82,29
886,887.0,leacer,48.275,0.4375,32388.47,550069.7485,80,29
887,888.0,leacer,48.629,0.4375,32027.41,547738.3313,79,29
888,889.0,leacer,48.123,0.4688,33139.87,543083.7943,77,29
889,890.0,leacer,47.768,0.4375,33990.65,545418.2672,78,29
890,891.0,leacer,47.705,0.4688,35900.25,547766.4983,79,29
891,892.0,leacer,47.237,0.4688,48115.73,552773.111,81,29
892,893.0,leacer,45.883,0.5,153725.28,555417.4203,82,29
893,894.0,leacer,45.698,0.5,1347488.88,548443.1062,79,29
894,895.0,leacer,45.327,0.5312,5961483.62,550772.8584,80,29
895,896.0,leacer,45.032,0.625,5962754.62,553116.3343,81,29
896,897.0,leacer,44.679,0.6875,5964047.21,553129.2916,81,29
897,898.0,leacer,44.119,0.6875,5965426.14,555471.9147,82,29
898,899.0,leacer,42.661,0.8125,5966197.64,560122.9067,84,29
899,900.0,leacer,42.126,0.8438,5967381.68,562462.5599,85,30
900,901.0,leacer,45.159,0.375,35142.03,517461.55,66,30
901,902.0,leacer,45.366,0.0938,34911.71,519790.8235,67,30
902,903.0,leacer,45.455,0.0938,34732.1,524449.7175,69,30
903,904.0,leacer,45.789,0.0938,34727.72,519790.5581,67,30
904,905.0,leacer,45.243,0.0938,34815.69,529110.8324,71,30
905,906.0,leacer,44.699,0.1875,36315.53,540770.735,76,30
906,907.0,leacer,45.341,0.3125,36055.35,552420.8789,81,30
907,908.0,leacer,46.474,0.375,35769.86,554751.5459,82,30
908,909.0,leacer,46.719,0.4062,35990.32,559412.7137,84,30
909,910.0,leacer,47.698,0.3125,35119.87,554748.8096,82,30
910,911.0,leacer,48.02,0.3125,34373.89,557074.9065,83,30
911,912.0,leacer,47.668,0.2812,34392.03,564064.2514,86,30
912,913.0,leacer,48.253,0.3438,34250.81,564064.89,86,30
913,914.0,leacer,48.485,0.3125,33935.74,564063.2881,86,30
914,915.0,leacer,47.93,0.375,34507.7,571055.5758,89,30
915,916.0,leacer,48.576,0.3438,33836.82,566392.7167,87,30
916,917.0,leacer,48.493,0.375,33865.79,564062.6593,86,30
917,918.0,leacer,48.561,0.3438,33751.02,559401.9262,84,30
918,919.0,leacer,48.476,0.375,34786.36,559410.1358,84,30
919,920.0,leacer,48.493,0.3438,34796.96,561738.9657,85,30
920,921.0,leacer,48.289,0.3438,35037.18,561739.6988,85,30
921,922.0,leacer,48.347,0.4375,35632.0,561745.1621,85,30
922,923.0,leacer,48.411,0.4375,35364.77,564072.0353,86,30
923,924.0,leacer,48.213,0.4375,35515.23,559412.1899,84,30
924,925.0,leacer,48.094,0.4688,36635.93,561750.3564,85,30
925,926.0,leacer,47.886,0.4375,37426.08,564087.1432,86,30
926,927.0,leacer,47.84,0.5312,36296.39,564076.5142,86,30
927,928.0,leacer,47.665,0.5312,36539.48,564077.3417,86,30
928,929.0,leacer,47.04,0.5625,37400.62,564081.3165,86,30
929,930.0,leacer,46.643,0.5312,37881.63,566413.9219,87,30
930,931.0,leacer,45.792,0.5938,39570.75,566424.9608,87,31
931,932.0,leacer,45.091,0.5938,40215.39,568757.7656,88,31
932,933.0,leacer,44.803,0.6562,40861.17,566431.7042,87,31
933,934.0,leacer,45.149,0.625,41254.67,561776.7047,85,31
934,935.0,leacer,44.965,0.6562,41992.43,568772.8143,88,31
935,936.0,leacer,45.426,0.625,41275.4,566439.1769,87,31
936,937.0,leacer,44.59,0.6875,42199.41,566443.3526,87,31
937,938.0,leacer,45.142,0.7188,41491.95,557119.6699,83,31
938,939.0,leacer,45.573,0.75,42165.44,559460.1146,84,31
939,940.0,leacer,45.611,0.7188,41581.41,557123.3203,83,31
940,941.0,leacer,45.057,0.7188,41549.8,559450.3943,84,31
941,942.0,leacer,44.413,0.75,42586.23,559457.3344,84,31
942,943.0,leacer,44.601,0.75,42186.45,550133.6838,80,31
943,944.0,leacer,44.663,0.75,42021.8,550131.6774,80,31
944,945.0,leacer,44.362,0.8125,41773.68,554788.4762,82,31
945,946.0,leacer,45.06,0.6562,40308.44,547790.0168,79,31
946,947.0,leacer,44.523,0.6562,39517.16,547781.7663,79,31
947,948.0,leacer,44.557,0.5938,39095.7,543118.4578,77,31
948,949.0,leacer,44.072,0.5938,38681.86,538453.6744,75,31
949,950.0,leacer,44.129,0.5938,38781.34,543114.4512,77,31
950,951.0,leacer,45.624,0.4688,36482.55,529121.4689,71,31
951,952.0,leacer,46.084,0.3125,36101.97,522130.0034,68,31
952,953.0,leacer,45.911,0.3438,35799.75,524457.4892,69,31
953,954.0,leacer,46.279,0.2812,35072.25,531443.1201,72,31
954,955.0,leacer,47.543,0.3125,33639.01,526776.6658,70,31
955,956.0,leacer,47.869,0.3438,33331.47,538425.2838,75,31
956,957.0,leacer,48.235,0.3438,33521.36,533768.0303,73,31
957,958.0,leacer,48.603,0.3125,33333.84,540757.1839,76,31
958,959.0,leacer,50.078,0.3438,32024.53,536092.5916,74,31
959,960.0,leacer,50.449,0.3125,31641.87,540750.6419,76,31
960,961.0,leacer,49.916,0.3438,31947.34,545411.3109,78,31
961,962.0,leacer,49.821,0.3125,32003.64,545411.8001,78,32
962,963.0,leacer,48.949,0.3438,32576.39,545413.7918,78,32
963,964.0,leacer,49.093,0.3438,32276.77,545412.1561,78,32
964,965.0,leacer,47.517,0.375,33695.75,550077.5772,80,32
965,966.0,leacer,47.473,0.375,33749.05,550078.283,80,32
966,967.0,leacer,47.415,0.4688,34121.04,550082.1842,80,32
967,968.0,leacer,47.391,0.4688,34915.33,552421.8202,81,32
968,969.0,leacer,47.134,0.5312,36212.75,550108.6126,80,32
969,970.0,leacer,46.931,0.5,40480.7,547868.7059,79,32
970,971.0,leacer,46.431,0.5938,48746.23,550508.2711,80,32
971,972.0,leacer,46.714,0.5625,101327.4,549631.405,78,32
972,973.0,leacer,45.9,0.6562,5963970.22,550842.3755,80,32
973,974.0,leacer,46.39,0.5938,47410.61,552615.2433,81,32
974,975.0,leacer,46.59,0.625,41747.13,557179.5549,83,32
975,976.0,leacer,46.739,0.5938,43493.52,557196.7514,83,32
976,977.0,leacer,46.077,0.6562,237651.0,555507.3916,82,32
977,978.0,leacer,46.342,0.625,654921.87,553169.9481,81,32
978,979.0,leacer,46.384,0.625,1489930.33,550835.7348,80,32
979,980.0,leacer,46.338,0.625,2352293.07,550831.2639,80,32
980,981.0,leacer,44.813,0.6562,5965297.37,553179.6651,81,32
981,982.0,leacer,44.999,0.6562,5964820.21,553169.9899,81,32
982,983.0,leacer,44.596,0.6875,5965380.01,555503.3358,82,32
983,984.0,leacer,44.997,0.6875,5965466.39,553176.3396,81,32
984,985.0,leacer,44.4,0.75,5966777.21,553194.2653,81,32
985,986.0,leacer,44.684,0.7188,5966152.62,553178.1354,81,32
986,987.0,leacer,44.132,0.75,5966809.23,550843.4381,80,32
987,988.0,leacer,43.988,0.7188,5968023.56,546195.4898,78,32
988,989.0,leacer,43.613,0.7812,5970077.63,553207.9323,81,32
989,990.0,leacer,43.418,0.8125,5971577.1,553222.4245,81,32
990,991.0,leacer,47.581,0.4062,35948.99,515146.6387,65,32
991,992.0,leacer,47.042,0.1562,37159.61,515154.1214,65,32
992,993.0,leacer,46.138,0.0938,37578.12,529131.7236,71,33
993,994.0,leacer,47.05,0.0625,34877.36,522124.4406,68,33
994,995.0,leacer,46.062,0.125,34615.95,533771.1432,73,33
995,996.0,leacer,46.248,0.0938,34495.33,545420.1641,78,33
996,997.0,leacer,47.544,0.1875,33088.02,540754.0005,76,33
997,998.0,leacer,48.702,0.2188,32137.39,543080.1145,77,33
998,999.0,leacer,48.972,0.25,31706.81,552398.0129,81,33
999,1000.0,leacer,49.255,0.25,31654.42,557058.1117,83,33
1000,1001.0,leacer,49.209,0.2812,31873.96,559389.0962,84,33
1001,1002.0,leacer,49.416,0.25,31865.17,559389.4408,84,33
1002,1003.0,leacer,49.046,0.2812,32724.42,559394.1047,84,33
1003,1004.0,leacer,49.49,0.2812,32686.98,559395.3146,84,33
1004,1005.0,leacer,49.061,0.3125,33544.52,566390.7466,87,33
1005,1006.0,leacer,49.417,0.3438,33337.94,559400.8641,84,33
1006,1007.0,leacer,49.233,0.4062,34514.72,552421.1298,81,33
1007,1008.0,leacer,49.196,0.375,36076.31,554772.6179,82,33
1008,1009.0,leacer,48.929,0.4062,46591.66,552757.8474,81,33
1009,1010.0,leacer,48.826,0.375,59322.02,551229.5973,80,33
1010,1011.0,leacer,47.987,0.4062,46731.3,552712.6171,81,33
1011,1012.0,leacer,48.178,0.4688,43197.82,552584.6173,81,33
1012,1013.0,leacer,47.939,0.5312,40731.96,552505.2984,81,33
1013,1014.0,leacer,47.713,0.5,39605.59,550145.908,80,33
1014,1015.0,leacer,46.531,0.5312,40149.02,552463.2681,81,33
1015,1016.0,leacer,46.328,0.5,39936.98,550125.1912,80,33
1016,1017.0,leacer,45.282,0.5625,41325.51,559452.0793,84,33
1017,1018.0,leacer,45.39,0.5625,41345.74,559453.4426,84,33
1018,1019.0,leacer,45.301,0.6562,41602.85,559455.0245,84,33
1019,1020.0,leacer,45.456,0.625,41434.97,561785.3362,85,33
1020,1021.0,leacer,45.306,0.6875,42297.5,561791.0384,85,33
1021,1022.0,leacer,45.511,0.6562,42784.66,559469.7419,84,33
1022,1023.0,leacer,45.058,0.6875,44390.64,561829.6066,85,33
1023,1024.0,leacer,45.522,0.6562,46820.94,561902.3783,85,34
1024,1025.0,leacer,44.772,0.7188,50522.35,562009.8176,85,34
1025,1026.0,leacer,44.811,0.7188,50582.08,557348.0592,83,34
1026,1027.0,leacer,44.148,0.7812,52867.53,564387.363,86,34
1027,1028.0,leacer,44.132,0.75,51866.46,559703.4765,84,34
1028,1029.0,leacer,43.962,0.7812,56995.45,559944.1065,84,34
1029,1030.0,leacer,44.028,0.7812,60190.92,564777.0457,86,34
1030,1031.0,leacer,43.845,0.8438,67215.73,565250.2459,86,34
1031,1032.0,leacer,44.289,0.8438,66104.2,567550.4914,87,34
1032,1033.0,leacer,44.9,0.875,60832.79,560212.6294,84,34
1033,1034.0,leacer,45.065,0.8438,53013.25,566770.2881,87,34
1034,1035.0,leacer,45.063,0.875,51340.22,562003.6646,85,34
1035,1036.0,leacer,45.663,0.6875,43736.22,547859.4171,79,34
1036,1037.0,leacer,44.719,0.5938,42643.82,552485.6518,81,34
1037,1038.0,leacer,45.402,0.5312,40299.48,540807.1226,76,34
1038,1039.0,leacer,44.043,0.5625,40601.22,547791.2831,79,34
1039,1040.0,leacer,43.96,0.5,39886.61,550112.5418,80,34
1040,1041.0,leacer,46.062,0.2812,35436.72,538434.5534,75,34
1041,1042.0,leacer,46.378,0.1875,34690.34,538430.1359,75,34
1042,1043.0,leacer,46.424,0.2188,34398.86,547748.7959,79,34
1043,1044.0,leacer,46.323,0.25,33966.12,552407.047,81,34
1044,1045.0,leacer,47.317,0.2812,32823.95,550072.3443,80,34
1045,1046.0,leacer,47.394,0.25,32742.58,557061.6171,83,34
1046,1047.0,leacer,47.587,0.2812,32711.69,557061.3299,83,34
1047,1048.0,leacer,47.918,0.25,32453.97,554730.2203,82,34
1048,1049.0,leacer,46.769,0.3125,33148.81,564052.2941,86,34
1049,1050.0,leacer,46.755,0.3125,33327.86,568713.5748,88,34
1050,1051.0,leacer,47.376,0.375,32884.38,568712.1498,88,34
1051,1052.0,leacer,47.963,0.375,32276.86,564049.6614,86,34
1052,1053.0,leacer,46.657,0.4062,33863.73,573376.7776,90,34
1053,1054.0,leacer,47.517,0.375,32998.03,566383.0705,87,34
1054,1055.0,leacer,46.937,0.4375,33039.83,573372.1603,90,35
1055,1056.0,leacer,47.219,0.4062,32746.72,573371.0627,90,35
1056,1057.0,leacer,48.072,0.4375,32170.6,571039.2212,89,35
1057,1058.0,leacer,48.05,0.4062,32316.26,568709.8493,88,35
1058,1059.0,leacer,48.589,0.4375,32053.4,564049.248,86,35
1059,1060.0,leacer,48.047,0.4062,32565.99,566381.1609,87,35
1060,1061.0,leacer,47.366,0.4688,32877.82,564051.9665,86,35
1061,1062.0,leacer,47.479,0.4375,33063.4,564053.4798,86,35
1062,1063.0,leacer,46.992,0.4688,33570.46,564055.693,86,35
1063,1064.0,leacer,47.413,0.4375,33602.85,559397.0568,84,35
1064,1065.0,leacer,46.988,0.5,34426.13,561731.7079,85,35
1065,1066.0,leacer,46.585,0.4688,34754.06,561733.4305,85,35
1066,1067.0,leacer,46.188,0.5625,34724.96,566391.9473,87,35
1067,1068.0,leacer,46.256,0.5312,34627.72,564061.2617,86,35
1068,1069.0,leacer,45.685,0.5938,35671.41,564065.8632,86,35
1069,1070.0,leacer,45.668,0.625,36135.13,559407.7503,84,35
1070,1071.0,leacer,44.825,0.6562,39352.57,561760.603,85,35
1071,1072.0,leacer,44.888,0.625,107997.06,557755.962,83,35
1072,1073.0,leacer,43.561,0.6875,491625.01,564762.5682,86,35
1073,1074.0,leacer,43.25,0.6562,3538573.26,564797.3911,86,35
1074,1075.0,leacer,42.475,0.7812,5968462.22,567143.6698,87,35
1075,1076.0,leacer,42.177,0.8125,5970732.48,562513.9072,85,35
1076,1077.0,leacer,40.625,0.8438,5979847.05,567367.7468,87,35
1077,1078.0,leacer,40.218,0.8438,5995071.7,570523.4392,88,35
1078,1079.0,leacer,39.761,1.0625,6411277.18,578364.2535,90,35
1079,1080.0,leacer,39.656,1.125,12679800.72,576035.5751,89,35
1080,1081.0,leacer,45.61,0.625,39510.64,524484.7667,69,35
1081,1082.0,leacer,45.52,0.375,38542.21,524474.6929,69,35
1082,1083.0,leacer,44.077,0.25,39615.09,536127.162,74,35
1083,1084.0,leacer,44.742,0.0938,37909.08,529127.0917,71,35
1084,1085.0,leacer,43.926,0.1562,37721.99,543105.1445,77,35
1085,1086.0,leacer,44.558,0.1562,37246.03,545433.4594,78,36
1086,1087.0,leacer,45.986,0.2188,35378.61,543094.5287,77,36
1087,1088.0,leacer,46.968,0.1875,34295.05,538429.4672,75,36
1088,1089.0,leacer,47.099,0.1875,34295.16,550079.5856,80,36
1089,1090.0,leacer,47.582,0.1562,33809.32,554737.4548,82,36
1090,1091.0,leacer,47.612,0.1875,33321.29,550074.7918,80,36
1091,1092.0,leacer,47.972,0.1562,32987.93,554733.6213,82,36
1092,1093.0,leacer,48.36,0.1875,33680.38,554741.1636,82,36
1093,1094.0,leacer,49.269,0.1875,32831.67,554736.7854,82,36
1094,1095.0,leacer,49.137,0.2188,32733.68,561725.3226,85,36
1095,1096.0,leacer,49.326,0.1875,32524.71,566383.9564,87,36
1096,1097.0,leacer,49.651,0.1875,32409.79,557063.9794,83,36
1097,1098.0,leacer,49.544,0.2188,32262.76,557062.5724,83,36
1098,1099.0,leacer,49.62,0.25,32197.17,557062.2232,83,36
1099,1100.0,leacer,49.927,0.2188,31984.82,554731.337,82,36
1100,1101.0,leacer,49.683,0.25,32327.52,557063.0404,83,36
1101,1102.0,leacer,49.497,0.2188,32760.92,559395.5599,84,36
1102,1103.0,leacer,49.332,0.2188,33524.1,561731.2139,85,36
1103,1104.0,leacer,49.438,0.2812,34388.82,561738.9561,85,36
1104,1105.0,leacer,48.586,0.2812,36214.14,564083.1951,86,36
1105,1106.0,leacer,48.337,0.2812,37805.57,564103.4979,86,36
1106,1107.0,leacer,47.037,0.3438,38986.82,566436.369,87,36
1107,1108.0,leacer,46.96,0.3125,39305.54,564108.2255,86,36
1108,1109.0,leacer,46.886,0.3438,39710.24,564113.8417,86,36
1109,1110.0,leacer,46.39,0.4062,40737.18,564121.5812,86,36
1110,1111.0,leacer,45.877,0.4062,42527.43,561811.276,85,36
1111,1112.0,leacer,46.267,0.4062,45209.27,552546.5744,81,36
1112,1113.0,leacer,45.928,0.4688,59916.79,550809.0709,80,36
1113,1114.0,leacer,46.205,0.4375,205170.71,554347.8649,80,36
1114,1115.0,leacer,45.937,0.5,812748.52,552016.6022,79,36
1115,1116.0,leacer,46.035,0.4688,63331.02,553445.5341,81,36
1116,1117.0,leacer,46.052,0.5,52262.99,555077.8918,82,37
1117,1118.0,leacer,46.487,0.5,46916.53,547925.5425,79,37
1118,1119.0,leacer,45.96,0.4688,44750.95,552532.901,81,37
1119,1120.0,leacer,45.541,0.5,43843.5,557166.3534,83,37
1120,1121.0,leacer,45.8,0.5312,41715.89,554809.1787,82,37
1121,1122.0,leacer,45.992,0.5,40946.09,550138.4892,80,37
1122,1123.0,leacer,45.562,0.5625,40936.21,554794.7462,82,37
1123,1124.0,leacer,45.397,0.5938,41213.4,557125.4944,83,37
1124,1125.0,leacer,45.156,0.5938,41880.02,557130.2636,83,37
1125,1126.0,leacer,47.09,0.4062,35690.73,540769.6537,76,37
1126,1127.0,leacer,46.41,0.4375,35700.85,538438.9155,75,37
1127,1128.0,leacer,45.567,0.375,36964.62,543105.6324,77,37
1128,1129.0,leacer,45.285,0.4375,37259.12,540776.7627,76,37
1129,1130.0,leacer,45.378,0.4688,37393.33,547767.8707,79,37
1130,1131.0,leacer,47.623,0.25,33699.92,531437.4814,72,37
1131,1132.0,leacer,48.98,0.1875,32946.56,522116.4834,68,37
1132,1133.0,leacer,47.91,0.1562,34683.54,533776.1018,73,37
1133,1134.0,leacer,47.172,0.1875,34012.23,538428.6747,75,37
1134,1135.0,leacer,47.228,0.2188,33931.2,543090.1396,77,37
1135,1136.0,leacer,47.931,0.1875,33603.12,547750.4721,79,37
1136,1137.0,leacer,49.36,0.2188,31416.63,547736.8929,79,37
1137,1138.0,leacer,49.564,0.1875,31705.77,550068.9948,80,37
1138,1139.0,leacer,50.453,0.2188,30720.09,554724.6337,82,37
1139,1140.0,leacer,50.519,0.2188,30623.74,554724.1439,82,37
1140,1141.0,leacer,50.331,0.25,30829.7,557055.0128,83,37
1141,1142.0,leacer,50.569,0.25,30604.53,552394.1888,81,37
1142,1143.0,leacer,50.569,0.2812,30611.78,552394.2672,81,37
1143,1144.0,leacer,49.997,0.25,31329.97,557057.0777,83,37
1144,1145.0,leacer,49.611,0.2812,31788.09,554729.1074,82,37
1145,1146.0,leacer,49.892,0.2812,31101.9,552395.604,81,37
1146,1147.0,leacer,50.442,0.3125,30771.83,545404.6062,78,37
1147,1148.0,leacer,49.368,0.3125,31540.68,552397.2832,81,38
1148,1149.0,leacer,48.72,0.3438,32272.62,554730.6155,82,38
1149,1150.0,leacer,48.72,0.3438,32162.01,557060.1682,83,38
1150,1151.0,leacer,48.379,0.3438,32296.98,561720.4553,85,38
1151,1152.0,leacer,47.88,0.3438,32691.12,557061.912,83,38
1152,1153.0,leacer,47.571,0.4062,33029.49,559393.3287,84,38
1153,1154.0,leacer,47.547,0.375,33418.26,557065.6834,83,38
1154,1155.0,leacer,47.788,0.4062,33272.12,557065.7374,83,38
1155,1156.0,leacer,47.804,0.5,33388.24,561726.4204,85,38
1156,1157.0,leacer,47.96,0.5,33625.07,564058.6336,86,38
1157,1158.0,leacer,48.143,0.5,33546.63,564058.4735,86,38
1158,1159.0,leacer,48.08,0.5312,33548.9,561728.2084,85,38
1159,1160.0,leacer,48.605,0.5,33238.62,557067.8125,83,38
1160,1161.0,leacer,48.24,0.5312,33849.54,559401.526,84,38
1161,1162.0,leacer,48.51,0.5312,33538.23,557070.0143,83,38
1162,1163.0,leacer,48.057,0.5625,34614.33,561738.9846,85,38
1163,1164.0,leacer,47.701,0.5625,34781.3,554748.9539,82,38
1164,1165.0,leacer,47.036,0.5625,35185.28,550088.7009,80,38
1165,1166.0,leacer,46.378,0.5938,35447.62,543097.1384,77,38
1166,1167.0,leacer,45.606,0.6562,37640.34,552432.6831,81,38
1167,1168.0,leacer,45.422,0.6562,38648.91,552441.7609,81,38
1168,1169.0,leacer,44.979,0.7188,39375.5,559438.399,84,38
1169,1170.0,leacer,45.058,0.7812,39259.72,559437.9126,84,38
1170,1171.0,leacer,48.373,0.4688,33814.48,531439.34,72,38
1171,1172.0,leacer,48.796,0.2188,33213.3,531436.3417,72,38
1172,1173.0,leacer,47.732,0.0938,33856.8,533767.7765,73,38
1173,1174.0,leacer,48.195,0.0625,32732.43,524442.1067,69,38
1174,1175.0,leacer,46.811,0.0938,33598.18,533764.9847,73,38
1175,1176.0,leacer,47.172,0.0625,33523.5,540755.2526,76,38
1176,1177.0,leacer,47.862,0.0938,32874.29,538422.9214,75,38
1177,1178.0,leacer,48.893,0.0938,32078.68,538420.1524,75,38
1178,1179.0,leacer,48.948,0.0938,32033.62,545409.8516,78,39
1179,1180.0,leacer,48.625,0.125,32476.77,545412.015,78,39
1180,1181.0,leacer,48.784,0.1562,32580.8,547742.6485,79,39
1181,1182.0,leacer,48.372,0.125,33317.39,557066.587,83,39
1182,1183.0,leacer,48.404,0.1562,34168.52,557073.5752,83,39
1183,1184.0,leacer,48.874,0.125,36064.63,550113.809,80,39
1184,1185.0,leacer,48.567,0.2188,41877.81,547923.1068,79,39
1185,1186.0,leacer,48.962,0.2188,39975.98,552533.4897,81,39
1186,1187.0,leacer,48.693,0.2812,36941.74,550130.873,80,39
1187,1188.0,leacer,48.99,0.25,35079.97,552434.874,81,39
1188,1189.0,leacer,49.09,0.2812,34246.96,552422.195,81,39
1189,1190.0,leacer,48.872,0.25,33926.35,552416.3953,81,39
1190,1191.0,leacer,48.914,0.2812,34006.1,552416.0385,81,39
1191,1192.0,leacer,49.258,0.25,34065.61,550086.7914,80,39
1192,1193.0,leacer,48.918,0.3125,34549.07,552419.7305,81,39
1193,1194.0,leacer,49.024,0.3125,34713.56,552421.1359,81,39
1194,1195.0,leacer,49.065,0.3438,35058.11,550092.4566,80,39
1195,1196.0,leacer,48.738,0.3125,35900.3,550098.5703,80,39
1196,1197.0,leacer,48.113,0.3438,37894.98,554778.3169,82,39
1197,1198.0,leacer,47.709,0.3438,38192.6,550114.4732,80,39
1198,1199.0,leacer,46.742,0.4688,38807.49,552445.8869,81,39
1199,1200.0,leacer,46.34,0.4375,40247.24,550128.5728,80,39
1200,1201.0,leacer,46.051,0.5312,42133.53,552480.6696,81,39
1201,1202.0,leacer,45.98,0.5312,42286.53,552480.9731,81,39
1202,1203.0,leacer,45.113,0.5625,43037.12,557143.1643,83,39
1203,1204.0,leacer,45.688,0.5625,41518.75,540818.2076,76,39
1204,1205.0,leacer,45.05,0.625,41573.47,550133.3786,80,39
1205,1206.0,leacer,45.102,0.625,41560.08,550131.0742,80,39
1206,1207.0,leacer,45.12,0.6562,41611.77,550131.25,80,39
1207,1208.0,leacer,45.47,0.625,42116.73,547808.9515,79,39
1208,1209.0,leacer,43.843,0.6875,45520.97,557159.9207,83,39
1209,1210.0,leacer,44.195,0.6562,44849.41,557152.791,83,40
1210,1211.0,leacer,44.246,0.75,43920.26,552482.6533,81,40
1211,1212.0,leacer,44.788,0.7188,42889.54,552475.656,81,40
1212,1213.0,leacer,44.376,0.75,42428.44,550140.4752,80,40
1213,1214.0,leacer,44.094,0.7188,42530.1,554799.9726,82,40
1214,1215.0,leacer,44.273,0.7188,41914.24,552464.6827,81,40
1215,1216.0,leacer,43.906,0.6875,42276.77,550137.161,80,40
1216,1217.0,leacer,43.428,0.625,44366.8,550159.6379,80,40
1217,1218.0,leacer,43.799,0.625,45429.43,550186.8308,80,40
1218,1219.0,leacer,44.435,0.75,51820.63,548072.7192,79,40
1219,1220.0,leacer,44.486,0.7188,48739.95,547975.3133,79,40
1220,1221.0,leacer,47.185,0.4688,40645.03,531538.5689,72,40
1221,1222.0,leacer,47.41,0.3125,39076.76,536166.8797,74,40
1222,1223.0,leacer,46.591,0.25,38488.81,540814.9126,76,40
1223,1224.0,leacer,46.899,0.1875,37168.45,536136.842,74,40
1224,1225.0,leacer,46.603,0.2188,36519.17,540782.1645,76,40
1225,1226.0,leacer,47.286,0.1562,34936.18,552417.8594,81,40
1226,1227.0,leacer,48.514,0.1562,32703.6,545414.0642,78,40
1227,1228.0,leacer,49.371,0.1875,31959.39,552400.5883,81,40
1228,1229.0,leacer,49.596,0.1875,31274.36,552396.3139,81,40
1229,1230.0,leacer,50.19,0.1562,30657.49,554723.6167,82,40
1230,1231.0,leacer,49.646,0.25,31066.9,559384.6082,84,40
1231,1232.0,leacer,49.488,0.2188,513183.22,557721.3205,83,40
1232,1233.0,leacer,49.414,0.2188,35069.89,557092.7119,83,40
1233,1234.0,leacer,50.17,0.1875,31688.63,557058.9046,83,40
1234,1235.0,leacer,49.841,0.1875,62596.43,560050.0536,84,40
1235,1236.0,leacer,49.386,0.25,608811.79,555393.2825,82,40
1236,1237.0,leacer,49.005,0.25,5955239.91,553064.4481,81,40
1237,1238.0,leacer,48.852,0.2188,5955282.35,550734.2731,80,40
1238,1239.0,leacer,48.337,0.2188,5955503.53,553064.5967,81,40
1239,1240.0,leacer,47.902,0.25,5955841.82,555395.7602,82,40
1240,1241.0,leacer,47.271,0.3125,5956653.83,555399.3054,82,41
1241,1242.0,leacer,47.518,0.2812,5956602.27,548409.7234,79,41
1242,1243.0,leacer,47.623,0.3125,5957084.01,543754.1406,77,41
1243,1244.0,leacer,47.482,0.375,5957637.08,543758.7663,77,41
1244,1245.0,leacer,47.673,0.4062,5956887.97,546082.3586,78,41
1245,1246.0,leacer,47.423,0.4062,5957136.37,550743.3816,80,41
1246,1247.0,leacer,46.751,0.4375,5957865.02,553076.5598,81,41
1247,1248.0,leacer,46.772,0.4062,5957936.88,550747.4538,80,41
1248,1249.0,leacer,46.355,0.4688,5958547.54,553080.6267,81,41
1249,1250.0,leacer,47.079,0.4375,5958139.01,548420.114,79,41
1250,1251.0,leacer,46.083,0.5,5959864.68,548430.0294,79,41
1251,1252.0,leacer,46.124,0.4688,5959890.97,546101.1533,78,41
1252,1253.0,leacer,45.591,0.5,5960689.07,548436.5084,79,41
1253,1254.0,leacer,45.744,0.5,5961200.65,548443.5867,79,41
1254,1255.0,leacer,45.746,0.5625,5962271.22,546126.8939,78,41
1255,1256.0,leacer,45.687,0.5312,47017.03,545578.8738,78,41
1256,1257.0,leacer,45.491,0.5625,47613.49,543280.2087,77,41
1257,1258.0,leacer,46.0,0.5938,53627.9,536589.4596,74,41
1258,1259.0,leacer,44.537,0.6875,50878.98,541071.1746,76,41
1259,1260.0,leacer,44.198,0.6875,55697.03,541277.2286,76,41
1260,1261.0,leacer,48.66,0.3125,35060.97,503497.5269,60,41
1261,1262.0,leacer,49.091,0.1562,33722.07,501154.1734,59,41
1262,1263.0,leacer,47.88,0.0938,34125.23,517460.7028,66,41
1263,1264.0,leacer,47.555,0.125,33886.09,517458.9714,66,41
1264,1265.0,leacer,47.819,0.1875,33513.39,524446.6169,69,41
1265,1266.0,leacer,47.073,0.125,34045.98,538428.1255,75,41
1266,1267.0,leacer,47.82,0.1562,33995.6,533769.8005,73,41
1267,1268.0,leacer,48.094,0.1562,33917.27,538429.8359,75,41
1268,1269.0,leacer,48.312,0.2812,34992.46,538438.7294,75,41
1269,1270.0,leacer,48.456,0.2812,36459.16,536127.8471,74,41
1270,1271.0,leacer,48.003,0.3125,47565.81,543441.126,77,41
1271,1272.0,leacer,48.097,0.25,66291.17,542485.3914,76,42
1272,1273.0,leacer,47.641,0.25,262361.41,545051.9482,76,42
1273,1274.0,leacer,47.036,0.25,800447.58,549713.9473,78,42
1274,1275.0,leacer,46.787,0.2812,15034156.67,547393.7055,77,42
1275,1276.0,leacer,46.089,0.2812,15035261.88,552062.4287,79,42
1276,1277.0,leacer,45.784,0.4062,15036519.05,554405.7753,80,42
1277,1278.0,leacer,46.209,0.4062,15036568.04,549750.0243,78,42
1278,1279.0,leacer,45.715,0.4688,15037719.37,554419.3786,80,42
1279,1280.0,leacer,46.281,0.4375,15037399.43,549759.6208,78,42
1280,1281.0,leacer,46.864,0.4375,15036739.95,547425.2121,77,42
1281,1282.0,leacer,46.985,0.4688,15037970.97,554429.3137,80,42
1282,1283.0,leacer,46.738,0.5312,15040349.85,556793.2226,81,42
1283,1284.0,leacer,47.135,0.4688,61620.09,550821.6935,80,42
1284,1285.0,leacer,47.214,0.5312,49067.28,550284.6538,80,42
1285,1286.0,leacer,47.185,0.5,45622.55,550203.292,80,42
1286,1287.0,leacer,46.277,0.5312,44900.92,557174.1939,83,42
1287,1288.0,leacer,46.121,0.5938,43970.58,557158.7506,83,42
1288,1289.0,leacer,46.235,0.625,45206.99,559506.7152,84,42
1289,1290.0,leacer,46.259,0.5938,51656.31,559668.1254,84,42
1290,1291.0,leacer,45.868,0.625,116081.86,566089.8438,85,42
1291,1292.0,leacer,45.963,0.5938,383547.1,559102.4052,82,42
1292,1293.0,leacer,44.973,0.6562,713055.87,561432.5985,83,42
1293,1294.0,leacer,45.032,0.625,1227782.88,559104.6402,82,42
1294,1295.0,leacer,43.669,0.6562,10169565.57,563773.4226,84,42
1295,1296.0,leacer,43.98,0.625,15042468.56,559114.6207,82,42
1296,1297.0,leacer,43.011,0.6562,15044894.46,559143.212,82,42
1297,1298.0,leacer,42.704,0.6562,15048813.84,554543.3303,80,42
1298,1299.0,leacer,42.758,0.6875,15054455.76,559334.5839,82,42
1299,1300.0,leacer,42.17,0.7188,15056804.78,564069.7741,84,42
1300,1301.0,leacer,43.284,0.7812,69543.8,553194.6126,81,42
1301,1302.0,leacer,44.111,0.75,59453.71,550496.7538,80,42
1302,1303.0,leacer,43.861,0.8125,55417.78,552678.5121,81,43
1303,1304.0,leacer,43.574,0.7812,51254.55,554915.8923,82,43
1304,1305.0,leacer,42.884,0.9062,49383.26,554877.5128,82,43
1305,1306.0,leacer,43.326,0.7188,43693.93,545491.1561,78,43
1306,1307.0,leacer,42.949,0.625,43137.3,543149.9682,77,43
1307,1308.0,leacer,42.855,0.625,43022.27,545477.7032,78,43
1308,1309.0,leacer,43.409,0.6562,41915.03,536148.5342,74,43
1309,1310.0,leacer,43.478,0.7812,41483.79,540804.9449,76,43
1310,1311.0,leacer,44.522,0.5,36877.61,526790.9618,70,43
1311,1312.0,leacer,45.603,0.3125,35108.5,522121.8654,68,43
1312,1313.0,leacer,44.629,0.3125,35160.66,533770.307,73,43
1313,1314.0,leacer,45.869,0.25,34047.06,524446.4166,69,43
1314,1315.0,leacer,45.439,0.3125,34772.68,531440.1604,72,43
1315,1316.0,leacer,44.82,0.2812,35403.67,545422.6152,78,43
1316,1317.0,leacer,45.151,0.3438,34941.16,550080.6462,80,43
1317,1318.0,leacer,46.352,0.375,33648.25,547744.8802,79,43
1318,1319.0,leacer,46.311,0.375,33576.31,552404.3949,81,43
1319,1320.0,leacer,46.454,0.4062,33795.95,554736.0733,82,43
1320,1321.0,leacer,46.444,0.4062,33792.1,557065.8566,83,43
1321,1322.0,leacer,46.448,0.4062,33789.87,559395.8185,84,43
1322,1323.0,leacer,46.383,0.4375,34775.21,559404.2732,84,43
1323,1324.0,leacer,45.957,0.4062,34433.25,561729.7114,85,43
1324,1325.0,leacer,45.583,0.4375,35303.58,564064.6539,86,43
1325,1326.0,leacer,45.683,0.4062,35195.44,564064.1363,86,43
1326,1327.0,leacer,45.88,0.4375,35094.74,566393.7218,87,43
1327,1328.0,leacer,46.122,0.4375,35401.59,561735.1424,85,43
1328,1329.0,leacer,46.009,0.4688,37797.18,564088.2362,86,43
1329,1330.0,leacer,46.396,0.4688,2433691.05,562392.5535,85,43
1330,1331.0,leacer,45.647,0.5,5958614.63,564729.3307,86,43
1331,1332.0,leacer,45.89,0.5,5958090.48,567056.1187,87,43
1332,1333.0,leacer,45.865,0.5312,5958165.56,569386.6956,88,43
1333,1334.0,leacer,46.152,0.5312,5957708.21,564724.5386,86,44
1334,1335.0,leacer,46.085,0.5625,5957727.47,564724.4373,86,44
1335,1336.0,leacer,46.285,0.5312,5957566.74,560064.2327,84,44
1336,1337.0,leacer,46.238,0.5625,5957960.02,557736.9763,83,44
1337,1338.0,leacer,45.885,0.5312,5959078.63,550755.597,80,44
1338,1339.0,leacer,45.589,0.5625,5959210.13,548424.829,79,44
1339,1340.0,leacer,44.835,0.5625,5960364.11,553091.9278,81,44
1340,1341.0,leacer,44.296,0.6562,5961338.5,550767.919,80,44
1341,1342.0,leacer,44.644,0.6562,5960385.91,546100.1605,78,44
1342,1343.0,leacer,43.635,0.6875,5962847.21,546118.0502,78,44
1343,1344.0,leacer,43.459,0.75,5963403.41,550783.3131,80,44
1344,1345.0,leacer,43.126,0.7812,5964432.36,557784.3415,83,44
1345,1346.0,leacer,43.357,0.8125,5965116.98,550806.6434,80,44
1346,1347.0,leacer,43.706,0.875,5965727.27,553151.5462,81,44
1347,1348.0,leacer,43.844,0.8438,50207.62,554937.9987,82,44
1348,1349.0,leacer,43.38,0.875,48914.43,557253.4631,83,44
1349,1350.0,leacer,43.116,0.9375,48347.91,559582.4715,84,44
1350,1351.0,leacer,47.16,0.5,40330.04,524543.8439,69,44
1351,1352.0,leacer,47.61,0.1875,37036.23,524482.196,69,44
1352,1353.0,leacer,44.876,0.1875,37491.37,533790.3426,73,44
1353,1354.0,leacer,45.717,0.1562,35319.96,522123.4522,68,44
1354,1355.0,leacer,44.738,0.2812,35653.65,540763.7323,76,44
1355,1356.0,leacer,46.116,0.25,34863.44,540761.5117,76,44
1356,1357.0,leacer,47.551,0.2188,34399.72,538433.1403,75,44
1357,1358.0,leacer,47.867,0.25,34354.16,545423.5912,78,44
1358,1359.0,leacer,47.372,0.2812,34584.33,552414.3944,81,44
1359,1360.0,leacer,47.989,0.2812,34368.85,552414.6062,81,44
1360,1361.0,leacer,46.718,0.3438,36574.39,561746.7587,85,44
1361,1362.0,leacer,46.925,0.2812,35890.19,557082.3611,83,44
1362,1363.0,leacer,46.315,0.375,37384.39,564081.9059,86,44
1363,1364.0,leacer,46.278,0.3438,38705.29,561763.1595,85,44
1364,1365.0,leacer,45.174,0.4062,41078.41,566439.7646,87,45
1365,1366.0,leacer,45.655,0.5,41023.02,566442.1379,87,45
1366,1367.0,leacer,45.15,0.5625,40752.23,566438.0829,87,45
1367,1368.0,leacer,45.619,0.5312,40341.86,566437.0623,87,45
1368,1369.0,leacer,45.818,0.5625,39801.03,561773.019,85,45
1369,1370.0,leacer,45.877,0.5312,39249.55,564097.8065,86,45
1370,1371.0,leacer,46.26,0.5625,40197.26,564110.8232,86,45
1371,1372.0,leacer,46.784,0.5312,39132.19,561770.4576,85,45
1372,1373.0,leacer,46.602,0.5625,39130.51,564097.6937,86,45
1373,1374.0,leacer,46.93,0.5312,38522.99,566422.4665,87,45
1374,1375.0,leacer,46.453,0.5625,39536.41,571090.2983,89,45
1375,1376.0,leacer,46.808,0.5625,39990.84,566438.1736,87,45
1376,1377.0,leacer,46.8,0.625,40078.26,571102.1271,89,45
1377,1378.0,leacer,46.572,0.5938,40464.65,568775.2301,88,45
1378,1379.0,leacer,46.013,0.6562,40901.52,568776.4052,88,45
1379,1380.0,leacer,46.335,0.6562,40850.29,568779.4303,88,45
1380,1381.0,leacer,45.352,0.7188,41064.45,561787.3574,85,45
1381,1382.0,leacer,45.656,0.6875,41243.17,561788.5288,85,45
1382,1383.0,leacer,44.442,0.7188,46149.05,571180.4112,89,45
1383,1384.0,leacer,44.386,0.6875,46839.69,561852.6132,85,45
1384,1385.0,leacer,44.388,0.7188,46193.56,564168.8679,86,45
1385,1386.0,leacer,44.675,0.7188,47362.91,564192.0766,86,45
1386,1387.0,leacer,44.42,0.75,51009.36,568912.1224,88,45
1387,1388.0,leacer,43.899,0.7188,52857.24,566618.1126,87,45
1388,1389.0,leacer,43.815,0.7812,54014.18,566637.2839,87,45
1389,1390.0,leacer,43.853,0.75,53761.17,566651.7874,87,45
1390,1391.0,leacer,43.938,0.8125,53246.51,564323.0247,86,45
1391,1392.0,leacer,44.105,0.7812,52442.27,561978.1082,85,45
1392,1393.0,leacer,44.114,0.8438,53657.04,555034.0345,82,45
1393,1394.0,leacer,44.073,0.8125,52321.72,557327.523,83,45
1394,1395.0,leacer,43.474,0.8438,53120.83,564316.2742,86,45
1395,1396.0,leacer,44.44,0.6562,48450.1,547908.4992,79,46
1396,1397.0,leacer,44.049,0.6562,46586.26,550193.168,80,46
1397,1398.0,leacer,44.329,0.5625,44593.16,547837.0607,79,46
1398,1399.0,leacer,44.625,0.6562,42678.92,536170.0819,74,46
1399,1400.0,leacer,44.632,0.625,42654.84,545489.9886,78,46
1400,1401.0,leacer,46.704,0.375,37285.07,531468.774,72,46
1401,1402.0,leacer,47.312,0.1875,35997.34,531458.1705,72,46
1402,1403.0,leacer,47.141,0.1875,34981.41,547756.5252,79,46
1403,1404.0,leacer,48.772,0.125,32986.48,536095.9966,74,46
1404,1405.0,leacer,48.384,0.1562,32808.81,547743.1135,79,46
1405,1406.0,leacer,49.158,0.1562,31763.52,547738.0966,79,46
1406,1407.0,leacer,48.899,0.1875,31445.37,547735.9905,79,46
1407,1408.0,leacer,49.609,0.1562,30848.71,554723.9863,82,46
1408,1409.0,leacer,49.905,0.1875,30526.24,557052.6203,83,46
1409,1410.0,leacer,50.884,0.1562,29694.68,559379.6778,84,46
1410,1411.0,leacer,51.004,0.1875,29600.56,559379.3796,84,46
1411,1412.0,leacer,51.392,0.1562,29333.23,561708.5345,85,46
1412,1413.0,leacer,51.504,0.1875,29321.6,566368.6116,87,46
1413,1414.0,leacer,51.206,0.1875,29564.73,566369.5208,87,46
1414,1415.0,leacer,51.295,0.2188,29737.27,561710.5052,85,46
1415,1416.0,leacer,51.251,0.1875,30018.79,557052.0809,83,46
1416,1417.0,leacer,51.25,0.2188,30087.9,557052.4524,83,46
1417,1418.0,leacer,51.45,0.25,29945.38,559382.0305,84,46
1418,1419.0,leacer,49.864,0.2812,30563.77,564042.9545,86,46
1419,1420.0,leacer,50.197,0.25,30207.86,561711.65,85,46
1420,1421.0,leacer,49.729,0.2812,30753.97,564043.8706,86,46
1421,1422.0,leacer,49.375,0.25,31079.13,564045.3097,86,46
1422,1423.0,leacer,48.588,0.2812,31248.28,564044.8716,86,46
1423,1424.0,leacer,48.65,0.25,31110.06,564044.2689,86,46
1424,1425.0,leacer,48.324,0.2812,31741.52,568707.2933,88,46
1425,1426.0,leacer,48.663,0.2812,31460.65,568706.1954,88,46
1426,1427.0,leacer,48.18,0.375,32120.14,568709.1161,88,47
1427,1428.0,leacer,48.436,0.3438,31935.78,566378.4381,87,47
1428,1429.0,leacer,47.588,0.4062,33223.24,571044.738,89,47
1429,1430.0,leacer,47.352,0.375,33632.56,566387.1103,87,47
1430,1431.0,leacer,46.985,0.4062,34500.88,564063.2552,86,47
1431,1432.0,leacer,46.751,0.4375,35416.34,559411.0261,84,47
1432,1433.0,leacer,46.793,0.4688,36270.1,561749.7351,85,47
1433,1434.0,leacer,46.928,0.5,36592.18,561755.0512,85,47
1434,1435.0,leacer,46.268,0.5625,37753.75,561764.2667,85,47
1435,1436.0,leacer,45.686,0.5625,38679.32,552452.4232,81,47
1436,1437.0,leacer,44.456,0.5938,40777.26,550143.3483,80,47
1437,1438.0,leacer,43.555,0.625,43766.61,552511.6418,81,47
1438,1439.0,leacer,42.166,0.7188,48551.62,559571.7672,84,47
1439,1440.0,leacer,41.477,0.8125,52381.33,557302.4367,83,47
1440,1441.0,leacer,46.5,0.5,39758.85,515183.3269,65,47
1441,1442.0,leacer,46.632,0.3438,37094.7,512818.7104,64,47
1442,1443.0,leacer,45.702,0.375,38026.35,529131.7043,71,47
1443,1444.0,leacer,45.256,0.3125,37830.39,531460.0267,72,47
1444,1445.0,leacer,44.612,0.4062,38091.69,538450.5423,75,47
1445,1446.0,leacer,45.078,0.4688,37621.07,547768.2189,79,47
1446,1447.0,leacer,45.816,0.5,37928.97,552433.1602,81,47
1447,1448.0,leacer,46.42,0.4062,36814.62,552426.41,81,47
1448,1449.0,leacer,47.428,0.4375,35822.92,550091.5712,80,47
1449,1450.0,leacer,47.538,0.4375,35585.95,552420.1784,81,47
1450,1451.0,leacer,47.269,0.4375,35978.43,557082.3874,83,47
1451,1452.0,leacer,48.374,0.4062,34883.4,547757.1015,79,47
1452,1453.0,leacer,48.323,0.4375,34731.41,550085.7384,80,47
1453,1454.0,leacer,48.202,0.5312,35081.41,554748.01,82,47
1454,1455.0,leacer,48.235,0.5312,35020.13,557077.4512,83,47
1455,1456.0,leacer,48.653,0.5,34901.82,557078.0054,83,47
1456,1457.0,leacer,48.775,0.5312,35345.15,557082.4674,83,47
1457,1458.0,leacer,48.813,0.5312,35376.54,557083.174,83,48
1458,1459.0,leacer,48.7,0.5938,35689.06,557085.0896,83,48
1459,1460.0,leacer,48.594,0.5938,35667.06,557084.5843,83,48
1460,1461.0,leacer,47.75,0.625,37148.88,559423.6564,84,48
1461,1462.0,leacer,48.257,0.5938,37143.34,554765.503,82,48
1462,1463.0,leacer,46.768,0.6875,38221.26,559429.9226,84,48
1463,1464.0,leacer,46.909,0.6562,38044.4,557098.9011,83,48
1464,1465.0,leacer,46.192,0.75,39263.6,554776.2226,82,48
1465,1466.0,leacer,45.74,0.75,39712.73,557108.6227,83,48
1466,1467.0,leacer,45.432,0.7812,40407.78,559445.2558,84,48
1467,1468.0,leacer,45.559,0.75,41077.43,559454.252,84,48
1468,1469.0,leacer,44.602,0.7812,43221.46,559480.3609,84,48
1469,1470.0,leacer,44.487,0.8125,43777.82,561818.2046,85,48
1470,1471.0,leacer,43.766,0.8438,44143.86,561819.663,85,48
1471,1472.0,leacer,44.328,0.8438,44503.38,559494.7983,84,48
1472,1473.0,leacer,43.914,0.875,44771.19,564154.3365,86,48
1473,1474.0,leacer,44.405,0.8438,44570.17,559494.4124,84,48
1474,1475.0,leacer,44.0,0.875,45436.24,564159.6134,86,48
1475,1476.0,leacer,44.557,0.875,44515.14,564153.8811,86,48
1476,1477.0,leacer,43.689,0.9062,46223.65,561834.5886,85,48
1477,1478.0,leacer,44.033,0.9062,46077.14,559507.2278,84,48
1478,1479.0,leacer,44.371,0.9062,46456.54,557187.1211,83,48
1479,1480.0,leacer,43.678,0.9688,48977.31,561878.4461,85,48
1480,1481.0,leacer,43.456,1.0,51442.05,561926.5232,85,48
1481,1482.0,leacer,43.863,1.0,50919.99,561917.5629,85,48
1482,1483.0,leacer,43.33,1.0625,52401.11,557276.2105,83,48
1483,1484.0,leacer,41.562,1.0938,54535.36,561949.6056,85,48
1484,1485.0,leacer,41.437,1.125,56997.32,561990.5949,85,48
1485,1486.0,leacer,41.093,0.9062,79094.75,543915.6807,77,48
1486,1487.0,leacer,40.996,0.8125,154854.41,550875.8237,80,48
1487,1488.0,leacer,41.241,0.7188,432756.61,553189.3291,81,48
1488,1489.0,leacer,40.768,0.7188,924386.94,543868.4539,77,49
1489,1490.0,leacer,41.148,0.7188,5969911.7,543860.4436,77,49
1490,1491.0,leacer,43.202,0.5625,5963236.95,534479.0458,73,49
1491,1492.0,leacer,44.285,0.375,44269.3,531552.0159,72,49
1492,1493.0,leacer,44.313,0.375,40278.03,543133.1324,77,49
1493,1494.0,leacer,45.609,0.3125,37134.24,538447.5784,75,49
1494,1495.0,leacer,45.677,0.2812,35168.33,547752.3778,79,49
1495,1496.0,leacer,45.581,0.3438,34971.72,557069.5199,83,49
1496,1497.0,leacer,46.108,0.3438,33801.79,552403.6432,81,49
1497,1498.0,leacer,46.115,0.3438,33822.43,554733.1636,82,49
1498,1499.0,leacer,46.706,0.3438,33023.05,554730.1281,82,49
1499,1500.0,leacer,47.27,0.3438,32659.6,550069.3903,80,49
1500,1501.0,leacer,47.326,0.4062,32453.28,561718.6336,85,49
1501,1502.0,leacer,48.15,0.375,31814.82,559386.7498,84,49
1502,1503.0,leacer,48.46,0.4688,31705.05,559386.7749,84,49
1503,1504.0,leacer,47.932,0.4062,32446.63,566379.9195,87,49
1504,1505.0,leacer,48.074,0.4375,32730.17,568711.2723,88,49
1505,1506.0,leacer,48.465,0.4062,33152.5,568715.0757,88,49
1506,1507.0,leacer,47.658,0.4375,38902.4,568793.9411,88,49
1507,1508.0,leacer,47.711,0.4062,106073.21,569376.5238,88,49
1508,1509.0,leacer,47.857,0.5,258305.54,571705.4641,89,49
1509,1510.0,leacer,47.533,0.4688,401050.85,571706.3895,89,49
1510,1511.0,leacer,47.367,0.5,1137338.57,571710.8548,89,49
1511,1512.0,leacer,47.144,0.5312,2639975.74,571751.1752,89,49
1512,1513.0,leacer,46.456,0.5938,5754264.17,570046.5294,88,49
1513,1514.0,leacer,46.193,0.5938,7221870.12,570048.3109,88,49
1514,1515.0,leacer,46.368,0.625,11880577.24,572377.4997,89,49
1515,1516.0,leacer,46.461,0.625,11880400.5,572376.6329,89,49
1516,1517.0,leacer,45.437,0.6562,11881621.22,574712.2579,90,49
1517,1518.0,leacer,45.929,0.625,11881199.88,572380.9263,89,49
1518,1519.0,leacer,45.996,0.6562,11881296.21,570051.8661,88,49
1519,1520.0,leacer,46.287,0.625,11881306.4,567723.2841,87,50
1520,1521.0,leacer,45.523,0.6562,11882931.74,570065.6362,88,50
1521,1522.0,leacer,45.2,0.6875,11883816.6,572404.2275,89,50
1522,1523.0,leacer,44.633,0.75,11886593.96,572441.014,89,50
1523,1524.0,leacer,44.468,0.7812,11891748.73,572581.6342,89,50
1524,1525.0,leacer,44.624,0.875,11892546.15,574948.9456,90,50
1525,1526.0,leacer,43.818,1.0,11893597.64,577282.5484,91,50
1526,1527.0,leacer,43.802,1.0625,11887996.92,574783.0357,90,50
1527,1528.0,leacer,43.51,1.0625,11888540.33,572454.302,89,50
1528,1529.0,leacer,43.059,1.0938,11889704.53,579456.9447,92,50
1529,1530.0,leacer,43.47,1.125,11888980.08,579450.2021,92,50
1530,1531.0,leacer,47.874,0.6562,36407.61,536132.1782,74,50
1531,1532.0,leacer,47.863,0.4062,35481.54,536118.0935,74,50
1532,1533.0,leacer,46.653,0.25,35815.85,543103.1544,77,50
1533,1534.0,leacer,47.306,0.1562,34832.42,540765.5423,76,50
1534,1535.0,leacer,46.284,0.1875,35044.29,552413.8629,81,50
1535,1536.0,leacer,46.558,0.125,35592.35,559408.1972,84,50
1536,1537.0,leacer,46.125,0.2188,35310.1,566395.1188,87,50
1537,1538.0,leacer,47.481,0.2188,33739.04,564057.7479,86,50
1538,1539.0,leacer,47.291,0.2812,33935.93,573378.5889,90,50
1539,1540.0,leacer,48.339,0.2188,32570.42,566382.175,87,50
1540,1541.0,leacer,48.282,0.2188,32603.94,571042.1302,89,50
1541,1542.0,leacer,48.311,0.1875,32705.15,573372.6897,90,50
1542,1543.0,leacer,48.237,0.2188,33586.14,575708.4031,91,50
1543,1544.0,leacer,48.95,0.1875,32604.73,573373.3051,90,50
1544,1545.0,leacer,48.627,0.2188,33462.71,582697.9086,94,50
1545,1546.0,leacer,49.407,0.2188,33024.97,578036.6615,92,50
1546,1547.0,leacer,48.054,0.2812,34004.33,582699.9701,94,50
1547,1548.0,leacer,47.952,0.2812,34170.25,585030.6101,95,50
1548,1549.0,leacer,47.442,0.375,34160.17,585029.6868,95,50
1549,1550.0,leacer,47.834,0.3438,34287.18,582701.1952,94,50
1550,1551.0,leacer,48.118,0.4062,34251.89,585031.6243,95,51
1551,1552.0,leacer,47.868,0.4062,34218.15,582701.0386,94,51
1552,1553.0,leacer,47.512,0.4375,34439.51,585031.5727,95,51
1553,1554.0,leacer,47.614,0.4062,34420.81,587361.5424,96,51
1554,1555.0,leacer,47.908,0.4062,34357.88,582701.6681,94,51
1555,1556.0,leacer,47.673,0.4375,34682.16,589693.0428,97,51
1556,1557.0,leacer,46.842,0.4375,35580.84,592026.8698,98,51
1557,1558.0,leacer,47.452,0.4375,35390.08,585037.3081,95,51
1558,1559.0,leacer,46.42,0.4688,36764.68,589705.8897,97,51
1559,1560.0,leacer,46.821,0.4375,36787.7,585048.3392,95,51
1560,1561.0,leacer,46.865,0.5,37120.49,589710.7479,97,51
1561,1562.0,leacer,46.72,0.5,38091.46,587389.797,96,51
1562,1563.0,leacer,46.764,0.5,39662.84,589737.2682,97,51
1563,1564.0,leacer,46.047,0.5312,49871.36,592333.3468,98,51
1564,1565.0,leacer,45.061,0.5312,283836.46,598669.116,99,51
1565,1566.0,leacer,44.585,0.5312,715963.59,601006.4055,100,51
1566,1567.0,leacer,44.605,0.5938,1606977.49,598678.4777,99,51
1567,1568.0,leacer,44.744,0.5625,7086660.68,594025.4752,97,51
1568,1569.0,leacer,45.013,0.6562,15038235.68,594024.9001,97,51
1569,1570.0,leacer,44.803,0.6562,15038361.07,596355.44,98,51
1570,1571.0,leacer,44.644,0.7188,15039264.48,587043.5657,94,51
1571,1572.0,leacer,44.811,0.7188,15039705.83,587047.4647,94,51
1572,1573.0,leacer,44.193,0.7188,15040485.51,580062.7295,91,51
1573,1574.0,leacer,44.154,0.7188,15039935.1,582386.6254,92,51
1574,1575.0,leacer,44.089,0.7812,15039435.95,582380.5597,92,51
1575,1576.0,leacer,44.593,0.6562,15037366.75,573041.5137,88,51
1576,1577.0,leacer,44.841,0.5938,15036809.02,568377.2875,86,51
1577,1578.0,leacer,44.326,0.4688,15037001.48,573036.3449,88,51
1578,1579.0,leacer,43.574,0.4688,30034746.27,565674.268,83,51
1579,1580.0,leacer,43.884,0.4062,60210.95,567053.2227,87,51
1580,1581.0,leacer,47.264,0.125,34482.2,550081.4814,80,51
1581,1582.0,leacer,48.386,0.0938,32891.42,550073.8154,80,52
1582,1583.0,leacer,47.966,0.125,33105.39,561724.2541,85,52
1583,1584.0,leacer,49.074,0.0938,31658.83,554727.5855,82,52
1584,1585.0,leacer,48.826,0.125,31830.12,559388.1099,84,52
1585,1586.0,leacer,48.232,0.125,32545.64,561721.175,85,52
1586,1587.0,leacer,48.148,0.1875,32631.41,564051.3146,86,52
1587,1588.0,leacer,49.121,0.1562,31907.58,561719.1527,85,52
1588,1589.0,leacer,48.699,0.1562,32555.83,566382.7472,87,52
1589,1590.0,leacer,49.179,0.25,32320.15,564052.6266,86,52
1590,1591.0,leacer,47.826,0.2812,5956724.84,567053.3448,87,52
1591,1592.0,leacer,47.959,0.2188,37717.89,566435.7461,87,52
1592,1593.0,leacer,48.053,0.25,34933.03,573388.8208,90,52
1593,1594.0,leacer,47.699,0.2812,52807.22,576312.9263,91,52
1594,1595.0,leacer,47.215,0.3125,65318.81,574068.7801,90,52
1595,1596.0,leacer,47.633,0.3125,122509.87,571731.071,89,52
1596,1597.0,leacer,47.686,0.4062,1313880.16,571724.7101,89,52
1597,1598.0,leacer,48.23,0.375,5957801.61,564733.9638,86,52
1598,1599.0,leacer,47.984,0.4062,5958007.78,567064.1352,87,52
1599,1600.0,leacer,48.501,0.375,5957690.51,564733.5417,86,52
1600,1601.0,leacer,47.448,0.4062,5958133.17,571723.8654,89,52
1601,1602.0,leacer,47.806,0.375,5957903.64,571723.2899,89,52
1602,1603.0,leacer,47.289,0.4062,5958507.81,571725.89,89,52
1603,1604.0,leacer,46.923,0.375,5958794.77,571727.0316,89,52
1604,1605.0,leacer,46.686,0.4062,5959320.52,571729.7345,89,52
1605,1606.0,leacer,46.903,0.375,5959030.87,574058.3497,90,52
1606,1607.0,leacer,46.813,0.4375,5959035.69,574058.7865,90,52
1607,1608.0,leacer,46.741,0.4062,5958784.43,574056.4049,90,52
1608,1609.0,leacer,46.853,0.4688,5958603.81,571725.735,89,52
1609,1610.0,leacer,46.473,0.4688,5958753.71,567065.2699,87,52
1610,1611.0,leacer,46.178,0.5,5959284.68,569398.0905,88,52
1611,1612.0,leacer,45.662,0.5,5959661.01,564739.7391,86,52
1612,1613.0,leacer,45.302,0.5312,5960324.8,564742.9148,86,53
1613,1614.0,leacer,44.747,0.5,5961296.34,569407.312,88,53
1614,1615.0,leacer,44.418,0.5938,5962277.62,571745.0151,89,53
1615,1616.0,leacer,44.507,0.6562,5962735.72,576410.9427,91,53
1616,1617.0,leacer,44.248,0.75,5963144.48,576414.3296,91,53
1617,1618.0,leacer,44.0,0.8125,5963290.76,571753.9792,89,53
1618,1619.0,leacer,43.105,0.9062,5967687.75,569481.5305,88,53
1619,1620.0,leacer,43.327,0.9062,5966587.45,569462.7483,88,53
1620,1621.0,leacer,48.592,0.375,36721.19,526806.277,70,53
1621,1622.0,leacer,48.342,0.2812,35790.64,526794.7128,70,53
1622,1623.0,leacer,47.554,0.125,35636.35,533780.1741,73,53
1623,1624.0,leacer,47.89,0.0625,34083.6,524449.8212,69,53
1624,1625.0,leacer,46.024,0.125,34892.61,540762.0253,76,53
1625,1626.0,leacer,46.154,0.1562,35355.9,547756.2551,79,53
1626,1627.0,leacer,47.756,0.1562,34321.04,547754.7667,79,53
1627,1628.0,leacer,48.551,0.1562,33899.5,545425.9149,78,53
1628,1629.0,leacer,48.279,0.1875,34151.83,550084.9226,80,53
1629,1630.0,leacer,49.322,0.1875,33186.48,550079.9594,80,53
1630,1631.0,leacer,49.017,0.25,33257.25,559398.5536,84,53
1631,1632.0,leacer,49.725,0.1875,32662.82,557066.0526,83,53
1632,1633.0,leacer,50.368,0.2188,32185.14,559394.2993,84,53
1633,1634.0,leacer,50.443,0.2188,32315.05,561725.8632,85,53
1634,1635.0,leacer,49.973,0.25,32231.34,561724.2929,85,53
1635,1636.0,leacer,50.408,0.25,32115.43,552405.1004,81,53
1636,1637.0,leacer,50.266,0.2812,32240.11,557065.453,83,53
1637,1638.0,leacer,50.638,0.25,32047.44,554735.1901,82,53
1638,1639.0,leacer,50.256,0.3125,32612.86,554737.6066,82,53
1639,1640.0,leacer,49.544,0.25,33354.82,554741.3941,82,53
1640,1641.0,leacer,48.236,0.2812,35295.87,545431.8456,78,53
1641,1642.0,leacer,47.948,0.25,35824.88,540774.7576,76,53
1642,1643.0,leacer,47.359,0.3125,36315.89,547766.6579,79,53
1643,1644.0,leacer,47.812,0.2812,35761.33,550093.8421,80,54
1644,1645.0,leacer,48.007,0.375,35644.54,552423.6855,81,54
1645,1646.0,leacer,48.142,0.4062,35564.37,554753.4363,82,54
1646,1647.0,leacer,48.429,0.4375,36272.58,554761.5338,82,54
1647,1648.0,leacer,48.356,0.4062,36762.61,554766.5275,82,54
1648,1649.0,leacer,47.212,0.4375,38927.33,554784.8207,82,54
1649,1650.0,leacer,47.054,0.4062,39684.28,557122.0168,83,54
1650,1651.0,leacer,46.313,0.5,40408.86,561782.574,85,54
1651,1652.0,leacer,46.226,0.5625,40667.33,561784.0435,85,54
1652,1653.0,leacer,45.665,0.6562,41502.2,559455.8669,84,54
1653,1654.0,leacer,45.384,0.6562,42572.4,552474.5385,81,54
1654,1655.0,leacer,44.789,0.6875,44384.19,552487.6247,81,54
1655,1656.0,leacer,44.449,0.6875,47248.44,550198.2657,80,54
1656,1657.0,leacer,44.012,0.7188,117843.75,561432.2446,83,54
1657,1658.0,leacer,44.08,0.7188,286806.71,559136.9548,82,54
1658,1659.0,leacer,42.408,0.7812,592802.61,563958.4645,84,54
1659,1660.0,leacer,42.833,0.7812,670706.67,563115.776,83,54
1660,1661.0,leacer,42.121,0.8125,13263562.73,558644.3942,80,54
1661,1662.0,leacer,42.397,0.8125,15789499.04,554065.2063,78,54
1662,1663.0,leacer,41.468,0.8438,29932482.99,563867.2419,82,54
1663,1664.0,leacer,41.675,0.8438,30009577.06,565287.9418,81,54
1664,1665.0,leacer,41.798,0.9062,30103267.8,567611.1508,82,54
1665,1666.0,leacer,42.997,0.8125,15396374.95,549408.2111,76,54
1666,1667.0,leacer,42.838,0.8125,16634320.82,549404.1163,76,54
1667,1668.0,leacer,42.527,0.75,15089882.51,551062.815,77,54
1668,1669.0,leacer,42.07,0.7812,15067532.59,555523.4319,80,54
1669,1670.0,leacer,42.218,0.75,15057064.5,552549.2645,79,54
1670,1671.0,leacer,45.82,0.4688,46158.25,531620.9443,72,54
1671,1672.0,leacer,46.162,0.3125,41722.84,531523.8103,72,54
1672,1673.0,leacer,45.367,0.25,39507.45,543131.8933,77,54
1673,1674.0,leacer,46.582,0.2188,36528.09,538447.5322,75,54
1674,1675.0,leacer,46.836,0.2188,34748.39,538433.078,75,55
1675,1676.0,leacer,47.049,0.25,33884.98,538427.6019,75,55
1676,1677.0,leacer,48.672,0.25,31636.61,531426.9084,72,55
1677,1678.0,leacer,48.593,0.2812,31485.37,540745.9327,76,55
1678,1679.0,leacer,48.976,0.2812,31174.33,540744.7335,76,55
1679,1680.0,leacer,48.224,0.3125,31648.22,543076.3901,77,55
1680,1681.0,leacer,47.728,0.4062,32163.82,550068.3042,80,55
1681,1682.0,leacer,48.561,0.3438,31498.46,550065.9319,80,55
1682,1683.0,leacer,48.594,0.375,31750.13,550067.4661,80,55
1683,1684.0,leacer,48.251,0.375,32230.08,554729.3808,82,55
1684,1685.0,leacer,47.89,0.375,32483.71,552400.223,81,55
1685,1686.0,leacer,48.047,0.375,32570.45,552401.0615,81,55
1686,1687.0,leacer,47.377,0.4062,33165.23,552403.0041,81,55
1687,1688.0,leacer,46.857,0.4375,33456.42,559394.6029,84,55
1688,1689.0,leacer,46.804,0.5,33887.91,559397.3806,84,55
1689,1690.0,leacer,47.163,0.4688,33604.04,561726.4717,85,55
1690,1691.0,leacer,47.786,0.5,32880.93,559392.7019,84,55
1691,1692.0,leacer,48.37,0.4688,32239.99,561719.8523,85,55
1692,1693.0,leacer,48.131,0.5,32408.04,559390.4266,84,55
1693,1694.0,leacer,47.881,0.4688,33133.55,559393.0872,84,55
1694,1695.0,leacer,48.219,0.5,32491.21,559390.0978,84,55
1695,1696.0,leacer,48.095,0.4688,32537.45,559390.2636,84,55
1696,1697.0,leacer,47.174,0.5,33595.49,564055.4183,86,55
1697,1698.0,leacer,47.293,0.4688,33454.11,564054.9433,86,55
1698,1699.0,leacer,46.897,0.5,33947.15,566387.5072,87,55
1699,1700.0,leacer,47.028,0.4688,34194.31,561730.1855,85,55
1700,1701.0,leacer,45.5,0.5625,36740.36,566403.668,87,55
1701,1702.0,leacer,45.34,0.5625,38276.59,559426.596,84,55
1702,1703.0,leacer,44.429,0.625,42015.17,557123.7805,83,55
1703,1704.0,leacer,43.676,0.6875,192583.36,557795.1807,83,55
1704,1705.0,leacer,43.595,0.7188,3349459.34,560123.2527,84,55
1705,1706.0,leacer,43.688,0.7812,5966394.49,555483.4381,82,56
1706,1707.0,leacer,43.418,0.8125,5967721.21,560171.351,84,56
1707,1708.0,leacer,43.668,0.8438,5971028.05,555607.3024,82,56
1708,1709.0,leacer,42.797,0.9688,5970569.47,560220.8643,84,56
1709,1710.0,leacer,42.697,0.9688,5972189.5,562581.1398,85,56
1710,1711.0,leacer,47.206,0.5625,36405.4,517482.0538,66,56
1711,1712.0,leacer,47.185,0.25,36135.32,517477.4486,66,56
1712,1713.0,leacer,47.841,0.1562,35244.34,519801.3663,67,56
1713,1714.0,leacer,48.72,0.0625,33824.54,515132.5887,65,56
1714,1715.0,leacer,47.043,0.125,33932.86,531439.6054,72,56
1715,1716.0,leacer,46.456,0.125,35196.22,540766.1214,76,56
1716,1717.0,leacer,46.025,0.0625,34983.39,545422.9811,78,56
1717,1718.0,leacer,47.622,0.0312,33416.05,538425.5077,75,56
1718,1719.0,leacer,48.032,0.0938,33274.82,543085.0959,77,56
1719,1720.0,leacer,48.813,0.0625,32693.13,550072.8278,80,56
1720,1721.0,leacer,48.817,0.125,32405.24,552401.4442,81,56
1721,1722.0,leacer,49.29,0.1562,32174.23,547741.2881,79,56
1722,1723.0,leacer,48.801,0.1875,33172.86,552406.8688,81,56
1723,1724.0,leacer,49.229,0.1562,32899.08,552406.3158,81,56
1724,1725.0,leacer,49.786,0.2188,32764.05,550076.7551,80,56
1725,1726.0,leacer,49.307,0.1875,33072.0,547747.6691,79,56
1726,1727.0,leacer,48.66,0.25,33992.8,552412.0376,81,56
1727,1728.0,leacer,49.367,0.25,33535.03,547750.437,79,56
1728,1729.0,leacer,49.457,0.2812,33466.72,547750.1975,79,56
1729,1730.0,leacer,49.031,0.3125,34060.64,550082.7227,80,56
1730,1731.0,leacer,48.985,0.3125,34715.04,550087.026,80,56
1731,1732.0,leacer,48.833,0.3125,35128.28,550089.6719,80,56
1732,1733.0,leacer,48.55,0.3438,35987.93,554756.5074,82,56
1733,1734.0,leacer,48.756,0.3125,35421.36,550092.0818,80,56
1734,1735.0,leacer,49.043,0.375,34994.09,550089.3802,80,56
1735,1736.0,leacer,48.569,0.3438,35337.67,552420.3025,81,56
1736,1737.0,leacer,47.652,0.4062,35272.58,554748.048,82,57
1737,1738.0,leacer,47.605,0.375,35301.52,552418.1729,81,57
1738,1739.0,leacer,47.056,0.4062,36010.81,552421.7276,81,57
1739,1740.0,leacer,46.524,0.375,37018.68,554757.2934,82,57
1740,1741.0,leacer,46.645,0.4062,37157.07,550099.946,80,57
1741,1742.0,leacer,46.373,0.4062,37183.68,554760.0404,82,57
1742,1743.0,leacer,46.394,0.4375,37199.41,552430.328,81,57
1743,1744.0,leacer,46.482,0.4062,40166.19,557123.6621,83,57
1744,1745.0,leacer,45.898,0.4375,39559.83,559444.1566,84,57
1745,1746.0,leacer,45.962,0.4375,39403.12,559447.3212,84,57
1746,1747.0,leacer,46.498,0.5,38944.01,557116.2976,83,57
1747,1748.0,leacer,46.661,0.5,39185.4,550129.0863,80,57
1748,1749.0,leacer,45.714,0.5312,39450.23,557116.1093,83,57
1749,1750.0,leacer,46.064,0.5,39108.83,557114.4211,83,57
1750,1751.0,leacer,45.213,0.5625,40222.65,554789.7631,82,57
1751,1752.0,leacer,44.93,0.5312,40339.85,550129.7545,80,57
1752,1753.0,leacer,44.528,0.5938,41317.98,547805.5043,79,57
1753,1754.0,leacer,44.119,0.5625,42113.0,547810.7277,79,57
1754,1755.0,leacer,43.946,0.625,41980.0,547809.7162,79,57
1755,1756.0,leacer,45.237,0.5,38132.8,533793.5025,73,57
1756,1757.0,leacer,44.719,0.4688,39136.73,533800.6321,73,57
1757,1758.0,leacer,44.379,0.4375,39895.34,538469.2732,75,57
1758,1759.0,leacer,44.17,0.4375,39367.74,540789.3255,76,57
1759,1760.0,leacer,44.829,0.4688,38295.09,536122.4095,74,57
1760,1761.0,leacer,46.242,0.3438,36114.78,519800.6436,67,57
1761,1762.0,leacer,46.633,0.25,35236.28,524455.1137,69,57
1762,1763.0,leacer,46.424,0.1875,34684.78,529110.9423,71,57
1763,1764.0,leacer,46.952,0.2188,33734.2,524445.9736,69,57
1764,1765.0,leacer,46.941,0.2812,33416.22,531433.87,72,57
1765,1766.0,leacer,47.173,0.2188,33436.15,536094.5539,74,57
1766,1767.0,leacer,48.381,0.2188,32088.61,533758.8997,73,57
1767,1768.0,leacer,48.438,0.2812,32020.53,538418.6525,75,58
1768,1769.0,leacer,48.492,0.2812,31778.74,543077.3515,77,58
1769,1770.0,leacer,48.407,0.2812,31662.29,547736.6643,79,58
1770,1771.0,leacer,48.018,0.3125,32305.86,550069.7635,80,58
1771,1772.0,leacer,48.413,0.2812,31794.94,547737.3568,79,58
1772,1773.0,leacer,48.145,0.3125,32080.83,547738.539,79,58
1773,1774.0,leacer,48.105,0.2812,32064.49,550068.3797,80,58
1774,1775.0,leacer,47.662,0.3438,32412.62,554729.0155,82,58
1775,1776.0,leacer,47.67,0.3438,32346.2,547738.8939,79,58
1776,1777.0,leacer,47.173,0.375,33412.66,547744.5437,79,58
1777,1778.0,leacer,46.641,0.3438,33771.06,550075.5462,80,58
1778,1779.0,leacer,46.429,0.375,34096.75,550077.0683,80,58
1779,1780.0,leacer,47.033,0.375,33587.21,545415.409,78,58
1780,1781.0,leacer,45.327,0.4375,35030.24,550081.4233,80,58
1781,1782.0,leacer,45.266,0.4062,35229.39,550083.2382,80,58
1782,1783.0,leacer,46.03,0.4688,34570.2,550080.6611,80,58
1783,1784.0,leacer,46.56,0.4688,33973.97,547748.1251,79,58
1784,1785.0,leacer,46.961,0.5312,33559.53,552406.3962,81,58
1785,1786.0,leacer,47.431,0.5,33118.55,550074.4036,80,58
1786,1787.0,leacer,47.557,0.5312,33170.04,554735.0555,82,58
1787,1788.0,leacer,47.864,0.5,33080.69,550075.2369,80,58
1788,1789.0,leacer,47.691,0.5312,33459.54,552407.0232,81,58
1789,1790.0,leacer,47.551,0.5,33796.02,547748.6608,79,58
1790,1791.0,leacer,47.211,0.5312,34434.41,550082.0878,80,58
1791,1792.0,leacer,46.756,0.5625,35028.47,554744.7556,82,58
1792,1793.0,leacer,46.316,0.6562,35454.41,557076.5351,83,58
1793,1794.0,leacer,46.103,0.625,35907.6,557079.596,83,58
1794,1795.0,leacer,45.702,0.7188,37089.38,557088.2694,83,58
1795,1796.0,leacer,45.264,0.6875,38437.68,552439.4254,81,58
1796,1797.0,leacer,44.259,0.75,38892.95,550109.2861,80,58
1797,1798.0,leacer,43.666,0.75,39392.0,550110.6474,80,58
1798,1799.0,leacer,43.667,0.7812,39235.02,552438.7445,81,59
1799,1800.0,leacer,42.861,0.7812,40042.57,550111.71,80,59
1800,1801.0,leacer,47.314,0.375,34255.05,505809.2137,61,59
1801,1802.0,leacer,47.681,0.1875,33713.57,505806.5688,61,59
1802,1803.0,leacer,44.697,0.125,36269.56,519796.0882,67,59
1803,1804.0,leacer,45.603,0.1562,35414.85,517463.1899,66,59
1804,1805.0,leacer,45.261,0.2812,35863.93,526785.8503,70,59
1805,1806.0,leacer,45.922,0.25,35324.59,531443.2538,72,59
1806,1807.0,leacer,47.453,0.3125,33769.34,533766.813,73,59
1807,1808.0,leacer,47.525,0.3125,33840.22,536097.298,74,59
1808,1809.0,leacer,47.835,0.375,33914.0,543088.5408,77,59
1809,1810.0,leacer,48.538,0.375,33213.13,543085.5223,77,59
1810,1811.0,leacer,48.732,0.375,33359.51,543087.4626,77,59
1811,1812.0,leacer,48.67,0.375,33437.71,543088.1828,77,59
1812,1813.0,leacer,47.668,0.4375,34232.72,545421.9897,78,59
1813,1814.0,leacer,48.257,0.4062,34227.17,543094.0645,77,59
1814,1815.0,leacer,46.861,0.4375,38177.4,547783.8145,79,59
1815,1816.0,leacer,47.101,0.4062,37249.45,547774.2499,79,59
1816,1817.0,leacer,46.477,0.4375,36928.89,547767.9216,79,59
1817,1818.0,leacer,47.19,0.3438,35183.28,545426.3123,78,59
1818,1819.0,leacer,46.144,0.375,35454.48,550085.6287,80,59
1819,1820.0,leacer,46.523,0.3438,35515.13,547757.2096,79,59
1820,1821.0,leacer,46.177,0.375,36962.3,552427.4605,81,59
1821,1822.0,leacer,46.396,0.4062,37703.58,550104.7156,80,59
1822,1823.0,leacer,46.233,0.4375,38882.1,554774.4073,82,59
1823,1824.0,leacer,46.85,0.4062,38629.74,550114.6984,80,59
1824,1825.0,leacer,46.885,0.5,38653.56,550116.3982,80,59
1825,1826.0,leacer,47.035,0.5312,38480.88,554775.5926,82,59
1826,1827.0,leacer,46.595,0.5312,38808.93,554778.0397,82,59
1827,1828.0,leacer,46.963,0.5,38610.35,550117.3333,80,59
1828,1829.0,leacer,46.504,0.5625,38669.15,550116.0394,80,59
1829,1830.0,leacer,46.526,0.5312,38306.11,559432.765,84,60
1830,1831.0,leacer,46.507,0.5625,38199.09,561760.965,85,60
1831,1832.0,leacer,46.942,0.5312,38097.54,557101.1683,83,60
1832,1833.0,leacer,45.978,0.5938,38776.4,557104.0154,83,60
1833,1834.0,leacer,45.968,0.5625,38948.85,552445.4553,81,60
1834,1835.0,leacer,45.381,0.5938,39776.12,554780.2487,82,60
1835,1836.0,leacer,45.456,0.625,40003.19,552452.0685,81,60
1836,1837.0,leacer,44.414,0.6562,40771.34,550123.6646,80,60
1837,1838.0,leacer,44.649,0.625,41221.87,550128.3983,80,60
1838,1839.0,leacer,43.794,0.6562,42204.83,554793.0459,82,60
1839,1840.0,leacer,43.873,0.6562,42811.64,552467.7803,81,60
1840,1841.0,leacer,42.997,0.6875,43908.7,552474.4305,81,60
1841,1842.0,leacer,43.238,0.6875,43615.79,552474.4257,81,60
1842,1843.0,leacer,42.806,0.75,43815.44,554804.7065,82,60
1843,1844.0,leacer,43.2,0.75,43018.12,550138.6019,80,60
1844,1845.0,leacer,42.544,0.7812,42783.68,554794.5539,82,60
1845,1846.0,leacer,43.381,0.5938,40583.2,547789.0313,79,60
1846,1847.0,leacer,43.494,0.5625,42064.19,545476.4107,78,60
1847,1848.0,leacer,42.662,0.5312,44162.21,547831.6803,79,60
1848,1849.0,leacer,41.707,0.5938,44963.8,545506.2916,78,60
1849,1850.0,leacer,40.619,0.625,47030.91,552510.8509,81,60
1850,1851.0,leacer,43.139,0.4375,42704.83,531500.6001,72,60
1851,1852.0,leacer,43.742,0.3125,271778.93,527468.5594,70,60
1852,1853.0,leacer,43.889,0.2188,417545.83,532116.788,72,60
1853,1854.0,leacer,44.941,0.375,4497678.32,532107.6886,72,60
1854,1855.0,leacer,45.268,0.3438,5958030.89,536764.173,74,60
1855,1856.0,leacer,45.176,0.4062,5958184.12,548414.8676,79,60
1856,1857.0,leacer,45.791,0.4062,5957619.5,546082.8418,78,60
1857,1858.0,leacer,46.471,0.4062,5956818.87,548409.3567,79,60
1858,1859.0,leacer,46.093,0.375,5957022.85,553069.7229,81,60
1859,1860.0,leacer,46.751,0.375,5956659.75,548408.2342,79,60
1860,1861.0,leacer,46.538,0.4375,5957510.76,553072.3106,81,61
1861,1862.0,leacer,46.522,0.4688,5960944.39,555440.2781,82,61
1862,1863.0,leacer,45.517,0.5625,5995803.84,563062.2327,85,61
1863,1864.0,leacer,45.925,0.5312,8890525.42,563061.7412,85,61
1864,1865.0,leacer,45.578,0.5938,11881221.02,563059.8368,85,61
1865,1866.0,leacer,45.569,0.5938,11881492.42,563061.512,85,61
1866,1867.0,leacer,44.556,0.6562,11882445.76,563065.0971,85,61
1867,1868.0,leacer,45.052,0.625,11881922.94,558402.8534,83,61
1868,1869.0,leacer,44.844,0.6562,11882144.66,563063.6646,85,61
1869,1870.0,leacer,44.595,0.625,11882312.43,563064.2565,85,61
1870,1871.0,leacer,44.865,0.6562,11882115.16,560733.5548,84,61
1871,1872.0,leacer,45.335,0.625,11881742.76,560732.2473,84,61
1872,1873.0,leacer,45.115,0.6562,11881840.13,563062.4452,85,61
1873,1874.0,leacer,45.613,0.625,11881338.25,563060.488,85,61
1874,1875.0,leacer,44.774,0.6562,11882154.27,563063.7992,85,61
1875,1876.0,leacer,45.053,0.625,11881811.15,563062.2688,85,61
1876,1877.0,leacer,44.853,0.6562,11882307.55,560735.2049,84,61
1877,1878.0,leacer,45.166,0.625,11882250.13,560735.7149,84,61
1878,1879.0,leacer,44.631,0.6562,11883140.96,563071.2169,85,61
1879,1880.0,leacer,44.745,0.625,11883424.11,560744.442,84,61
1880,1881.0,leacer,44.86,0.6875,11884206.82,563083.9038,85,61
1881,1882.0,leacer,44.744,0.6562,11885149.44,560764.9349,84,61
1882,1883.0,leacer,44.602,0.75,11887334.87,556134.2783,82,61
1883,1884.0,leacer,43.583,0.75,5982455.46,553575.9253,81,61
1884,1885.0,leacer,43.067,0.8438,5980768.44,558213.5659,83,61
1885,1886.0,leacer,42.724,0.875,5980833.81,553604.2644,81,61
1886,1887.0,leacer,42.589,0.9062,5979400.51,546512.4434,78,61
1887,1888.0,leacer,42.541,0.9688,5976058.06,546391.0986,78,61
1888,1889.0,leacer,41.876,1.0938,5969081.72,555507.9793,82,61
1889,1890.0,leacer,42.017,1.0938,5969124.6,555512.8179,82,61
1890,1891.0,leacer,47.555,0.625,37976.37,517508.8239,66,61
1891,1892.0,leacer,48.071,0.4688,36754.39,512835.0294,64,62
1892,1893.0,leacer,46.027,0.4062,38140.17,529140.3038,71,62
1893,1894.0,leacer,45.929,0.3125,37952.08,526805.6951,70,62
1894,1895.0,leacer,44.811,0.3438,39408.65,540798.213,76,62
1895,1896.0,leacer,46.468,0.2188,36705.63,545440.4244,78,62
1896,1897.0,leacer,47.138,0.25,35794.57,545433.8643,78,62
1897,1898.0,leacer,47.745,0.1875,34746.81,550085.7871,80,62
1898,1899.0,leacer,47.432,0.1875,35081.71,547756.8584,79,62
1899,1900.0,leacer,47.604,0.1875,35280.55,550088.4874,80,62
1900,1901.0,leacer,47.68,0.25,34966.54,554746.8462,82,62
1901,1902.0,leacer,48.225,0.25,34404.74,552414.5828,81,62
1902,1903.0,leacer,47.505,0.2812,34392.23,557073.1437,83,62
1903,1904.0,leacer,48.076,0.2812,33719.47,559399.5484,84,62
1904,1905.0,leacer,48.05,0.3125,33566.59,557068.3115,83,62
1905,1906.0,leacer,47.75,0.2812,33801.02,559398.9555,84,62
1906,1907.0,leacer,46.981,0.3438,34761.19,557073.2154,83,62
1907,1908.0,leacer,47.237,0.2812,34598.46,550082.465,80,62
1908,1909.0,leacer,46.99,0.3125,35143.17,550085.3253,80,62
1909,1910.0,leacer,47.335,0.2812,35271.51,550088.4756,80,62
1910,1911.0,leacer,46.894,0.3125,36885.74,552431.6631,81,62
1911,1912.0,leacer,47.556,0.3438,36309.68,547769.9183,79,62
1912,1913.0,leacer,47.115,0.4062,36808.43,557093.0642,83,62
1913,1914.0,leacer,47.796,0.375,36245.08,552431.1724,81,62
1914,1915.0,leacer,47.256,0.4688,37053.77,557095.2269,83,62
1915,1916.0,leacer,47.273,0.4375,36772.91,557093.3144,83,62
1916,1917.0,leacer,47.431,0.4688,37500.59,552439.1811,81,62
1917,1918.0,leacer,47.182,0.4375,38035.67,550111.883,80,62
1918,1919.0,leacer,46.864,0.5,38251.26,554772.6711,82,62
1919,1920.0,leacer,47.083,0.4688,38227.29,559432.9674,84,62
1920,1921.0,leacer,46.975,0.5312,38415.4,561763.9894,85,62
1921,1922.0,leacer,47.277,0.5312,37789.81,561760.326,85,62
1922,1923.0,leacer,46.877,0.5625,37917.98,564089.7813,86,63
1923,1924.0,leacer,46.361,0.5312,39249.36,559437.93,84,63
1924,1925.0,leacer,45.791,0.5625,39659.57,559439.5666,84,63
1925,1926.0,leacer,45.389,0.5312,40997.81,557123.2638,83,63
1926,1927.0,leacer,45.912,0.625,41950.49,547819.5425,79,63
1927,1928.0,leacer,45.395,0.625,42798.0,554815.1806,82,63
1928,1929.0,leacer,45.044,0.625,43815.05,554822.999,82,63
1929,1930.0,leacer,46.623,0.6562,42760.71,543171.4263,77,63
1930,1931.0,leacer,46.682,0.6562,42900.97,545503.6999,78,63
1931,1932.0,leacer,45.878,0.6875,44500.12,550177.7322,80,63
1932,1933.0,leacer,45.139,0.7812,44812.13,554833.6546,82,63
1933,1934.0,leacer,44.973,0.6875,44461.52,552500.9111,81,63
1934,1935.0,leacer,44.587,0.7188,43875.45,554820.917,82,63
1935,1936.0,leacer,45.299,0.5938,39713.73,540799.0499,76,63
1936,1937.0,leacer,44.868,0.5625,39125.85,545453.6163,78,63
1937,1938.0,leacer,45.07,0.4688,38244.31,550106.005,80,63
1938,1939.0,leacer,46.087,0.4688,36827.19,540777.5014,76,63
1939,1940.0,leacer,45.796,0.5625,36694.21,552424.7026,81,63
1940,1941.0,leacer,47.693,0.3438,33873.37,538428.7412,75,63
1941,1942.0,leacer,46.942,0.1875,34111.83,540758.3885,76,63
1942,1943.0,leacer,46.995,0.1562,33994.56,552407.4457,81,63
1943,1944.0,leacer,48.01,0.125,32848.92,543082.5248,77,63
1944,1945.0,leacer,47.773,0.1875,33559.72,545417.0045,78,63
1945,1946.0,leacer,48.055,0.1875,33670.27,547749.0598,79,63
1946,1947.0,leacer,48.487,0.25,33293.65,545420.1511,78,63
1947,1948.0,leacer,49.865,0.2188,30789.72,545404.1031,78,63
1948,1949.0,leacer,48.977,0.25,31086.97,557054.3998,83,63
1949,1950.0,leacer,49.421,0.2188,30691.99,554723.0546,82,63
1950,1951.0,leacer,49.526,0.2812,30764.55,559383.6426,84,63
1951,1952.0,leacer,49.762,0.25,30564.2,552393.0279,81,63
1952,1953.0,leacer,49.667,0.2812,30978.49,552395.6197,81,63
1953,1954.0,leacer,49.713,0.25,30740.47,557053.6266,83,64
1954,1955.0,leacer,49.437,0.25,31427.55,557055.9439,83,64
1955,1956.0,leacer,49.779,0.2812,33077.68,557070.1581,83,64
1956,1957.0,leacer,49.44,0.3125,66741.28,557722.518,83,64
1957,1958.0,leacer,49.41,0.3125,99588.56,557723.6522,83,64
1958,1959.0,leacer,49.463,0.3438,152320.5,562384.3794,85,64
1959,1960.0,leacer,49.024,0.3125,1205345.41,562386.0391,85,64
1960,1961.0,leacer,48.639,0.375,3876769.99,562390.2218,85,64
1961,1962.0,leacer,48.299,0.375,5956806.7,560063.3994,84,64
1962,1963.0,leacer,46.683,0.4062,5957867.23,560067.1063,84,64
1963,1964.0,leacer,46.652,0.375,5957282.9,555403.1602,82,64
1964,1965.0,leacer,45.93,0.4375,5958900.56,557746.6846,83,64
1965,1966.0,leacer,46.138,0.4375,5957257.24,560061.8019,84,64
1966,1967.0,leacer,45.374,0.4688,5958035.62,564724.9741,86,64
1967,1968.0,leacer,45.091,0.5312,5958443.59,564727.0224,86,64
1968,1969.0,leacer,44.581,0.5625,5959605.43,562403.7981,85,64
1969,1970.0,leacer,44.508,0.5312,5961051.75,562418.5193,85,64
1970,1971.0,leacer,43.749,0.625,5964204.91,562454.1242,85,64
1971,1972.0,leacer,43.736,0.625,5971233.46,560324.6406,84,64
1972,1973.0,leacer,42.737,0.6875,6010668.1,561564.4829,83,64
1973,1974.0,leacer,43.218,0.7188,6315439.5,566628.2851,85,64
1974,1975.0,leacer,42.399,0.8125,6890038.97,566636.6942,85,64
1975,1976.0,leacer,42.732,0.8125,7839522.95,564306.3961,84,64
1976,1977.0,leacer,42.262,0.8438,15075174.91,566636.3058,85,64
1977,1978.0,leacer,41.908,0.875,20835651.88,564309.1522,84,64
1978,1979.0,leacer,41.334,0.9062,20837033.72,566651.7799,85,64
1979,1980.0,leacer,41.142,0.9062,20838705.89,569002.4262,86,64
1980,1981.0,leacer,45.686,0.5312,40347.76,526835.0813,70,64
1981,1982.0,leacer,46.091,0.2188,38411.28,524484.2358,69,64
1982,1983.0,leacer,44.76,0.0625,38263.49,538452.0515,75,64
1983,1984.0,leacer,45.513,0.0312,36828.27,531452.7355,72,64
1984,1985.0,leacer,43.938,0.125,37994.61,545440.9817,78,65
1985,1986.0,leacer,44.346,0.2188,37725.59,554760.7499,82,65
1986,1987.0,leacer,46.588,0.2188,35619.45,543101.3834,77,65
1987,1988.0,leacer,47.136,0.2812,36043.56,550097.4812,80,65
1988,1989.0,leacer,47.683,0.2812,36225.27,557093.9042,83,65
1989,1990.0,leacer,48.839,0.2812,36531.36,557108.494,83,65
1990,1991.0,leacer,48.689,0.3438,37228.73,561780.5833,85,65
1991,1992.0,leacer,49.205,0.375,35407.61,566415.7385,87,65
1992,1993.0,leacer,49.595,0.4062,34623.92,566406.1003,87,65
1993,1994.0,leacer,49.948,0.4062,33608.13,568726.5733,88,65
1994,1995.0,leacer,49.367,0.4062,34040.33,573387.4472,90,65
1995,1996.0,leacer,49.235,0.375,34040.26,575715.9252,91,65
1996,1997.0,leacer,48.901,0.4062,34319.97,571056.7242,89,65
1997,1998.0,leacer,48.975,0.375,34540.66,571058.4816,89,65
1998,1999.0,leacer,48.849,0.5,34874.64,573390.697,90,65
1999,2000.0,leacer,49.01,0.4688,35253.64,571065.4251,89,65
2000,2001.0,leacer,48.759,0.5,36526.41,571077.8701,89,65
2001,2002.0,leacer,48.423,0.4688,38211.08,568766.6413,88,65
2002,2003.0,leacer,47.715,0.5312,39749.68,573441.0022,90,65
2003,2004.0,leacer,47.66,0.5625,40264.67,573446.8483,90,65
2004,2005.0,leacer,47.381,0.625,42363.99,571132.1188,89,65
2005,2006.0,leacer,47.441,0.625,42277.29,571131.5641,89,65
2006,2007.0,leacer,46.431,0.7188,42672.77,573462.1434,90,65
2007,2008.0,leacer,46.636,0.6875,42470.07,571130.1212,89,65
2008,2009.0,leacer,46.282,0.75,44036.03,575806.7219,91,65
2009,2010.0,leacer,46.216,0.7188,43539.82,573468.9042,90,65
2010,2011.0,leacer,46.344,0.75,42269.26,571130.6158,89,65
2011,2012.0,leacer,46.016,0.75,42549.04,568800.5727,88,65
2012,2013.0,leacer,44.76,0.8125,43307.2,568803.6998,88,65
2013,2014.0,leacer,44.494,0.7812,45070.11,566489.6451,87,65
2014,2015.0,leacer,43.735,0.8125,46105.82,566493.6107,87,65
2015,2016.0,leacer,44.765,0.8438,45237.3,566486.3117,87,66
2016,2017.0,leacer,45.058,0.9375,44376.91,571138.8214,89,66
2017,2018.0,leacer,44.973,0.9062,44478.48,568812.3323,88,66
2018,2019.0,leacer,44.863,0.9375,44382.36,573467.5655,90,66
2019,2020.0,leacer,45.204,0.9062,43913.11,571136.1465,89,66
2020,2021.0,leacer,44.458,0.9688,44066.73,568802.7506,88,66
2021,2022.0,leacer,44.343,0.9688,43858.1,573460.5578,90,66
2022,2023.0,leacer,43.671,1.0,44534.6,571132.6026,89,66
2023,2024.0,leacer,43.927,0.9688,44061.77,564139.7776,86,66
2024,2025.0,leacer,43.005,1.0625,47768.76,564198.4541,86,66
2025,2026.0,leacer,43.102,0.8438,46446.59,550190.4732,80,66
2026,2027.0,leacer,43.364,0.8125,44457.95,552495.7081,81,66
2027,2028.0,leacer,42.852,0.7812,43949.14,557140.3253,83,66
2028,2029.0,leacer,42.706,0.75,43666.27,554808.3479,82,66
2029,2030.0,leacer,42.403,0.7812,45063.97,552491.7218,81,66
2030,2031.0,leacer,43.825,0.6562,42700.99,543157.031,77,66
2031,2032.0,leacer,44.259,0.4688,40615.95,536146.5546,74,66
2032,2033.0,leacer,44.006,0.4062,39498.42,547784.4105,79,66
2033,2034.0,leacer,44.404,0.3125,37567.67,552428.2549,81,66
2034,2035.0,leacer,44.337,0.3125,36024.27,547756.4309,79,66
2035,2036.0,leacer,45.489,0.3438,34833.81,550081.0234,80,66
2036,2037.0,leacer,45.62,0.375,34484.8,559398.7533,84,66
2037,2038.0,leacer,46.746,0.3438,33803.04,561727.0429,85,66
2038,2039.0,leacer,46.63,0.4062,34232.83,561729.1656,85,66
2039,2040.0,leacer,47.63,0.3438,33176.86,566384.7104,87,66
2040,2041.0,leacer,47.432,0.375,33449.34,571045.882,89,66
2041,2042.0,leacer,48.288,0.3438,32340.6,568710.6394,88,66
2042,2043.0,leacer,48.259,0.3438,32082.51,573368.938,90,66
2043,2044.0,leacer,48.744,0.3438,31597.65,568706.9612,88,66
2044,2045.0,leacer,48.419,0.375,31840.84,573367.5463,90,66
2045,2046.0,leacer,48.119,0.4062,32253.85,578029.3842,92,66
2046,2047.0,leacer,48.576,0.4062,31629.35,575696.7487,91,67
2047,2048.0,leacer,49.045,0.4062,31323.58,575695.7763,91,67
2048,2049.0,leacer,48.664,0.4375,31814.11,578028.0259,92,67
2049,2050.0,leacer,49.387,0.4062,31358.6,571036.9388,89,67
2050,2051.0,leacer,48.526,0.4375,32224.3,573371.0577,90,67
2051,2052.0,leacer,48.978,0.4062,31851.12,571039.6961,89,67
2052,2053.0,leacer,48.91,0.4688,32120.57,566380.6612,87,67
2053,2054.0,leacer,48.22,0.4375,32923.91,566384.2343,87,67
2054,2055.0,leacer,47.376,0.4688,33073.96,568713.7734,88,67
2055,2056.0,leacer,47.805,0.4375,32771.89,561723.1238,85,67
2056,2057.0,leacer,47.093,0.5312,34176.06,566391.5959,87,67
2057,2058.0,leacer,46.982,0.5312,34353.5,568725.0066,88,67
2058,2059.0,leacer,47.053,0.5625,34765.49,564071.0381,86,67
2059,2060.0,leacer,47.225,0.5312,35668.1,566415.1802,87,67
2060,2061.0,leacer,47.648,0.5625,35552.14,566415.8562,87,67
2061,2062.0,leacer,47.729,0.5625,36079.52,564089.9607,86,67
2062,2063.0,leacer,47.865,0.5625,36661.64,559434.8511,84,67
2063,2064.0,leacer,46.996,0.5938,39476.16,561788.2696,85,67
2064,2065.0,leacer,46.902,0.6562,40028.22,561796.0811,85,67
2065,2066.0,leacer,46.632,0.6562,42154.42,557176.1403,83,67
2066,2067.0,leacer,45.118,0.8125,45200.23,554882.4212,82,67
2067,2068.0,leacer,44.94,0.875,47787.0,557289.3956,83,67
2068,2069.0,leacer,44.411,0.8438,47036.57,566604.9139,87,67
2069,2070.0,leacer,42.524,0.9375,47601.15,564214.8433,86,67
2070,2071.0,leacer,47.063,0.5,38811.29,519844.4482,67,67
2071,2072.0,leacer,46.891,0.25,37342.57,524476.0016,69,67
2072,2073.0,leacer,44.57,0.25,39395.59,540795.0447,76,67
2073,2074.0,leacer,45.672,0.125,36994.97,529126.9355,71,67
2074,2075.0,leacer,43.751,0.1875,37367.66,547764.4408,79,67
2075,2076.0,leacer,43.632,0.2188,37341.95,561742.9527,85,67
2076,2077.0,leacer,45.468,0.25,37119.37,547769.9356,79,67
2077,2078.0,leacer,45.892,0.2812,36729.68,554756.4823,82,68
2078,2079.0,leacer,47.1,0.25,34991.67,554746.3203,82,68
2079,2080.0,leacer,47.538,0.2812,34418.38,557072.7014,83,68
2080,2081.0,leacer,47.298,0.2812,34497.71,566392.2298,87,68
2081,2082.0,leacer,47.829,0.2812,33952.12,561729.6202,85,68
2082,2083.0,leacer,47.103,0.2812,34780.18,568723.1246,88,68
2083,2084.0,leacer,47.209,0.2812,34805.67,573383.2683,90,68
2084,2085.0,leacer,46.859,0.3438,35473.7,573387.2943,90,68
2085,2086.0,leacer,46.802,0.375,35573.65,578048.2865,92,68
2086,2087.0,leacer,46.781,0.4375,35822.63,578049.917,92,68
2087,2088.0,leacer,47.192,0.4375,35786.69,566401.2646,87,68
2088,2089.0,leacer,47.265,0.5,36101.82,566403.3285,87,68
2089,2090.0,leacer,47.243,0.4688,36242.42,571064.1514,89,68
2090,2091.0,leacer,46.864,0.5,36966.51,573398.0242,90,68
2091,2092.0,leacer,46.897,0.4688,37673.28,575733.9469,91,68
2092,2093.0,leacer,46.609,0.5312,39269.92,575746.9308,91,68
2093,2094.0,leacer,46.533,0.5,41813.84,575782.7925,91,68
2094,2095.0,leacer,46.011,0.5625,80938.02,581027.3419,92,68
2095,2096.0,leacer,46.233,0.5938,667017.86,580026.1016,91,68
2096,2097.0,leacer,46.806,0.5938,7197313.81,575361.4715,89,68
2097,2098.0,leacer,46.299,0.625,15035392.72,580024.4396,91,68
2098,2099.0,leacer,45.855,0.625,15036518.65,584693.211,93,68
2099,2100.0,leacer,45.699,0.5938,15038562.22,584718.4476,93,68
2100,2101.0,leacer,45.112,0.625,15043124.73,589463.575,95,68
2101,2102.0,leacer,45.258,0.625,15061144.8,583423.9779,92,68
2102,2103.0,leacer,45.072,0.6562,15289758.45,584256.7561,91,68
2103,2104.0,leacer,44.344,0.6562,15097249.99,588926.7366,93,68
2104,2105.0,leacer,44.124,0.6875,15061427.81,585645.4597,93,68
2105,2106.0,leacer,44.166,0.6562,15103446.58,588917.2567,93,68
2106,2107.0,leacer,44.305,0.6875,15590073.82,588915.993,93,68
2107,2108.0,leacer,44.223,0.7188,16351414.06,591237.3631,94,68
2108,2109.0,leacer,44.47,0.75,3010959.62,584649.1451,93,69
2109,2110.0,leacer,45.058,0.7188,85333.88,581379.6409,92,69
2110,2111.0,leacer,44.329,0.75,67333.09,586290.9215,95,69
2111,2112.0,leacer,44.117,0.8125,59724.73,588091.2698,96,69
2112,2113.0,leacer,44.918,0.8125,54230.14,580839.3492,93,69
2113,2114.0,leacer,45.468,0.8438,47421.47,578242.8618,92,69
2114,2115.0,leacer,45.261,0.9062,45756.22,578173.7801,92,69
2115,2116.0,leacer,45.638,0.6875,40843.41,564110.1529,86,69
2116,2117.0,leacer,45.95,0.5312,39295.91,561762.7445,85,69
2117,2118.0,leacer,45.398,0.4375,39014.25,566417.9535,87,69
2118,2119.0,leacer,46.614,0.4688,37031.67,552427.9725,81,69
2119,2120.0,leacer,46.13,0.5,37161.96,559417.1928,84,69
2120,2121.0,leacer,48.685,0.2812,32809.84,545413.3765,78,69
2121,2122.0,leacer,48.758,0.2812,32695.34,547742.5803,79,69
2122,2123.0,leacer,48.429,0.2188,32547.97,559391.3352,84,69
2123,2124.0,leacer,49.782,0.25,31155.94,550065.8296,80,69
2124,2125.0,leacer,49.513,0.3125,31560.39,566377.6649,87,69
2125,2126.0,leacer,49.539,0.25,31636.33,573368.1917,90,69
2126,2127.0,leacer,50.587,0.25,30669.16,564044.3539,86,69
2127,2128.0,leacer,50.701,0.25,30521.29,564043.6875,86,69
2128,2129.0,leacer,50.952,0.2812,30393.81,568703.3673,88,69
2129,2130.0,leacer,50.954,0.3125,30404.89,571033.392,89,69
2130,2131.0,leacer,49.938,0.3438,30782.73,575693.9301,91,69
2131,2132.0,leacer,50.811,0.3125,30158.06,573362.0006,90,69
2132,2133.0,leacer,49.947,0.4062,31058.37,575695.7874,91,69
2133,2134.0,leacer,50.07,0.3438,30985.09,575695.5293,91,69
2134,2135.0,leacer,50.251,0.375,30925.66,575695.559,91,69
2135,2136.0,leacer,49.501,0.4688,31819.84,573369.4693,90,69
2136,2137.0,leacer,49.055,0.4375,32351.39,573371.631,90,69
2137,2138.0,leacer,49.471,0.4375,31654.16,571038.7793,89,69
2138,2139.0,leacer,49.235,0.5,32187.1,568711.489,88,69
2139,2140.0,leacer,48.551,0.4688,32871.35,571045.0996,89,70
2140,2141.0,leacer,49.381,0.4375,32497.78,568714.7917,88,70
2141,2142.0,leacer,49.424,0.5,32758.47,566386.4764,87,70
2142,2143.0,leacer,48.202,0.5625,33411.88,571048.0826,89,70
2143,2144.0,leacer,48.696,0.5625,33024.96,571046.3225,89,70
2144,2145.0,leacer,49.011,0.625,32883.93,571046.0657,89,70
2145,2146.0,leacer,49.065,0.625,32832.59,566385.8249,87,70
2146,2147.0,leacer,48.725,0.6562,33120.57,571046.4405,89,70
2147,2148.0,leacer,48.502,0.625,33582.32,573378.8467,90,70
2148,2149.0,leacer,47.632,0.7188,34887.04,573385.3734,90,70
2149,2150.0,leacer,47.686,0.6875,35454.5,568730.092,88,70
2150,2151.0,leacer,46.982,0.8125,37574.62,573406.6701,90,70
2151,2152.0,leacer,46.06,0.8125,39703.53,573423.8275,90,70
2152,2153.0,leacer,45.215,0.8438,41192.72,571103.7296,89,70
2153,2154.0,leacer,44.981,0.9062,43038.49,568796.2045,88,70
2154,2155.0,leacer,44.905,0.9375,44731.35,564156.1802,86,70
2155,2156.0,leacer,45.165,1.0625,46804.51,559534.3546,84,70
2156,2157.0,leacer,45.092,1.1562,49117.61,559577.2594,84,70
2157,2158.0,leacer,45.209,1.2188,51997.67,559653.0962,84,70
2158,2159.0,leacer,44.387,1.2812,51927.35,566627.2976,87,70
2159,2160.0,leacer,43.995,1.2812,52474.55,568967.5574,88,70
2160,2161.0,leacer,46.241,0.8125,43680.06,526897.9501,70,70
2161,2162.0,leacer,46.795,0.3438,40112.46,526841.2074,70,70
2162,2163.0,leacer,45.508,0.125,39007.76,547783.8537,79,70
2163,2164.0,leacer,46.74,0.0312,35851.68,524461.0556,69,70
2164,2165.0,leacer,44.893,0.0625,34993.81,529110.7342,71,70
2165,2166.0,leacer,44.701,0.0312,34965.78,543089.6882,77,70
2166,2167.0,leacer,45.883,0.1562,34030.62,545416.5251,78,70
2167,2168.0,leacer,46.37,0.1875,33929.88,554736.5614,82,70
2168,2169.0,leacer,47.073,0.1875,33845.52,552407.1538,81,70
2169,2170.0,leacer,48.49,0.1875,32694.49,547742.9493,79,70
2170,2171.0,leacer,47.989,0.2188,32799.74,552403.2096,81,71
2171,2172.0,leacer,48.402,0.1875,32713.85,554733.8862,82,71
2172,2173.0,leacer,48.859,0.25,32854.91,557066.5288,83,71
2173,2174.0,leacer,49.223,0.2188,32461.59,559394.6058,84,71
2174,2175.0,leacer,49.251,0.2812,32649.24,564055.4632,86,71
2175,2176.0,leacer,49.344,0.2812,32389.1,564053.7776,86,71
2176,2177.0,leacer,49.472,0.3438,32424.55,561723.8512,85,71
2177,2178.0,leacer,49.643,0.3125,32712.53,559396.5026,84,71
2178,2179.0,leacer,49.348,0.3125,33528.25,557073.4815,83,71
2179,2180.0,leacer,48.99,0.2812,34544.7,554754.8205,82,71
2180,2181.0,leacer,48.278,0.3125,35031.49,559416.9217,84,71
2181,2182.0,leacer,48.77,0.3438,35091.64,557088.1138,83,71
2182,2183.0,leacer,49.424,0.3438,34690.92,559417.6006,84,71
2183,2184.0,leacer,47.791,0.3438,36007.62,561753.2011,85,71
2184,2185.0,leacer,47.719,0.375,36591.98,559431.9237,84,71
2185,2186.0,leacer,47.635,0.375,40226.16,557169.9478,83,71
2186,2187.0,leacer,47.281,0.375,55474.98,557870.8195,83,71
2187,2188.0,leacer,47.855,0.375,727286.77,559026.8525,82,71
2188,2189.0,leacer,48.11,0.4062,1682169.71,559025.3383,82,71
2189,2190.0,leacer,47.809,0.4375,1889084.88,563685.3178,84,71
2190,2191.0,leacer,48.066,0.4688,15031099.4,563685.0773,84,71
2191,2192.0,leacer,47.835,0.4375,15031387.81,566016.2231,85,71
2192,2193.0,leacer,47.048,0.4688,15031716.93,570676.9058,87,71
2193,2194.0,leacer,46.675,0.5,15031998.19,570677.9123,87,71
2194,2195.0,leacer,46.46,0.5312,15032161.84,570678.6042,87,71
2195,2196.0,leacer,46.506,0.5,15032246.02,563689.1481,84,71
2196,2197.0,leacer,46.237,0.5312,15032836.12,566022.0494,85,71
2197,2198.0,leacer,46.025,0.5312,15033175.44,568353.7846,86,71
2198,2199.0,leacer,45.538,0.5938,15033428.66,561364.3772,83,71
2199,2200.0,leacer,45.338,0.5938,15033697.98,563695.8059,84,71
2200,2201.0,leacer,45.025,0.6562,15034531.04,566030.8119,85,71
2201,2202.0,leacer,45.169,0.6562,15034372.3,561369.4044,83,72
2202,2203.0,leacer,44.776,0.7188,15035148.82,563703.7624,84,72
2203,2204.0,leacer,44.816,0.7812,15035702.2,563708.2492,84,72
2204,2205.0,leacer,43.525,0.8125,15038949.42,566064.1187,85,72
2205,2206.0,leacer,44.183,0.75,15038951.79,554425.0506,80,72
2206,2207.0,leacer,43.653,0.6875,15038920.13,549766.7437,78,72
2207,2208.0,leacer,43.749,0.625,15038730.75,547437.0964,77,72
2208,2209.0,leacer,43.427,0.6875,49044.25,540964.6917,76,72
2209,2210.0,leacer,43.492,0.6875,47383.29,536252.5107,74,72
2210,2211.0,leacer,44.517,0.5312,41344.01,529172.001,71,72
2211,2212.0,leacer,45.677,0.4062,38764.82,526819.2783,70,72
2212,2213.0,leacer,44.086,0.4062,40134.56,536140.2506,74,72
2213,2214.0,leacer,44.717,0.3438,38153.77,531463.7545,72,72
2214,2215.0,leacer,45.197,0.4062,36752.81,533783.3791,73,72
2215,2216.0,leacer,44.379,0.375,36957.38,540772.1609,76,72
2216,2217.0,leacer,45.226,0.4375,37064.28,536117.1606,74,72
2217,2218.0,leacer,45.964,0.4375,36313.27,540775.7827,76,72
2218,2219.0,leacer,45.482,0.4688,37599.51,545447.2476,78,72
2219,2220.0,leacer,45.761,0.4688,37703.39,547783.9723,79,72
2220,2221.0,leacer,46.297,0.5312,37439.77,552447.1694,81,72
2221,2222.0,leacer,46.559,0.5312,37023.43,552443.8418,81,72
2222,2223.0,leacer,46.164,0.5625,37377.9,552447.0378,81,72
2223,2224.0,leacer,46.427,0.5625,37159.33,552446.2486,81,72
2224,2225.0,leacer,46.392,0.5938,36830.64,554771.913,82,72
2225,2226.0,leacer,46.72,0.5938,36885.01,554776.802,82,72
2226,2227.0,leacer,46.149,0.5938,5960512.38,555439.0771,82,72
2227,2228.0,leacer,45.64,0.5938,41202.03,554807.5841,82,72
2228,2229.0,leacer,45.683,0.5938,40253.14,557128.6523,83,72
2229,2230.0,leacer,45.182,0.625,51645.01,557379.5121,83,72
2230,2231.0,leacer,44.296,0.625,163386.11,562630.3125,85,72
2231,2232.0,leacer,44.271,0.625,5991747.64,564134.8567,85,72
2232,2233.0,leacer,44.175,0.75,9546172.22,568950.1702,86,73
2233,2234.0,leacer,45.157,0.7188,11590405.44,566618.2291,85,73
2234,2235.0,leacer,44.951,0.75,18125734.22,568951.025,86,73
2235,2236.0,leacer,45.217,0.7188,20832131.02,566622.2772,85,73
2236,2237.0,leacer,44.871,0.75,20832565.81,566625.14,85,73
2237,2238.0,leacer,44.914,0.7188,20832561.46,564295.3647,84,73
2238,2239.0,leacer,44.159,0.75,20833318.53,571288.8245,87,73
2239,2240.0,leacer,44.224,0.75,20833399.59,573619.5726,88,73
2240,2241.0,leacer,43.74,0.7812,20833571.59,568960.3224,86,73
2241,2242.0,leacer,43.942,0.7812,20833979.27,566635.9007,85,73
2242,2243.0,leacer,43.35,0.8125,20835757.43,568984.4647,86,73
2243,2244.0,leacer,42.969,0.7812,20838102.34,566690.6604,85,73
2244,2245.0,leacer,43.13,0.8438,20839984.8,569050.2308,86,73
2245,2246.0,leacer,43.344,0.8125,20842296.78,569107.3522,86,73
2246,2247.0,leacer,42.794,0.8438,20843420.68,573782.9374,88,73
2247,2248.0,leacer,43.069,0.875,20842971.45,571443.0424,87,73
2248,2249.0,leacer,42.231,0.9688,20845695.83,571478.9111,87,73
2249,2250.0,leacer,41.595,0.9688,20851268.52,573910.9407,88,73
2250,2251.0,leacer,47.08,0.4375,40380.93,522198.6938,68,73
2251,2252.0,leacer,47.342,0.1562,37283.36,524481.5776,69,73
2252,2253.0,leacer,46.247,0.1562,41833.68,531540.6953,72,73
2253,2254.0,leacer,47.864,0.125,34286.9,515132.432,65,73
2254,2255.0,leacer,44.931,0.1875,35977.04,538438.7465,75,73
2255,2256.0,leacer,44.285,0.25,36755.45,552421.1773,81,73
2256,2257.0,leacer,46.363,0.1875,34490.18,543089.7985,77,73
2257,2258.0,leacer,47.149,0.2188,33513.84,545415.0325,78,73
2258,2259.0,leacer,46.948,0.2188,33987.09,559397.3249,84,73
2259,2260.0,leacer,48.107,0.2188,32977.04,561723.7659,85,73
2260,2261.0,leacer,47.983,0.25,32553.69,564051.0745,86,73
2261,2262.0,leacer,48.642,0.1875,32235.3,561720.4158,85,73
2262,2263.0,leacer,48.579,0.1875,32328.55,561720.8135,85,73
2263,2264.0,leacer,48.456,0.1875,32705.07,566383.0166,87,74
2264,2265.0,leacer,48.322,0.2812,33131.94,571045.3939,89,74
2265,2266.0,leacer,48.65,0.2188,32995.55,566385.6713,87,74
2266,2267.0,leacer,48.309,0.25,33488.44,561727.9763,85,74
2267,2268.0,leacer,48.469,0.25,33466.86,564057.8444,86,74
2268,2269.0,leacer,47.328,0.3125,34253.42,566390.6152,87,74
2269,2270.0,leacer,47.596,0.3125,34130.68,566390.4041,87,74
2270,2271.0,leacer,47.899,0.375,34180.17,564061.1605,86,74
2271,2272.0,leacer,47.866,0.3438,34402.96,566392.5625,87,74
2272,2273.0,leacer,46.866,0.4688,15032673.16,573012.5857,88,74
2273,2274.0,leacer,47.147,0.4375,45318.88,566624.899,87,74
2274,2275.0,leacer,46.024,0.5,47551.3,568919.0061,88,74
2275,2276.0,leacer,46.536,0.4688,41727.46,568800.5066,88,74
2276,2277.0,leacer,46.161,0.5,40454.76,571103.9474,89,74
2277,2278.0,leacer,46.348,0.4688,39099.78,573418.2983,90,74
2278,2279.0,leacer,45.96,0.5312,38653.01,571081.6703,89,74
2279,2280.0,leacer,46.134,0.5312,38851.38,571084.8343,89,74
2280,2281.0,leacer,45.775,0.5625,40168.93,573426.0643,90,74
2281,2282.0,leacer,46.475,0.5625,39750.37,575757.1512,91,74
2282,2283.0,leacer,46.819,0.625,39807.36,578091.9715,92,74
2283,2284.0,leacer,47.131,0.625,38946.86,571093.0413,89,74
2284,2285.0,leacer,46.416,0.6875,39766.73,568766.0522,88,74
2285,2286.0,leacer,46.571,0.6875,38996.02,571085.7783,89,74
2286,2287.0,leacer,46.478,0.7188,39109.89,573414.6012,90,74
2287,2288.0,leacer,45.959,0.7188,39136.02,573412.7916,90,74
2288,2289.0,leacer,44.892,0.7812,39971.73,573416.6202,90,74
2289,2290.0,leacer,44.669,0.75,46660.6,564221.0834,86,74
2290,2291.0,leacer,42.518,0.7812,45570.02,568823.3075,88,74
2291,2292.0,leacer,42.766,0.8125,42780.34,561783.7548,85,74
2292,2293.0,leacer,43.366,0.8438,42820.67,552466.8689,81,74
2293,2294.0,leacer,43.345,0.8438,42728.72,557127.9806,83,74
2294,2295.0,leacer,42.638,0.9062,59119.38,566979.3248,87,75
2295,2296.0,leacer,44.356,0.7188,39900.96,552445.0326,81,75
2296,2297.0,leacer,44.803,0.625,38674.17,550105.2913,80,75
2297,2298.0,leacer,45.039,0.625,40019.07,545457.0026,78,75
2298,2299.0,leacer,45.68,0.5938,39340.59,533802.3606,73,75
2299,2300.0,leacer,45.187,0.5625,41641.35,543143.9309,77,75
2300,2301.0,leacer,47.537,0.3438,36217.96,529124.4491,71,75
2301,2302.0,leacer,47.58,0.25,35955.58,531452.3377,72,75
2302,2303.0,leacer,46.97,0.25,36027.63,543101.0168,77,75
2303,2304.0,leacer,48.55,0.1562,34132.74,531442.5753,72,75
2304,2305.0,leacer,47.75,0.1875,34370.54,536102.0973,74,75
2305,2306.0,leacer,46.965,0.1562,34242.33,547749.8032,79,75
2306,2307.0,leacer,48.005,0.1875,32457.08,543081.2572,77,75
2307,2308.0,leacer,48.188,0.1562,32224.25,545409.8818,78,75
2308,2309.0,leacer,48.535,0.2188,31744.68,552397.5962,81,75
2309,2310.0,leacer,49.522,0.1875,31090.81,552395.5964,81,75
2310,2311.0,leacer,48.019,0.2188,32222.63,559389.6261,84,75
2311,2312.0,leacer,48.759,0.1875,31735.94,559388.1415,84,75
2312,2313.0,leacer,49.433,0.25,31248.52,557056.4553,83,75
2313,2314.0,leacer,49.969,0.2188,30756.47,559384.5566,84,75
2314,2315.0,leacer,50.19,0.25,30504.28,561713.3487,85,75
2315,2316.0,leacer,50.441,0.25,30291.82,561712.5632,85,75
2316,2317.0,leacer,50.487,0.2812,30305.04,564042.5695,86,75
2317,2318.0,leacer,51.014,0.25,29961.57,559381.4982,84,75
2318,2319.0,leacer,50.695,0.2812,30332.54,559382.9724,84,75
2319,2320.0,leacer,50.667,0.25,30361.34,559382.9664,84,75
2320,2321.0,leacer,50.081,0.2812,30689.35,561714.0313,85,75
2321,2322.0,leacer,49.752,0.25,30916.93,559384.8004,84,75
2322,2323.0,leacer,49.836,0.25,30888.73,559384.773,84,75
2323,2324.0,leacer,49.144,0.2812,31579.49,564047.3953,86,75
2324,2325.0,leacer,48.53,0.3125,32389.21,564050.6562,86,75
2325,2326.0,leacer,47.945,0.3125,32816.48,566382.6907,87,76
2326,2327.0,leacer,48.001,0.375,32757.88,566383.0422,87,76
2327,2328.0,leacer,47.813,0.3438,32933.28,566384.1866,87,76
2328,2329.0,leacer,47.491,0.4375,33496.07,571047.1204,89,76
2329,2330.0,leacer,47.639,0.4375,33366.93,568716.7479,88,76
2330,2331.0,leacer,46.645,0.5,34159.18,568719.224,88,76
2331,2332.0,leacer,46.339,0.5,34501.41,564060.7073,86,76
2332,2333.0,leacer,45.891,0.5312,35307.75,557074.8491,83,76
2333,2334.0,leacer,45.544,0.5312,36000.78,554748.7964,82,76
2334,2335.0,leacer,43.71,0.5625,39678.3,557101.2455,83,76
2335,2336.0,leacer,44.074,0.5938,38841.61,554765.6164,82,76
2336,2337.0,leacer,44.082,0.7188,41142.15,557126.1927,83,76
2337,2338.0,leacer,43.773,0.7188,40889.01,554790.6655,82,76
2338,2339.0,leacer,42.809,0.7812,42304.93,545476.9437,78,76
2339,2340.0,leacer,42.113,0.75,43180.44,545478.5545,78,76
2340,2341.0,leacer,45.369,0.375,38325.98,515155.2597,65,76
2341,2342.0,leacer,45.005,0.1875,37629.58,515147.0692,65,76
2342,2343.0,leacer,43.64,0.1562,39186.13,524474.196,69,76
2343,2344.0,leacer,44.248,0.0938,38332.96,505830.1389,61,76
2344,2345.0,leacer,43.315,0.1562,38967.79,524473.3096,69,76
2345,2346.0,leacer,43.579,0.2188,40059.11,529144.6498,71,76
2346,2347.0,leacer,44.871,0.3125,40567.04,524500.7917,69,76
2347,2348.0,leacer,44.961,0.375,39944.58,533808.2101,73,76
2348,2349.0,leacer,45.59,0.4062,40423.86,531488.6309,72,76
2349,2350.0,leacer,46.494,0.4375,40760.12,533832.6373,73,76
2350,2351.0,leacer,47.154,0.4375,40581.62,529175.7495,71,76
2351,2352.0,leacer,46.172,0.4688,41981.15,536177.1007,74,76
2352,2353.0,leacer,46.399,0.5,41614.77,543164.2884,77,76
2353,2354.0,leacer,46.802,0.5,41534.35,543166.5214,77,76
2354,2355.0,leacer,46.754,0.5,41159.39,547822.5566,79,76
2355,2356.0,leacer,47.135,0.4688,40337.91,547814.5798,79,76
2356,2357.0,leacer,46.971,0.5312,41095.9,552484.3961,81,77
2357,2358.0,leacer,47.853,0.4688,39953.51,545485.6473,78,77
2358,2359.0,leacer,47.469,0.5,15037980.73,547454.6553,77,77
2359,2360.0,leacer,47.668,0.4688,59389.4,543740.644,77,77
2360,2361.0,leacer,47.79,0.5,60066.78,543811.6391,77,77
2361,2362.0,leacer,48.006,0.4688,112416.78,545031.3288,76,77
2362,2363.0,leacer,47.684,0.5312,1333477.54,547343.7525,77,77
2363,2364.0,leacer,47.333,0.5,14909807.95,547329.39,77,77
2364,2365.0,leacer,46.187,0.5312,14910027.64,551986.2339,79,77
2365,2366.0,leacer,46.361,0.5,14910125.35,544997.1594,76,77
2366,2367.0,leacer,45.827,0.5938,14910393.66,547327.9708,77,77
2367,2368.0,leacer,45.689,0.5625,14910261.7,547326.6221,77,77
2368,2369.0,leacer,46.21,0.625,14909579.99,547322.4852,77,77
2369,2370.0,leacer,46.622,0.5938,82959.94,546600.7511,77,77
2370,2371.0,leacer,45.898,0.625,65356.13,551351.4353,80,77
2371,2372.0,leacer,46.571,0.6562,54921.36,545965.4192,78,77
2372,2373.0,leacer,46.254,0.6875,46264.32,552599.8895,81,77
2373,2374.0,leacer,46.148,0.6562,43663.03,547871.6694,79,77
2374,2375.0,leacer,46.334,0.6562,41565.27,543167.1143,77,77
2375,2376.0,leacer,46.751,0.6562,40088.77,538484.0653,75,77
2376,2377.0,leacer,47.037,0.6875,40260.5,533821.1614,73,77
2377,2378.0,leacer,46.762,0.6875,39392.9,533810.5579,73,77
2378,2379.0,leacer,46.129,0.7188,39514.92,533806.5426,73,77
2379,2380.0,leacer,45.777,0.7188,38945.53,533799.9337,73,77
2380,2381.0,leacer,45.428,0.7188,39032.42,531470.2826,72,77
2381,2382.0,leacer,44.843,0.6875,39151.2,533798.7977,73,77
2382,2383.0,leacer,44.238,0.7188,39795.02,533801.4822,73,77
2383,2384.0,leacer,45.099,0.7188,39632.94,533803.8889,73,77
2384,2385.0,leacer,45.119,0.8125,41025.69,531487.6925,72,77
2385,2386.0,leacer,46.245,0.5938,38634.45,515160.7025,65,77
2386,2387.0,leacer,45.966,0.4688,38425.75,515159.6257,65,77
2387,2388.0,leacer,45.743,0.3438,37532.37,519810.6751,67,78
2388,2389.0,leacer,46.203,0.375,37130.95,508159.4406,62,78
2389,2390.0,leacer,45.047,0.375,41192.74,517531.9433,66,78
2390,2391.0,leacer,47.829,0.1875,33021.67,501143.3525,59,78
2391,2392.0,leacer,48.947,0.125,31898.09,501138.654,59,78
2392,2393.0,leacer,47.621,0.125,33199.17,512793.7764,64,78
2393,2394.0,leacer,48.372,0.125,32348.47,515120.1874,65,78
2394,2395.0,leacer,49.104,0.1562,31481.78,517446.5228,66,78
2395,2396.0,leacer,49.303,0.0938,31217.89,522105.3683,68,78
2396,2397.0,leacer,51.026,0.0625,29739.45,515110.0344,65,78
2397,2398.0,leacer,50.826,0.0938,30011.83,519771.3579,67,78
2398,2399.0,leacer,49.991,0.0938,31078.53,526766.3005,70,78
2399,2400.0,leacer,50.89,0.0938,30155.03,522102.3046,68,78
2400,2401.0,leacer,50.365,0.125,30649.28,526764.2884,70,78
2401,2402.0,leacer,50.856,0.0938,30120.27,526762.0656,70,78
2402,2403.0,leacer,51.022,0.125,29712.81,529090.0472,71,78
2403,2404.0,leacer,51.237,0.0938,29395.97,529088.6392,71,78
2404,2405.0,leacer,50.855,0.125,29733.1,529089.7936,71,78
2405,2406.0,leacer,50.728,0.0938,29751.03,526759.6742,70,78
2406,2407.0,leacer,49.841,0.1562,30673.63,531423.3836,72,78
2407,2408.0,leacer,50.337,0.1562,30140.14,529091.1464,71,78
2408,2409.0,leacer,49.405,0.1875,30810.07,531423.3091,72,78
2409,2410.0,leacer,49.279,0.1562,30999.68,533754.3442,73,78
2410,2411.0,leacer,49.771,0.2188,30414.23,533751.7656,73,78
2411,2412.0,leacer,50.401,0.1875,29933.65,529090.1193,71,78
2412,2413.0,leacer,50.253,0.2188,30162.24,529091.1447,71,78
2413,2414.0,leacer,50.268,0.1875,30045.59,531420.5134,72,78
2414,2415.0,leacer,50.081,0.2188,30149.23,533750.7917,73,78
2415,2416.0,leacer,49.973,0.1875,30257.81,531421.2529,72,78
2416,2417.0,leacer,49.517,0.2188,30606.71,533752.4702,73,78
2417,2418.0,leacer,49.334,0.1875,30901.1,529093.8012,71,78
2418,2419.0,leacer,49.226,0.25,31190.33,531424.8353,72,79
2419,2420.0,leacer,49.297,0.2188,31333.13,529096.3387,71,79
2420,2421.0,leacer,49.395,0.3125,31512.02,526768.3238,70,79
2421,2422.0,leacer,49.319,0.2812,31904.44,519781.6811,67,79
2422,2423.0,leacer,49.034,0.3125,34856.18,519820.5369,67,79
2423,2424.0,leacer,48.818,0.3125,35447.59,517498.8527,66,79
2424,2425.0,leacer,47.921,0.3438,37052.19,517505.291,66,79
2425,2426.0,leacer,47.284,0.3438,36835.91,515163.4573,65,79
2426,2427.0,leacer,47.286,0.375,37363.67,510506.8222,63,79
2427,2428.0,leacer,46.355,0.375,37891.73,510508.2872,63,79
2428,2429.0,leacer,46.043,0.4688,38373.52,508180.6026,62,79
2429,2430.0,leacer,45.576,0.5312,39108.58,512844.2682,64,79
2430,2431.0,leacer,48.517,0.25,34942.05,489510.0032,54,79
2431,2432.0,leacer,49.181,0.125,34326.33,489505.8458,54,79
2432,2433.0,leacer,47.376,0.0625,35757.67,498831.2287,58,79
2433,2434.0,leacer,47.863,0.0938,35225.61,501159.1512,59,79
2434,2435.0,leacer,47.582,0.0938,34514.31,503484.9158,60,79
2435,2436.0,leacer,48.39,0.0938,34211.73,505814.6813,61,79
2436,2437.0,leacer,49.156,0.1562,34205.79,508146.6628,62,79
2437,2438.0,leacer,49.859,0.125,33332.81,510472.2836,63,79
2438,2439.0,leacer,49.279,0.1875,34676.5,519800.1922,67,79
2439,2440.0,leacer,50.289,0.125,32791.49,515129.3905,65,79
2440,2441.0,leacer,50.38,0.1562,32973.85,519790.6075,67,79
2441,2442.0,leacer,50.532,0.1562,32852.18,524450.4806,69,79
2442,2443.0,leacer,50.32,0.1875,32572.06,526776.883,70,79
2443,2444.0,leacer,50.307,0.1562,32245.31,524444.3333,69,79
2444,2445.0,leacer,50.133,0.25,32120.22,526772.6956,70,79
2445,2446.0,leacer,49.831,0.2188,32241.69,524442.5384,69,79
2446,2447.0,leacer,50.555,0.2812,31681.77,522110.8181,68,79
2447,2448.0,leacer,50.615,0.25,31485.01,522109.6108,68,79
2448,2449.0,leacer,50.708,0.2812,31379.07,522108.958,68,79
2449,2450.0,leacer,51.056,0.2812,31198.4,515118.3379,65,80
2450,2451.0,leacer,50.53,0.3125,31757.59,517450.52,66,80
2451,2452.0,leacer,50.614,0.2812,31654.5,517450.0248,66,80
2452,2453.0,leacer,50.769,0.3125,31475.07,517449.193,66,80
2453,2454.0,leacer,50.121,0.3438,32082.46,519781.7037,67,80
2454,2455.0,leacer,49.097,0.375,32935.93,526774.735,70,80
2455,2456.0,leacer,49.126,0.375,32738.71,526773.6882,70,80
2456,2457.0,leacer,48.471,0.4062,32999.37,529104.2625,71,80
2457,2458.0,leacer,48.478,0.375,33046.26,531434.8486,72,80
2458,2459.0,leacer,47.949,0.4062,33969.15,533769.6863,73,80
2459,2460.0,leacer,48.028,0.4062,34255.4,531441.8033,72,80
2460,2461.0,leacer,47.804,0.5,35256.56,533778.9579,73,80
2461,2462.0,leacer,47.781,0.4688,36819.84,531465.3292,72,80
2462,2463.0,leacer,47.212,0.5,44604.11,531638.4517,72,80
2463,2464.0,leacer,47.29,0.5,396667.3,533407.7324,71,80
2464,2465.0,leacer,46.29,0.5625,757902.5,535759.2381,72,80
2465,2466.0,leacer,46.653,0.5312,15035344.85,535753.9088,72,80
2466,2467.0,leacer,46.225,0.5938,15035499.34,535755.6842,72,80
2467,2468.0,leacer,46.018,0.5625,15035587.21,535756.0439,72,80
2468,2469.0,leacer,45.58,0.5938,15036517.04,535761.7979,72,80
2469,2470.0,leacer,45.266,0.5625,15037085.92,531103.1067,70,80
2470,2471.0,leacer,43.888,0.625,15038879.99,533441.3753,71,80
2471,2472.0,leacer,43.544,0.625,15039848.45,533449.3921,71,80
2472,2473.0,leacer,42.821,0.6875,15040675.32,535783.3952,72,80
2473,2474.0,leacer,42.824,0.75,15040801.72,535785.1313,72,80
2474,2475.0,leacer,42.561,0.7812,15040246.83,538109.7456,73,80
2475,2476.0,leacer,43.767,0.625,15036988.3,526434.3096,68,80
2476,2477.0,leacer,44.119,0.5625,15037106.98,519446.7703,65,80
2477,2478.0,leacer,43.579,0.5625,15037851.93,521781.8467,66,80
2478,2479.0,leacer,43.333,0.6562,15039141.58,524125.2037,67,80
2479,2480.0,leacer,42.99,0.6875,15040166.52,533454.2934,71,80
2480,2481.0,leacer,45.893,0.5,37355.72,508159.7086,62,81
2481,2482.0,leacer,46.909,0.3125,36186.36,508153.0693,62,81
2482,2483.0,leacer,46.203,0.2188,36233.11,519800.314,67,81
2483,2484.0,leacer,47.587,0.1562,33969.09,510468.1808,63,81
2484,2485.0,leacer,46.612,0.1875,34643.77,526779.8835,70,81
2485,2486.0,leacer,46.687,0.1875,92295.39,527442.9617,70,81
2486,2487.0,leacer,46.06,0.2188,37183.1,529135.2184,71,81
2487,2488.0,leacer,46.489,0.1875,34973.24,533772.797,73,81
2488,2489.0,leacer,47.041,0.1875,49730.95,536590.3828,74,81
2489,2490.0,leacer,47.036,0.1875,55584.59,541417.4268,76,81
2490,2491.0,leacer,46.728,0.25,3893996.93,546075.6341,78,81
2491,2492.0,leacer,47.579,0.25,5955417.91,543743.4179,77,81
2492,2493.0,leacer,47.268,0.2812,5955475.52,546073.3721,78,81
2493,2494.0,leacer,47.615,0.25,5955398.5,543743.6319,77,81
2494,2495.0,leacer,47.471,0.2812,5955568.87,546074.5636,78,81
2495,2496.0,leacer,47.363,0.25,5955879.5,548406.6636,79,81
2496,2497.0,leacer,48.212,0.25,5955225.99,546073.9459,78,81
2497,2498.0,leacer,46.988,0.2812,5956200.54,548407.079,79,81
2498,2499.0,leacer,48.159,0.2812,5955387.77,546074.3149,78,81
2499,2500.0,leacer,48.057,0.25,5955357.84,550733.7415,80,81
2500,2501.0,leacer,47.055,0.3125,5956628.18,555399.3763,82,81
2501,2502.0,leacer,47.769,0.3125,5955784.43,555395.6692,82,81
2502,2503.0,leacer,48.127,0.3125,5955579.97,553065.1457,81,81
2503,2504.0,leacer,47.511,0.2812,5957676.54,553081.1885,81,81
2504,2505.0,leacer,46.97,0.3125,5957180.34,553073.1509,81,81
2505,2506.0,leacer,47.409,0.2812,5956045.12,555396.8289,82,81
2506,2507.0,leacer,46.385,0.3438,5957163.85,557731.8758,83,81
2507,2508.0,leacer,46.178,0.3125,5957005.86,553070.1973,81,81
2508,2509.0,leacer,46.031,0.4062,5956797.66,550738.6691,80,81
2509,2510.0,leacer,45.63,0.4062,5956963.1,553068.9369,81,81
2510,2511.0,leacer,44.291,0.4375,5958926.05,557739.3957,83,81
2511,2512.0,leacer,43.941,0.4375,5958816.43,553076.6009,81,82
2512,2513.0,leacer,43.006,0.4688,5960194.39,555413.0226,82,82
2513,2514.0,leacer,43.391,0.5,5960522.03,550757.9281,80,82
2514,2515.0,leacer,42.981,0.5625,5962268.61,546112.1469,78,82
2515,2516.0,leacer,42.47,0.625,5962864.04,546114.7015,78,82
2516,2517.0,leacer,42.643,0.625,5962688.43,546115.0069,78,82
2517,2518.0,leacer,42.519,0.6562,5962640.37,546113.9596,78,82
2518,2519.0,leacer,41.991,0.7188,5962630.24,548439.2131,79,82
2519,2520.0,leacer,41.947,0.7812,5962957.79,546111.1148,78,82
2520,2521.0,leacer,46.991,0.3438,33879.24,508137.3799,62,82
2521,2522.0,leacer,46.972,0.125,34190.62,501149.5993,59,82
2522,2523.0,leacer,45.455,0.0938,35947.69,510477.3936,63,82
2523,2524.0,leacer,45.419,0.1875,36812.18,512812.7941,64,82
2524,2525.0,leacer,44.795,0.2188,37790.97,529128.0924,71,82
2525,2526.0,leacer,44.393,0.2812,38396.88,543111.8983,77,82
2526,2527.0,leacer,46.092,0.3438,36637.77,533783.9721,73,82
2527,2528.0,leacer,46.892,0.4062,35578.79,540769.52,76,82
2528,2529.0,leacer,46.263,0.4375,35921.02,550089.801,80,82
2529,2530.0,leacer,47.635,0.3438,34511.01,552413.9404,81,82
2530,2531.0,leacer,47.819,0.4062,33815.36,554738.6128,82,82
2531,2532.0,leacer,48.549,0.375,33182.53,552405.9796,81,82
2532,2533.0,leacer,48.9,0.4062,33039.59,552405.8791,81,82
2533,2534.0,leacer,48.985,0.375,33046.54,557066.0917,83,82
2534,2535.0,leacer,48.733,0.4062,33422.72,561727.8754,85,82
2535,2536.0,leacer,48.882,0.375,33411.85,559398.0888,84,82
2536,2537.0,leacer,48.316,0.4375,34053.39,561731.1065,85,82
2537,2538.0,leacer,47.809,0.4062,34176.29,564060.6288,86,82
2538,2539.0,leacer,47.702,0.4375,34349.43,561731.2563,85,82
2539,2540.0,leacer,48.35,0.4062,34726.93,559407.954,84,82
2540,2541.0,leacer,48.264,0.4375,34257.07,564063.1685,86,82
2541,2542.0,leacer,48.57,0.4062,33847.47,561730.2317,85,82
2542,2543.0,leacer,48.642,0.4375,33629.48,564058.6239,86,83
2543,2544.0,leacer,49.471,0.4688,33002.03,557066.5448,83,83
2544,2545.0,leacer,48.411,0.5,33499.18,559397.5373,84,83
2545,2546.0,leacer,48.883,0.4688,33107.43,559396.1337,84,83
2546,2547.0,leacer,48.602,0.5,33446.55,561727.7528,85,83
2547,2548.0,leacer,48.405,0.5312,33707.64,561728.9822,85,83
2548,2549.0,leacer,47.601,0.5312,35145.93,564066.8631,86,83
2549,2550.0,leacer,47.65,0.5,34819.67,566394.4627,87,83
2550,2551.0,leacer,47.712,0.5312,34592.14,564063.1452,86,83
2551,2552.0,leacer,47.71,0.5,35023.65,564066.5973,86,83
2552,2553.0,leacer,47.323,0.5312,35811.55,561741.0363,85,83
2553,2554.0,leacer,47.589,0.5,35908.92,559412.5709,84,83
2554,2555.0,leacer,46.382,0.5312,37484.55,566411.2041,87,83
2555,2556.0,leacer,46.707,0.5312,37488.48,561752.3992,85,83
2556,2557.0,leacer,46.533,0.625,37621.86,559422.7977,84,83
2557,2558.0,leacer,46.001,0.6562,38189.36,559425.895,84,83
2558,2559.0,leacer,45.26,0.6875,39171.14,561762.0016,85,83
2559,2560.0,leacer,45.331,0.6562,39279.59,557104.1104,83,83
2560,2561.0,leacer,44.99,0.6875,40927.37,547797.339,79,83
2561,2562.0,leacer,45.31,0.7812,40951.04,557119.6318,83,83
2562,2563.0,leacer,45.218,0.8125,40615.03,554785.6043,82,83
2563,2564.0,leacer,45.06,0.8125,41568.59,552467.5275,81,83
2564,2565.0,leacer,45.119,0.875,41632.94,550136.9533,80,83
2565,2566.0,leacer,45.361,0.7188,39945.96,538469.2006,75,83
2566,2567.0,leacer,44.318,0.5938,40418.77,545455.8974,78,83
2567,2568.0,leacer,44.111,0.4688,42122.45,538478.3543,75,83
2568,2569.0,leacer,44.078,0.4688,1539302.7,532142.1983,72,83
2569,2570.0,leacer,43.741,0.4688,3216684.29,532145.9293,72,83
2570,2571.0,leacer,44.565,0.2812,5961963.87,525139.3531,69,83
2571,2572.0,leacer,44.878,0.1562,5961389.08,525135.7095,69,83
2572,2573.0,leacer,44.701,0.2812,5960961.21,532122.3844,72,83
2573,2574.0,leacer,45.586,0.2812,5959937.99,529788.15,71,84
2574,2575.0,leacer,45.685,0.3125,5959108.48,539102.1014,75,84
2575,2576.0,leacer,46.501,0.2812,5957800.09,543755.2067,77,84
2576,2577.0,leacer,46.862,0.3125,5957083.94,548411.1053,79,84
2577,2578.0,leacer,47.828,0.25,5956012.05,550736.6233,80,84
2578,2579.0,leacer,48.382,0.25,5955516.87,555394.7908,82,84
2579,2580.0,leacer,49.476,0.2188,5954531.02,550731.1147,80,84
2580,2581.0,leacer,49.258,0.25,5954643.83,560051.4282,84,84
2581,2582.0,leacer,49.503,0.25,5954457.59,560050.8194,84,84
2582,2583.0,leacer,49.113,0.2812,5955203.84,560054.7957,84,84
2583,2584.0,leacer,49.421,0.25,5954786.04,562382.639,85,84
2584,2585.0,leacer,48.641,0.2812,5954964.65,557722.3378,83,84
2585,2586.0,leacer,48.599,0.2188,5954995.33,557722.5148,83,84
2586,2587.0,leacer,47.874,0.25,5955737.23,564715.5736,86,84
2587,2588.0,leacer,48.224,0.2188,5955503.95,562384.9219,85,84
2588,2589.0,leacer,48.138,0.25,5956547.75,562392.8693,85,84
2589,2590.0,leacer,48.186,0.2812,5956951.76,562397.0786,85,84
2590,2591.0,leacer,48.326,0.3438,5956917.27,562397.3063,85,84
2591,2592.0,leacer,47.835,0.3438,5957308.58,567058.5219,87,84
2592,2593.0,leacer,48.179,0.375,5957485.34,567061.3341,87,84
2593,2594.0,leacer,48.125,0.3438,5957492.33,569390.7383,88,84
2594,2595.0,leacer,48.111,0.4688,5957608.51,571721.5789,89,84
2595,2596.0,leacer,47.847,0.4375,5957837.71,569392.4936,88,84
2596,2597.0,leacer,47.469,0.5,5958072.43,569392.8736,88,84
2597,2598.0,leacer,47.721,0.4688,5957687.1,567060.5019,87,84
2598,2599.0,leacer,47.005,0.5,5958165.83,562401.9608,85,84
2599,2600.0,leacer,46.914,0.5,5958127.5,560071.9277,84,84
2600,2601.0,leacer,46.546,0.5312,5958513.96,564733.7502,86,84
2601,2602.0,leacer,46.251,0.5312,5958751.3,567064.854,87,84
2602,2603.0,leacer,45.985,0.5938,5958791.31,567063.7659,87,84
2603,2604.0,leacer,45.712,0.625,5959110.75,567065.2061,87,84
2604,2605.0,leacer,44.908,0.6875,5960529.95,562412.8746,85,85
2605,2606.0,leacer,44.517,0.6875,5961191.53,564746.0189,86,85
2606,2607.0,leacer,44.126,0.6875,5962160.48,557761.9674,83,85
2607,2608.0,leacer,43.522,0.75,5963135.4,560097.5006,84,85
2608,2609.0,leacer,41.862,0.8125,5964759.07,567094.2454,87,85
2609,2610.0,leacer,41.128,0.9062,5966000.9,567101.5316,87,85
2610,2611.0,leacer,45.471,0.375,37088.63,524463.5472,69,85
2611,2612.0,leacer,44.655,0.25,38876.57,524473.7807,69,85
2612,2613.0,leacer,42.524,0.3125,43367.77,538481.5716,75,85
2613,2614.0,leacer,42.448,0.3125,43728.57,526836.9879,70,85
2614,2615.0,leacer,40.337,0.4062,44404.5,545476.9725,78,85
2615,2616.0,leacer,40.669,0.4688,44062.93,552463.7618,81,85
2616,2617.0,leacer,42.204,0.5312,42353.41,550124.7905,80,85
2617,2618.0,leacer,42.645,0.4688,41598.48,554780.0989,82,85
2618,2619.0,leacer,43.797,0.5,40359.12,552444.5327,81,85
2619,2620.0,leacer,44.812,0.4688,39067.75,552438.4616,81,85
2620,2621.0,leacer,44.046,0.5,39121.56,557097.3619,83,85
2621,2622.0,leacer,45.116,0.4688,38248.37,547774.3431,79,85
2622,2623.0,leacer,45.182,0.4688,38643.65,550107.3277,80,85
2623,2624.0,leacer,45.019,0.4688,40719.45,552462.9389,81,85
2624,2625.0,leacer,44.732,0.5,41132.76,557120.844,83,85
2625,2626.0,leacer,45.101,0.5,39368.88,552444.054,81,85
2626,2627.0,leacer,44.614,0.5,39004.8,554769.1323,82,85
2627,2628.0,leacer,45.18,0.4688,38793.14,552438.9737,81,85
2628,2629.0,leacer,44.582,0.5312,39143.7,554770.0277,82,85
2629,2630.0,leacer,45.178,0.5,38703.38,554768.9146,82,85
2630,2631.0,leacer,45.311,0.5312,38139.69,554765.4776,82,85
2631,2632.0,leacer,45.656,0.5,38250.93,557097.5954,83,85
2632,2633.0,leacer,45.892,0.5312,38008.63,559426.1763,84,85
2633,2634.0,leacer,46.488,0.5,37725.97,559425.8002,84,85
2634,2635.0,leacer,46.609,0.5312,37577.14,559424.007,84,85
2635,2636.0,leacer,47.047,0.5,36626.82,559416.8255,84,86
2636,2637.0,leacer,47.286,0.5,36325.62,554755.1003,82,86
2637,2638.0,leacer,47.286,0.5312,36931.97,552428.9701,81,86
2638,2639.0,leacer,46.667,0.5312,37836.25,559423.8409,84,86
2639,2640.0,leacer,45.989,0.5,38674.83,564088.1502,86,86
2640,2641.0,leacer,45.909,0.5,39284.38,564092.8261,86,86
2641,2642.0,leacer,45.736,0.5312,40727.33,559445.2695,84,86
2642,2643.0,leacer,45.434,0.5312,43476.97,559475.2187,84,86
2643,2644.0,leacer,44.714,0.5625,47651.52,557206.4084,83,86
2644,2645.0,leacer,45.108,0.6562,50713.92,557285.1596,83,86
2645,2646.0,leacer,45.47,0.6562,51455.21,552669.0095,81,86
2646,2647.0,leacer,44.837,0.7188,48834.19,547922.4046,79,86
2647,2648.0,leacer,44.18,0.6875,47803.42,554881.1638,82,86
2648,2649.0,leacer,43.935,0.7188,45577.11,561841.6745,85,86
2649,2650.0,leacer,44.415,0.6875,44531.8,557166.7346,83,86
2650,2651.0,leacer,44.398,0.6875,45768.13,559511.5618,84,86
2651,2652.0,leacer,43.968,0.75,47190.92,559526.9468,84,86
2652,2653.0,leacer,43.862,0.7812,50507.98,559575.9679,84,86
2653,2654.0,leacer,43.881,0.7812,51655.19,559584.6705,84,86
2654,2655.0,leacer,43.134,0.8438,58384.56,557392.3262,83,86
2655,2656.0,leacer,43.479,0.6875,65301.52,541699.8736,76,86
2656,2657.0,leacer,43.981,0.5938,123331.44,547437.8824,77,86
2657,2658.0,leacer,43.439,0.5938,146978.3,545108.8136,76,86
2658,2659.0,leacer,43.66,0.625,434097.31,542779.1354,75,86
2659,2660.0,leacer,43.715,0.7188,4643766.32,542784.8155,75,86
2660,2661.0,leacer,44.851,0.5,41482.28,524505.8395,69,86
2661,2662.0,leacer,45.201,0.4062,40071.18,524492.8277,69,86
2662,2663.0,leacer,44.982,0.3125,39025.24,536130.6407,74,86
2663,2664.0,leacer,45.832,0.2188,37665.73,531461.365,72,86
2664,2665.0,leacer,47.286,0.1875,35189.89,524456.9142,69,86
2665,2666.0,leacer,46.855,0.1875,34728.11,540761.7256,76,86
2666,2667.0,leacer,48.159,0.2188,32903.13,531433.0306,72,87
2667,2668.0,leacer,49.438,0.2188,31664.72,536088.0495,74,87
2668,2669.0,leacer,49.662,0.25,31550.08,545407.7695,78,87
2669,2670.0,leacer,50.635,0.2188,30563.08,545403.8595,78,87
2670,2671.0,leacer,51.004,0.2812,30521.97,550064.4239,80,87
2671,2672.0,leacer,51.39,0.25,30078.55,552392.4678,81,87
2672,2673.0,leacer,50.439,0.2812,31229.43,554727.6914,82,87
2673,2674.0,leacer,50.795,0.25,30778.0,552395.4458,81,87
2674,2675.0,leacer,50.596,0.2812,30843.22,554725.3869,82,87
2675,2676.0,leacer,50.37,0.25,31022.38,557055.8928,83,87
2676,2677.0,leacer,50.203,0.3438,31246.48,557056.8402,83,87
2677,2678.0,leacer,50.988,0.3125,30496.07,547734.0395,79,87
2678,2679.0,leacer,49.877,0.3125,32159.03,552402.0374,81,87
2679,2680.0,leacer,49.711,0.2812,32177.01,547741.5612,79,87
2680,2681.0,leacer,49.224,0.3438,32567.4,547742.858,79,87
2681,2682.0,leacer,49.582,0.3125,32111.62,545411.0621,78,87
2682,2683.0,leacer,49.55,0.375,32242.74,545412.0068,78,87
2683,2684.0,leacer,49.726,0.375,32111.63,540751.7195,76,87
2684,2685.0,leacer,49.142,0.4062,33009.61,543086.2696,77,87
2685,2686.0,leacer,49.206,0.4062,32820.42,547745.1913,79,87
2686,2687.0,leacer,49.183,0.4375,33222.06,545418.2264,78,87
2687,2688.0,leacer,49.129,0.4375,33162.17,547748.5142,79,87
2688,2689.0,leacer,48.688,0.4688,33612.48,550081.0871,80,87
2689,2690.0,leacer,49.264,0.4375,33280.02,545420.5605,78,87
2690,2691.0,leacer,48.585,0.5,33992.04,547753.6901,79,87
2691,2692.0,leacer,49.207,0.4688,33530.43,545423.1056,78,87
2692,2693.0,leacer,47.941,0.5,35214.02,547763.1828,79,87
2693,2694.0,leacer,47.747,0.5,35943.44,550101.2735,80,87
2694,2695.0,leacer,47.719,0.5625,36752.94,547780.5394,79,87
2695,2696.0,leacer,47.554,0.5625,37179.76,545453.9617,78,87
2696,2697.0,leacer,47.095,0.6562,38073.55,547792.5325,79,87
2697,2698.0,leacer,46.617,0.7188,37672.88,552438.9687,81,88
2698,2699.0,leacer,46.335,0.7188,39133.58,550121.9923,80,88
2699,2700.0,leacer,45.542,0.7812,41568.53,552470.567,81,88
2700,2701.0,leacer,46.013,0.5312,38968.97,526816.5915,70,88
2701,2702.0,leacer,46.304,0.375,38530.28,522151.5463,68,88
2702,2703.0,leacer,44.763,0.3125,39618.69,538462.7777,75,88
2703,2704.0,leacer,46.177,0.1875,36974.62,522136.2685,68,88
2704,2705.0,leacer,45.371,0.1875,37651.61,529130.6315,71,88
2705,2706.0,leacer,45.611,0.1562,37348.49,545440.4771,78,88
2706,2707.0,leacer,45.989,0.2188,36471.23,545434.7955,78,88
2707,2708.0,leacer,46.977,0.2188,35362.93,547758.6995,79,88
2708,2709.0,leacer,47.899,0.25,34317.03,550083.3776,80,88
2709,2710.0,leacer,48.729,0.2188,33602.58,550080.1185,80,88
2710,2711.0,leacer,48.691,0.25,33602.76,550080.2173,80,88
2711,2712.0,leacer,48.778,0.25,33757.35,557071.3464,83,88
2712,2713.0,leacer,48.786,0.25,33354.25,557068.3217,83,88
2713,2714.0,leacer,49.157,0.25,32874.55,557065.528,83,88
2714,2715.0,leacer,48.572,0.2812,33627.76,557070.1319,83,88
2715,2716.0,leacer,48.27,0.25,33926.04,550081.3708,80,88
2716,2717.0,leacer,48.069,0.3125,34351.11,550083.8974,80,88
2717,2718.0,leacer,48.226,0.3125,34613.72,550086.8555,80,88
2718,2719.0,leacer,48.796,0.3125,34351.13,547756.6035,79,88
2719,2720.0,leacer,48.546,0.375,35178.87,552421.4077,81,88
2720,2721.0,leacer,48.464,0.375,35372.37,554752.5038,82,88
2721,2722.0,leacer,47.728,0.3438,36239.37,554756.5938,82,88
2722,2723.0,leacer,47.642,0.375,36739.75,554760.4402,82,88
2723,2724.0,leacer,47.794,0.4062,36509.74,552429.0416,81,88
2724,2725.0,leacer,47.96,0.4688,36306.85,552429.9801,81,88
2725,2726.0,leacer,48.148,0.4375,36900.93,557096.9737,83,88
2726,2727.0,leacer,47.173,0.4688,40376.71,561792.0991,85,88
2727,2728.0,leacer,47.291,0.4375,40914.43,554812.6847,82,88
2728,2729.0,leacer,45.744,0.4688,42876.2,554830.3999,82,89
2729,2730.0,leacer,45.748,0.4688,44372.62,554856.4343,82,89
2730,2731.0,leacer,46.579,0.5,41746.3,554820.7078,82,89
2731,2732.0,leacer,47.265,0.5,40751.42,545492.4122,78,89
2732,2733.0,leacer,47.391,0.5625,40947.58,550153.5108,80,89
2733,2734.0,leacer,47.365,0.5312,40381.72,554807.3905,82,89
2734,2735.0,leacer,47.263,0.5625,40094.89,554801.2751,82,89
2735,2736.0,leacer,47.029,0.5312,40210.49,554806.6703,82,89
2736,2737.0,leacer,46.159,0.5625,43178.25,552531.3465,81,89
2737,2738.0,leacer,45.624,0.5625,49530.85,548086.3008,79,89
2738,2739.0,leacer,45.242,0.5938,66039.4,553854.9692,81,89
2739,2740.0,leacer,45.332,0.5625,75641.07,557245.5158,82,89
2740,2741.0,leacer,45.134,0.625,61106.33,553481.8072,81,89
2741,2742.0,leacer,45.402,0.6562,53349.1,548306.9992,79,89
2742,2743.0,leacer,44.915,0.6875,48951.69,550399.7412,80,89
2743,2744.0,leacer,44.89,0.6875,46079.8,545630.0749,78,89
2744,2745.0,leacer,44.21,0.75,44756.87,547898.6226,79,89
2745,2746.0,leacer,44.938,0.5938,37021.84,536113.9115,74,89
2746,2747.0,leacer,43.954,0.625,38036.17,540777.4463,76,89
2747,2748.0,leacer,43.999,0.5312,37920.33,547766.4856,79,89
2748,2749.0,leacer,45.432,0.5312,36339.12,531449.6857,72,89
2749,2750.0,leacer,45.246,0.5938,36423.53,533779.8305,73,89
2750,2751.0,leacer,45.983,0.5,34641.03,524449.5095,69,89
2751,2752.0,leacer,47.019,0.3438,33585.85,522115.0543,68,89
2752,2753.0,leacer,46.709,0.3125,33668.46,531434.9359,72,89
2753,2754.0,leacer,47.981,0.3125,32366.81,524439.8876,69,89
2754,2755.0,leacer,48.241,0.3438,32296.42,526769.5701,70,89
2755,2756.0,leacer,48.559,0.3438,31992.75,531428.6919,72,89
2756,2757.0,leacer,48.378,0.4062,32235.21,536089.9675,74,89
2757,2758.0,leacer,48.802,0.375,31904.1,536088.9104,74,89
2758,2759.0,leacer,48.186,0.4062,32873.55,540753.8039,76,89
2759,2760.0,leacer,48.528,0.4062,32456.89,543081.772,77,90
2760,2761.0,leacer,47.89,0.4688,33340.99,545415.9619,78,90
2761,2762.0,leacer,48.303,0.4375,32716.81,545412.9403,78,90
2762,2763.0,leacer,47.978,0.4688,33045.24,545414.337,78,90
2763,2764.0,leacer,48.234,0.4688,32716.67,543083.0374,77,90
2764,2765.0,leacer,47.303,0.5,33126.44,543084.0884,77,90
2765,2766.0,leacer,47.695,0.5,32869.08,543083.3762,77,90
2766,2767.0,leacer,47.341,0.5625,33028.17,547743.6339,79,90
2767,2768.0,leacer,47.586,0.5312,32742.63,545412.3366,78,90
2768,2769.0,leacer,47.434,0.5625,32929.74,543082.517,77,90
2769,2770.0,leacer,47.697,0.5312,32738.54,543082.0621,77,90
2770,2771.0,leacer,47.473,0.5312,33116.36,538423.4036,75,90
2771,2772.0,leacer,47.327,0.5312,33313.07,543084.1975,77,90
2772,2773.0,leacer,46.479,0.5938,34431.21,545418.7197,78,90
2773,2774.0,leacer,46.196,0.5938,37308.9,550104.3201,80,90
2774,2775.0,leacer,45.547,0.625,119855.94,555408.4776,82,90
2775,2776.0,leacer,45.575,0.625,188609.48,557741.0359,83,90
2776,2777.0,leacer,44.919,0.6875,646108.11,560077.1826,84,90
2777,2778.0,leacer,45.413,0.6875,934466.89,555414.8851,82,90
2778,2779.0,leacer,44.778,0.7188,5960206.64,555417.8261,82,90
2779,2780.0,leacer,45.005,0.7188,5960241.35,555418.6052,82,90
2780,2781.0,leacer,45.062,0.8438,5960553.8,557751.4237,83,90
2781,2782.0,leacer,44.819,0.8438,44577.07,554857.4788,82,90
2782,2783.0,leacer,43.797,0.875,42851.21,554800.9381,82,90
2783,2784.0,leacer,42.925,0.875,43306.46,552470.7256,81,90
2784,2785.0,leacer,43.04,0.9062,43777.96,550146.1904,80,90
2785,2786.0,leacer,42.755,1.0,48437.13,550211.4721,80,90
2786,2787.0,leacer,41.843,1.125,368704.39,553157.54,81,90
2787,2788.0,leacer,42.329,1.125,543621.32,555484.087,82,90
2788,2789.0,leacer,42.032,1.1562,5967396.25,560138.8667,84,90
2789,2790.0,leacer,41.693,1.125,5967841.87,562466.1672,85,90
2790,2791.0,leacer,48.119,0.5938,33903.84,517460.6538,66,91
2791,2792.0,leacer,48.287,0.3125,33789.63,517460.8622,66,91
2792,2793.0,leacer,47.29,0.1562,34330.68,526780.7781,70,91
2793,2794.0,leacer,47.565,0.1562,33517.44,522116.2144,68,91
2794,2795.0,leacer,45.414,0.125,35532.22,543094.8331,77,91
2795,2796.0,leacer,44.927,0.1875,36583.6,559411.1569,84,91
2796,2797.0,leacer,46.596,0.25,35393.91,550087.184,80,91
2797,2798.0,leacer,46.57,0.2812,35659.12,559408.7904,84,91
2798,2799.0,leacer,46.748,0.3125,35167.65,552416.4121,81,91
2799,2800.0,leacer,47.048,0.2812,35080.44,550086.5733,80,91
2800,2801.0,leacer,46.678,0.2812,35522.75,561738.1993,85,91
2801,2802.0,leacer,47.032,0.25,35463.17,561739.0966,85,91
2802,2803.0,leacer,46.38,0.2812,36824.82,559418.2832,84,91
2803,2804.0,leacer,46.975,0.25,36972.41,564082.1764,86,91
2804,2805.0,leacer,47.004,0.3438,37832.54,568753.9225,88,91
2805,2806.0,leacer,47.398,0.3438,38256.55,566434.6866,87,91
2806,2807.0,leacer,47.886,0.375,38163.57,561778.3378,85,91
2807,2808.0,leacer,48.098,0.4062,38184.93,561780.9856,85,91
2808,2809.0,leacer,48.269,0.4062,38704.12,561782.8664,85,91
2809,2810.0,leacer,48.004,0.375,38888.93,561785.4403,85,91
2810,2811.0,leacer,47.857,0.4062,39415.57,561799.6953,85,91
2811,2812.0,leacer,47.23,0.375,50904.32,564365.9894,86,91
2812,2813.0,leacer,46.816,0.4062,55170.84,564570.8427,86,91
2813,2814.0,leacer,46.97,0.375,115462.38,570633.8041,87,91
2814,2815.0,leacer,46.883,0.4062,15426847.27,574905.6757,87,91
2815,2816.0,leacer,47.102,0.4062,1033529.64,568562.6149,86,91
2816,2817.0,leacer,46.328,0.4375,6395775.51,575325.124,89,91
2817,2818.0,leacer,46.601,0.4062,14909663.26,577622.5076,90,91
2818,2819.0,leacer,46.866,0.4688,14908611.65,575280.2211,89,91
2819,2820.0,leacer,47.026,0.4375,67732.98,575141.1817,90,91
2820,2821.0,leacer,46.581,0.4688,53566.99,578650.581,92,91
2821,2822.0,leacer,47.064,0.4688,48066.51,571381.7986,89,92
2822,2823.0,leacer,47.202,0.4688,45418.75,568945.9477,88,92
2823,2824.0,leacer,46.333,0.5,44391.75,571202.3646,89,92
2824,2825.0,leacer,45.811,0.5938,43603.11,573494.3407,90,92
2825,2826.0,leacer,46.272,0.5312,42383.93,561821.9726,85,92
2826,2827.0,leacer,46.042,0.5625,42327.89,566473.1233,87,92
2827,2828.0,leacer,45.819,0.5312,41369.43,566455.5547,87,92
2828,2829.0,leacer,44.745,0.5625,42225.34,573445.1996,90,92
2829,2830.0,leacer,43.964,0.5625,42889.06,573445.1983,90,92
2830,2831.0,leacer,43.934,0.625,43438.52,571120.8102,89,92
2831,2832.0,leacer,43.882,0.625,44615.99,568805.4403,88,92
2832,2833.0,leacer,43.119,0.75,47922.12,568852.627,88,92
2833,2834.0,leacer,43.366,0.7188,48250.06,564203.3584,86,92
2834,2835.0,leacer,42.144,0.8125,49837.31,566531.1012,87,92
2835,2836.0,leacer,42.656,0.625,45721.6,550164.2548,80,92
2836,2837.0,leacer,42.611,0.5625,44336.37,547816.2557,79,92
2837,2838.0,leacer,43.078,0.5,42679.15,543143.4477,77,92
2838,2839.0,leacer,42.156,0.5625,43039.53,536153.6713,74,92
2839,2840.0,leacer,42.445,0.5625,42820.13,543142.799,77,92
2840,2841.0,leacer,45.256,0.4062,39272.74,533812.213,73,92
2841,2842.0,leacer,45.933,0.3125,37267.39,536121.647,74,92
2842,2843.0,leacer,45.58,0.3438,36774.11,547763.6636,79,92
2843,2844.0,leacer,46.231,0.2812,35734.54,547757.8292,79,92
2844,2845.0,leacer,47.833,0.2812,33880.97,554739.0212,82,92
2845,2846.0,leacer,49.071,0.2812,32436.5,552402.5691,81,92
2846,2847.0,leacer,49.173,0.3125,32202.72,561721.1532,85,92
2847,2848.0,leacer,49.88,0.3438,31844.66,559390.2611,84,92
2848,2849.0,leacer,50.494,0.3438,31459.38,557059.0233,83,92
2849,2850.0,leacer,50.544,0.3125,31530.36,561719.7264,85,92
2850,2851.0,leacer,50.469,0.375,31791.83,566381.4634,87,92
2851,2852.0,leacer,50.389,0.375,32117.56,571044.1208,89,92
2852,2853.0,leacer,50.253,0.375,32212.94,564055.4129,86,93
2853,2854.0,leacer,50.127,0.4062,32149.81,566385.1182,87,93
2854,2855.0,leacer,49.296,0.4688,32876.16,571047.5423,89,93
2855,2856.0,leacer,48.895,0.4062,32735.74,573375.3085,90,93
2856,2857.0,leacer,48.179,0.4375,32758.6,573373.8472,90,93
2857,2858.0,leacer,48.058,0.4375,32688.44,571042.8708,89,93
2858,2859.0,leacer,48.505,0.4375,32272.93,566381.135,87,93
2859,2860.0,leacer,48.353,0.4688,32499.91,568712.4242,88,93
2860,2861.0,leacer,48.055,0.5312,32610.35,571042.4794,89,93
2861,2862.0,leacer,48.124,0.5625,32641.64,573372.5525,90,93
2862,2863.0,leacer,47.746,0.5625,33125.25,575704.8935,91,93
2863,2864.0,leacer,47.928,0.5625,33262.75,578036.1495,92,93
2864,2865.0,leacer,47.459,0.625,33856.44,578038.6741,92,93
2865,2866.0,leacer,47.113,0.5938,34530.43,575712.32,91,93
2866,2867.0,leacer,46.871,0.6562,34831.39,571053.9196,89,93
2867,2868.0,leacer,46.971,0.6562,35033.57,571055.9653,89,93
2868,2869.0,leacer,46.242,0.6875,36154.13,571062.0145,89,93
2869,2870.0,leacer,45.747,0.6562,36552.88,573393.2851,90,93
2870,2871.0,leacer,45.244,0.75,37121.86,575725.7329,91,93
2871,2872.0,leacer,45.257,0.75,37317.84,568737.8961,88,93
2872,2873.0,leacer,44.097,0.7812,38476.86,568745.1006,88,93
2873,2874.0,leacer,44.286,0.75,39460.98,564096.3977,86,93
2874,2875.0,leacer,44.6,0.7812,39834.89,566434.8994,87,93
2875,2876.0,leacer,44.044,0.8438,41375.42,564117.0497,86,93
2876,2877.0,leacer,44.0,1.0,43366.02,561813.9506,85,93
2877,2878.0,leacer,43.678,0.9688,46969.3,561881.218,85,93
2878,2879.0,leacer,42.559,1.0625,53985.79,562046.5788,85,93
2879,2880.0,leacer,41.87,1.125,73866.03,570323.7488,88,93
2880,2881.0,leacer,45.245,0.6562,39166.77,529140.3664,71,93
2881,2882.0,leacer,45.457,0.3438,38095.47,529132.4217,71,93
2882,2883.0,leacer,44.662,0.2188,38467.86,543111.5724,77,93
2883,2884.0,leacer,46.139,0.1562,36093.84,526788.5062,70,94
2884,2885.0,leacer,44.426,0.2188,37623.65,538446.1092,75,94
2885,2886.0,leacer,44.104,0.1562,38551.52,552431.823,81,94
2886,2887.0,leacer,45.245,0.2188,36831.33,547763.8806,79,94
2887,2888.0,leacer,45.286,0.2812,37030.4,550095.5468,80,94
2888,2889.0,leacer,46.488,0.2812,36540.61,550096.0218,80,94
2889,2890.0,leacer,47.416,0.2812,35394.8,550090.5409,80,94
2890,2891.0,leacer,47.533,0.3438,35117.49,557079.1461,83,94
2891,2892.0,leacer,47.156,0.3125,36119.68,561747.5797,85,94
2892,2893.0,leacer,46.996,0.3438,41779.56,557162.9318,83,94
2893,2894.0,leacer,46.929,0.3438,49428.75,559724.3582,84,94
2894,2895.0,leacer,46.897,0.4062,43367.98,559515.0594,84,94
2895,2896.0,leacer,46.319,0.4062,42326.01,566471.0412,87,94
2896,2897.0,leacer,45.4,0.4688,15038388.6,575392.4941,89,94
2897,2898.0,leacer,45.549,0.4688,57609.11,569255.4134,88,94
2898,2899.0,leacer,45.775,0.5625,53859.78,569038.4407,88,94
2899,2900.0,leacer,45.931,0.5625,57092.35,564538.3915,86,94
2900,2901.0,leacer,45.734,0.5938,105249.34,570745.4671,87,94
2901,2902.0,leacer,45.744,0.5938,427070.05,566074.8444,85,94
2902,2903.0,leacer,45.515,0.6562,997962.1,570748.6602,87,94
2903,2904.0,leacer,45.355,0.625,10487542.27,573076.0123,88,94
2904,2905.0,leacer,44.978,0.6875,15040227.39,573073.8378,88,94
2905,2906.0,leacer,45.259,0.6875,15039383.93,570735.4018,87,94
2906,2907.0,leacer,44.918,0.75,15039331.27,575392.9069,89,94
2907,2908.0,leacer,44.808,0.7188,15039686.13,577724.6255,90,94
2908,2909.0,leacer,44.329,0.75,66137.75,574511.8552,90,94
2909,2910.0,leacer,44.691,0.7188,56388.18,571574.7963,89,94
2910,2911.0,leacer,44.209,0.75,52389.48,571356.0705,89,94
2911,2912.0,leacer,43.524,0.7188,49863.65,573582.2952,90,94
2912,2913.0,leacer,43.451,0.75,48713.77,571205.9366,89,94
2913,2914.0,leacer,43.33,0.75,47947.39,571176.8549,89,94
2914,2915.0,leacer,43.173,0.7812,47908.93,575828.9486,91,95
2915,2916.0,leacer,43.473,0.8125,47087.4,578148.422,92,95
2916,2917.0,leacer,42.629,0.8438,47963.35,580487.6524,93,95
2917,2918.0,leacer,42.956,0.8125,47616.96,575822.2716,91,95
2918,2919.0,leacer,42.88,0.875,48759.87,580496.2878,93,95
2919,2920.0,leacer,42.592,0.8438,49226.99,582829.6452,94,95
2920,2921.0,leacer,42.774,0.9375,48961.25,575840.3414,91,95
2921,2922.0,leacer,43.285,0.9375,48662.36,571180.537,89,95
2922,2923.0,leacer,43.228,1.0,48648.36,568846.2968,88,95
2923,2924.0,leacer,43.252,1.0,48308.55,571174.1094,89,95
2924,2925.0,leacer,43.243,1.0312,48017.26,561850.5168,85,95
2925,2926.0,leacer,44.073,0.875,45264.83,545520.5945,78,95
2926,2927.0,leacer,43.626,0.8125,44980.29,550176.5154,80,95
2927,2928.0,leacer,43.14,0.75,44875.05,554831.4612,82,95
2928,2929.0,leacer,42.731,0.8125,45228.85,554827.3125,82,95
2929,2930.0,leacer,43.731,0.7812,43860.89,554817.8492,82,95
2930,2931.0,leacer,45.09,0.5625,39061.48,536131.2753,74,95
2931,2932.0,leacer,45.399,0.3438,38727.64,536129.321,74,95
2932,2933.0,leacer,44.886,0.25,37402.29,545436.5679,78,95
2933,2934.0,leacer,47.049,0.2812,33892.72,531438.0041,72,95
2934,2935.0,leacer,46.899,0.375,33983.95,540757.7713,76,95
2935,2936.0,leacer,46.238,0.3438,34638.62,550080.7388,80,95
2936,2937.0,leacer,47.466,0.375,33359.81,540755.5589,76,95
2937,2938.0,leacer,47.576,0.375,32955.57,550073.3122,80,95
2938,2939.0,leacer,46.942,0.4062,33188.13,561723.9531,85,95
2939,2940.0,leacer,48.092,0.375,32266.69,559390.8111,84,95
2940,2941.0,leacer,48.726,0.375,31820.81,561719.5467,85,95
2941,2942.0,leacer,48.798,0.4062,31877.87,557059.8713,83,95
2942,2943.0,leacer,48.491,0.4062,32394.56,559392.6244,84,95
2943,2944.0,leacer,48.862,0.375,32308.2,557063.1071,83,95
2944,2945.0,leacer,48.857,0.375,32613.26,550075.6813,80,95
2945,2946.0,leacer,48.521,0.5,32754.93,550075.6217,80,96
2946,2947.0,leacer,47.746,0.5312,33236.96,554737.0794,82,96
2947,2948.0,leacer,47.642,0.5,33363.61,554737.3773,82,96
2948,2949.0,leacer,47.213,0.4688,33501.65,552407.7098,81,96
2949,2950.0,leacer,46.732,0.5,33936.42,559398.6108,84,96
2950,2951.0,leacer,46.901,0.5,34850.84,554744.2105,82,96
2951,2952.0,leacer,47.028,0.4688,50314.39,557538.0554,83,96
2952,2953.0,leacer,46.531,0.5,72330.07,564727.5428,86,96
2953,2954.0,leacer,46.618,0.4688,105988.75,564726.2348,86,96
2954,2955.0,leacer,46.575,0.4688,141096.81,567056.9831,87,96
2955,2956.0,leacer,46.819,0.5,658270.29,562396.408,85,96
2956,2957.0,leacer,45.706,0.5625,5959068.63,564734.7037,86,96
2957,2958.0,leacer,45.488,0.5625,5961186.05,564756.8917,86,96
2958,2959.0,leacer,44.871,0.5938,5961883.68,569422.7968,88,96
2959,2960.0,leacer,44.045,0.5938,5963112.23,569435.0842,88,96
2960,2961.0,leacer,43.333,0.6875,5965954.86,569478.7321,88,96
2961,2962.0,leacer,44.266,0.6875,5970288.85,562623.7249,85,96
2962,2963.0,leacer,42.903,0.7188,6004024.58,569842.6716,87,96
2963,2964.0,leacer,42.845,0.7188,6230000.58,569019.0652,86,96
2964,2965.0,leacer,42.81,0.75,12893690.69,566840.3461,85,96
2965,2966.0,leacer,42.68,0.7812,20853703.46,565039.5384,84,96
2966,2967.0,leacer,41.453,0.875,20895833.66,570847.7617,85,96
2967,2968.0,leacer,40.905,0.875,21071819.29,573179.1382,86,96
2968,2969.0,leacer,40.282,1.0,21978959.5,577847.1343,88,96
2969,2970.0,leacer,40.074,0.9688,35709723.71,580180.4623,89,96
2970,2971.0,leacer,44.918,0.4375,39036.03,526820.5537,70,96
2971,2972.0,leacer,44.592,0.1875,60484.08,525486.3872,69,96
2972,2973.0,leacer,44.646,0.1875,42592.67,526887.9113,70,96
2973,2974.0,leacer,46.827,0.125,35123.82,517464.9591,66,96
2974,2975.0,leacer,46.756,0.1562,33977.2,540757.4767,76,96
2975,2976.0,leacer,46.489,0.25,34801.43,552412.5833,81,96
2976,2977.0,leacer,47.056,0.2812,34091.69,550079.8547,80,97
2977,2978.0,leacer,48.444,0.25,32917.27,536095.4473,74,97
2978,2979.0,leacer,46.545,0.25,34566.69,557071.4999,83,97
2979,2980.0,leacer,48.074,0.25,33676.84,554738.8895,82,97
2980,2981.0,leacer,46.646,0.3125,35241.76,559407.2554,84,97
2981,2982.0,leacer,47.204,0.2188,34013.31,566389.5839,87,97
2982,2983.0,leacer,46.908,0.2812,33653.25,571045.8318,89,97
2983,2984.0,leacer,48.304,0.25,32813.81,564053.3621,86,97
2984,2985.0,leacer,47.91,0.2812,33682.28,571048.3104,89,97
2985,2986.0,leacer,48.654,0.2812,33592.85,568720.345,88,97
2986,2987.0,leacer,48.525,0.3438,34436.37,571056.5308,89,97
2987,2988.0,leacer,49.395,0.3438,33842.35,566394.7239,87,97
2988,2989.0,leacer,49.467,0.4062,34149.95,573387.7796,90,97
2989,2990.0,leacer,50.312,0.375,34141.76,568731.6742,88,97
2990,2991.0,leacer,49.29,0.4062,35643.39,573402.8568,90,97
2991,2992.0,leacer,49.355,0.375,36047.9,573408.3779,90,97
2992,2993.0,leacer,48.745,0.4062,37529.91,573418.539,90,97
2993,2994.0,leacer,48.943,0.4062,37802.92,575754.0955,91,97
2994,2995.0,leacer,47.921,0.4688,37903.5,573422.2542,90,97
2995,2996.0,leacer,48.308,0.4375,37819.52,568763.7967,88,97
2996,2997.0,leacer,48.01,0.5,38130.21,575753.901,91,97
2997,2998.0,leacer,48.682,0.4688,36662.94,575742.2437,91,97
2998,2999.0,leacer,48.264,0.5,37256.07,575745.6139,91,97
2999,3000.0,leacer,48.461,0.5,37019.19,575743.3726,91,97
3000,3001.0,leacer,48.262,0.5312,37343.76,573417.3453,90,97
3001,3002.0,leacer,48.325,0.5,37353.22,573417.5691,90,97
3002,3003.0,leacer,47.946,0.5312,37750.77,575748.3302,91,97
3003,3004.0,leacer,47.867,0.5,38809.54,566436.8127,87,97
3004,3005.0,leacer,47.172,0.5312,38973.66,568765.1599,88,97
3005,3006.0,leacer,47.174,0.5,38740.6,573422.349,90,97
3006,3007.0,leacer,47.581,0.5312,38448.76,571091.8152,89,97
3007,3008.0,leacer,47.624,0.5,38967.03,566442.0279,87,98
3008,3009.0,leacer,46.158,0.5312,42616.78,568837.6236,88,98
3009,3010.0,leacer,45.452,0.5312,50428.09,573728.449,90,98
3010,3011.0,leacer,45.563,0.5625,65083.47,560804.2825,84,98
3011,3012.0,leacer,44.76,0.5312,136565.07,568291.1298,86,98
3012,3013.0,leacer,44.092,0.6562,244156.74,572951.8496,88,98
3013,3014.0,leacer,43.603,0.625,635049.31,575281.9865,89,98
3014,3015.0,leacer,42.797,0.6875,1029448.41,572954.7821,88,98
3015,3016.0,leacer,43.595,0.6562,42071.68,554808.9273,82,98
3016,3017.0,leacer,42.903,0.625,42492.19,554798.6026,82,98
3017,3018.0,leacer,42.668,0.5312,42124.82,554785.0277,82,98
3018,3019.0,leacer,42.853,0.5625,50346.23,550299.527,80,98
3019,3020.0,leacer,43.39,0.5938,66268.23,555433.6483,82,98
3020,3021.0,leacer,44.12,0.5312,123403.64,546094.1377,78,98
3021,3022.0,leacer,44.474,0.4062,2392568.18,550751.855,80,98
3022,3023.0,leacer,45.323,0.4062,5564998.91,553077.8524,81,98
3023,3024.0,leacer,47.257,0.375,44062.27,545632.5693,78,98
3024,3025.0,leacer,46.436,0.4062,36910.58,554762.4577,82,98
3025,3026.0,leacer,46.486,0.375,35148.54,561733.6565,85,98
3026,3027.0,leacer,45.531,0.4375,35867.79,566395.8899,87,98
3027,3028.0,leacer,45.758,0.4062,35016.16,575710.5676,91,98
3028,3029.0,leacer,46.051,0.4688,34285.51,578037.1624,92,98
3029,3030.0,leacer,46.895,0.4688,33382.22,575704.3536,91,98
3030,3031.0,leacer,46.764,0.5,33563.54,578035.3417,92,98
3031,3032.0,leacer,46.648,0.4688,33457.61,578034.397,92,98
3032,3033.0,leacer,46.483,0.5312,33520.68,575704.355,91,98
3033,3034.0,leacer,46.256,0.5312,33922.82,575706.2568,91,98
3034,3035.0,leacer,46.145,0.5938,34147.23,571047.0485,89,98
3035,3036.0,leacer,45.997,0.5625,34596.02,571048.5324,89,98
3036,3037.0,leacer,45.376,0.6562,36486.56,578047.5884,92,98
3037,3038.0,leacer,45.22,0.625,44422.89,575840.8284,91,98
3038,3039.0,leacer,44.958,0.6875,1053130.75,581174.4425,93,99
3039,3040.0,leacer,45.067,0.6875,3034488.98,581706.9351,93,99
3040,3041.0,leacer,44.422,0.7188,5987180.84,584041.0687,94,99
3041,3042.0,leacer,44.104,0.7188,11883534.11,579381.3683,92,99
3042,3043.0,leacer,43.371,0.75,11883984.97,577052.4458,91,99
3043,3044.0,leacer,43.637,0.75,11883584.45,574720.6876,90,99
3044,3045.0,leacer,43.32,0.7812,11883944.56,574722.3927,90,99
3045,3046.0,leacer,43.796,0.75,11883682.95,567732.0567,87,99
3046,3047.0,leacer,43.367,0.7812,11884459.33,570067.3884,88,99
3047,3048.0,leacer,43.269,0.75,11887931.74,574779.3431,90,99
3048,3049.0,leacer,42.601,0.8125,11887811.16,572435.793,89,99
3049,3050.0,leacer,43.084,0.7812,11886108.72,570082.651,88,99
3050,3051.0,leacer,42.849,0.8438,11887226.46,572422.6091,89,99
3051,3052.0,leacer,43.275,0.875,11887295.96,570097.0084,88,99
3052,3053.0,leacer,42.998,0.9375,11887797.23,572431.1582,89,99
3053,3054.0,leacer,43.09,0.9375,11887969.09,570103.6857,88,99
3054,3055.0,leacer,42.317,1.0,11888447.66,567774.3865,87,99
3055,3056.0,leacer,41.819,0.9688,11889599.89,563121.9652,85,99
3056,3057.0,leacer,41.751,0.9688,11888238.46,567762.1717,87,99
3057,3058.0,leacer,41.5,1.0,11889310.46,558450.7821,83,99
3058,3059.0,leacer,40.487,1.0938,11892562.41,565472.4963,86,99
3059,3060.0,leacer,40.419,1.1562,11896648.43,563213.455,85,99
3060,3061.0,leacer,45.559,0.6562,38537.73,517490.9515,66,99
3061,3062.0,leacer,46.45,0.2812,36702.1,515147.8207,65,99
3062,3063.0,leacer,46.234,0.1875,36344.12,524463.3346,69,99
3063,3064.0,leacer,46.369,0.0938,35235.88,524454.727,69,99
3064,3065.0,leacer,44.771,0.1875,35855.74,545425.8786,78,99
3065,3066.0,leacer,45.939,0.1562,34412.72,547748.6233,79,99
3066,3067.0,leacer,46.32,0.2188,34387.98,552409.3233,81,99
3067,3068.0,leacer,48.287,0.2188,32858.43,547743.3262,79,99
3068,3069.0,leacer,47.385,0.25,33229.94,561723.6832,85,99
3069,3070.0,leacer,47.789,0.25,33121.72,559393.9423,84,100
3070,3071.0,leacer,48.264,0.2188,32338.73,557060.237,83,100
3071,3072.0,leacer,48.722,0.2188,31767.78,557057.8101,83,100
3072,3073.0,leacer,47.701,0.25,32821.42,557062.1189,83,100
3073,3074.0,leacer,47.257,0.1875,33473.37,564055.1065,86,100
3074,3075.0,leacer,47.318,0.2188,33891.34,561727.8432,85,100
3075,3076.0,leacer,47.902,0.2188,33142.06,554734.4214,82,100
3076,3077.0,leacer,47.996,0.2812,32843.45,557062.6553,83,100
3077,3078.0,leacer,48.668,0.25,32312.29,550070.6725,80,100
3078,3079.0,leacer,48.86,0.25,32131.55,545409.946,78,100
3079,3080.0,leacer,48.538,0.2812,32580.72,550071.8996,80,100
3080,3081.0,leacer,48.075,0.2812,32639.16,550071.5238,80,100
3081,3082.0,leacer,48.336,0.3125,32547.05,547741.4779,79,100
3082,3083.0,leacer,48.198,0.3438,32880.6,550073.1803,80,100
3083,3084.0,leacer,48.487,0.3438,33123.83,543085.2828,77,100
3084,3085.0,leacer,47.641,0.375,34312.82,545420.8681,78,100
3085,3086.0,leacer,48.303,0.3438,34287.89,543092.7709,77,100
3086,3087.0,leacer,48.176,0.375,37950.34,545478.851,78,100
3087,3088.0,leacer,48.091,0.375,41635.55,547905.3044,79,100
3088,3089.0,leacer,48.234,0.4062,40485.1,547866.7674,79,100
3089,3090.0,leacer,48.428,0.4062,38699.63,547822.4585,79,100
3090,3091.0,leacer,47.028,0.4375,37833.67,552451.4549,81,100
3091,3092.0,leacer,46.747,0.4062,37799.88,552442.7203,81,100
3092,3093.0,leacer,45.386,0.5,39248.74,554774.1472,82,100
3093,3094.0,leacer,45.746,0.4688,39135.44,550112.0984,80,100
3094,3095.0,leacer,45.143,0.5,40652.84,554782.2548,82,100
3095,3096.0,leacer,45.132,0.5312,41664.72,547803.1885,79,100
3096,3097.0,leacer,44.845,0.5938,43084.28,547817.449,79,100
3097,3098.0,leacer,44.5,0.6562,44821.79,552500.9057,81,100
3098,3099.0,leacer,44.275,0.6875,47127.01,557191.9457,83,100
3099,3100.0,leacer,44.768,0.6562,46649.46,552535.2818,81,100
3100,3101.0,leacer,44.41,0.7188,45947.72,557181.0219,83,101
3101,3102.0,leacer,44.606,0.6875,45732.93,552523.0416,81,101
3102,3103.0,leacer,43.772,0.7188,48669.75,552587.9217,81,101
3103,3104.0,leacer,44.333,0.6875,51175.43,545711.8576,78,101
3104,3105.0,leacer,43.756,0.75,66557.64,546485.3305,78,101
3105,3106.0,leacer,44.587,0.5938,44082.24,526870.3096,70,101
3106,3107.0,leacer,43.512,0.5625,43623.34,529179.4698,71,101
3107,3108.0,leacer,43.432,0.4688,44511.59,526856.0446,70,101
3108,3109.0,leacer,42.667,0.5312,47588.09,522248.6865,68,101
3109,3110.0,leacer,42.634,0.5312,56910.24,524947.2103,69,101
3110,3111.0,leacer,45.343,0.3438,38598.31,498848.3475,58,101
3111,3112.0,leacer,45.896,0.1875,37155.99,503497.5014,60,101
3112,3113.0,leacer,47.59,0.2188,34569.73,501153.8326,59,101
3113,3114.0,leacer,47.154,0.1562,34550.74,505812.2489,61,101
3114,3115.0,leacer,46.345,0.1562,34745.88,515131.3648,65,101
3115,3116.0,leacer,46.22,0.1562,36121.32,522133.4105,68,101
3116,3117.0,leacer,47.497,0.1562,33604.68,522116.725,68,101
3117,3118.0,leacer,49.122,0.125,31460.96,522106.6935,68,101
3118,3119.0,leacer,48.132,0.1875,31738.01,526766.6722,70,101
3119,3120.0,leacer,48.812,0.1562,31149.0,524434.422,69,101
3120,3121.0,leacer,48.534,0.2188,31367.61,531425.1589,72,101
3121,3122.0,leacer,49.472,0.1875,30588.21,529092.4133,71,101
3122,3123.0,leacer,49.079,0.2812,30754.17,536082.6566,74,101
3123,3124.0,leacer,49.347,0.25,30591.12,536082.1767,74,101
3124,3125.0,leacer,49.387,0.3125,30624.31,536082.5067,74,101
3125,3126.0,leacer,49.36,0.2812,30807.96,536083.4475,74,101
3126,3127.0,leacer,49.364,0.3438,30879.44,533753.7977,73,101
3127,3128.0,leacer,49.144,0.3125,31171.47,533754.9252,73,101
3128,3129.0,leacer,48.663,0.3438,31607.49,536086.6145,74,101
3129,3130.0,leacer,48.461,0.3125,31656.74,538416.5124,75,101
3130,3131.0,leacer,48.579,0.375,31710.89,538417.0265,75,101
3131,3132.0,leacer,48.379,0.375,31677.69,540746.6583,76,102
3132,3133.0,leacer,48.083,0.4062,31905.17,543077.5831,77,102
3133,3134.0,leacer,47.811,0.375,31944.46,538417.3466,75,102
3134,3135.0,leacer,47.021,0.4062,32956.97,538422.0984,75,102
3135,3136.0,leacer,46.536,0.4062,33110.78,543081.7209,77,102
3136,3137.0,leacer,46.561,0.4688,33056.23,543081.3655,77,102
3137,3138.0,leacer,46.716,0.4375,33049.69,543081.7659,77,102
3138,3139.0,leacer,46.56,0.5,33391.37,543083.5819,77,102
3139,3140.0,leacer,46.364,0.4688,33866.33,543086.7231,77,102
3140,3141.0,leacer,46.027,0.5312,34492.94,547749.9659,79,102
3141,3142.0,leacer,45.244,0.5625,38648.24,545472.06,78,102
3142,3143.0,leacer,44.724,0.5938,40234.31,547824.9611,79,102
3143,3144.0,leacer,44.508,0.5625,42515.94,543218.9362,77,102
3144,3145.0,leacer,44.294,0.625,42102.64,545529.208,78,102
3145,3146.0,leacer,44.075,0.625,40307.33,543147.8587,77,102
3146,3147.0,leacer,44.51,0.6875,41174.33,543158.1028,77,102
3147,3148.0,leacer,44.356,0.7188,41730.56,543163.4592,77,102
3148,3149.0,leacer,43.59,0.8438,42318.4,543167.5911,77,102
3149,3150.0,leacer,43.121,0.8438,43019.73,543171.1337,77,102
3150,3151.0,leacer,46.602,0.4062,37145.72,501178.7622,59,102
3151,3152.0,leacer,46.529,0.1875,36317.4,503498.1148,60,102
3152,3153.0,leacer,44.527,0.125,36484.41,519800.624,67,102
3153,3154.0,leacer,45.46,0.0938,34722.52,503479.7683,60,102
3154,3155.0,leacer,44.27,0.125,35473.09,515131.9444,65,102
3155,3156.0,leacer,44.151,0.1875,35704.73,529113.1681,71,102
3156,3157.0,leacer,45.206,0.25,35681.4,533775.339,73,102
3157,3158.0,leacer,46.464,0.2188,35398.7,536106.7944,74,102
3158,3159.0,leacer,48.197,0.25,34374.12,533775.0352,73,102
3159,3160.0,leacer,48.045,0.2812,35029.17,543100.452,77,102
3160,3161.0,leacer,47.389,0.2812,36525.66,545441.2993,78,102
3161,3162.0,leacer,48.194,0.25,36452.7,538457.7588,75,102
3162,3163.0,leacer,47.57,0.3438,39041.53,545476.6967,78,103
3163,3164.0,leacer,47.326,0.375,40512.06,552491.2757,81,103
3164,3165.0,leacer,47.726,0.4062,39381.61,550149.1152,80,103
3165,3166.0,leacer,48.408,0.4375,39108.93,547825.2733,79,103
3166,3167.0,leacer,48.241,0.4688,40358.35,550176.8649,80,103
3167,3168.0,leacer,48.723,0.4688,39772.07,547847.8822,79,103
3168,3169.0,leacer,48.584,0.5312,39738.67,547847.6299,79,103
3169,3170.0,leacer,48.757,0.5,36320.98,552441.6614,81,103
3170,3171.0,leacer,48.171,0.5,37883.84,550131.7486,80,103
3171,3172.0,leacer,48.36,0.5,39255.32,545503.1564,78,103
3172,3173.0,leacer,47.643,0.5625,42226.1,550216.6618,80,103
3173,3174.0,leacer,47.987,0.5625,42479.58,550223.9845,80,103
3174,3175.0,leacer,47.311,0.5938,43444.58,554891.2362,82,103
3175,3176.0,leacer,47.322,0.5938,43676.05,554900.9995,82,103
3176,3177.0,leacer,46.351,0.625,44269.54,557237.3069,83,103
3177,3178.0,leacer,46.791,0.5938,43852.24,554908.937,82,103
3178,3179.0,leacer,47.001,0.5938,43663.74,552571.7407,81,103
3179,3180.0,leacer,47.225,0.6562,44236.99,550255.2392,80,103
3180,3181.0,leacer,46.558,0.6875,45144.05,552585.7243,81,103
3181,3182.0,leacer,46.965,0.6562,45588.3,547937.5469,79,103
3182,3183.0,leacer,46.499,0.6875,45666.7,552593.6951,81,103
3183,3184.0,leacer,46.538,0.6875,46161.18,554933.8199,82,103
3184,3185.0,leacer,46.376,0.75,45639.86,557239.974,83,103
3185,3186.0,leacer,45.695,0.6875,46406.47,559577.7417,84,103
3186,3187.0,leacer,45.934,0.7188,47021.13,552607.0421,81,103
3187,3188.0,leacer,45.022,0.6875,47628.67,559585.5426,84,103
3188,3189.0,leacer,45.183,0.6875,50102.56,552618.0872,81,103
3189,3190.0,leacer,44.593,0.7188,55753.14,555052.7678,82,103
3190,3191.0,leacer,44.683,0.75,86000.81,559547.0516,83,103
3191,3192.0,leacer,44.521,0.75,237586.31,559218.8549,82,103
3192,3193.0,leacer,43.64,0.8438,868287.62,559233.7848,82,103
3193,3194.0,leacer,43.439,0.8438,2471899.29,561551.4453,83,104
3194,3195.0,leacer,42.892,0.9375,10116893.69,559219.9,82,104
3195,3196.0,leacer,43.74,0.7188,15042656.57,542827.8668,75,104
3196,3197.0,leacer,43.512,0.6562,15041035.62,547452.842,77,104
3197,3198.0,leacer,43.08,0.5625,15040018.28,549766.2014,78,104
3198,3199.0,leacer,42.819,0.625,15037043.15,542744.3561,75,104
3199,3200.0,leacer,42.517,0.5938,15038207.7,547411.6042,77,104
3200,3201.0,leacer,45.931,0.375,35509.8,529115.2938,71,104
3201,3202.0,leacer,46.668,0.2188,34877.43,522124.0908,68,104
3202,3203.0,leacer,45.499,0.25,36035.02,533778.0304,73,104
3203,3204.0,leacer,47.126,0.2188,33164.88,526773.5441,70,104
3204,3205.0,leacer,47.747,0.2188,32573.3,531431.1648,72,104
3205,3206.0,leacer,46.898,0.25,33345.82,545414.1391,78,104
3206,3207.0,leacer,47.484,0.25,33823.28,547749.9496,79,104
3207,3208.0,leacer,48.531,0.25,32601.1,552402.9227,81,104
3208,3209.0,leacer,49.741,0.3125,31449.19,552397.1086,81,104
3209,3210.0,leacer,50.151,0.25,30946.58,552394.9917,81,104
3210,3211.0,leacer,49.718,0.2812,31145.37,559385.5168,84,104
3211,3212.0,leacer,50.289,0.25,30644.94,557053.7092,83,104
3212,3213.0,leacer,50.354,0.3125,30535.79,559383.3125,84,104
3213,3214.0,leacer,50.115,0.2812,30616.01,557053.5369,83,104
3214,3215.0,leacer,49.249,0.2812,31101.81,557055.0111,83,104
3215,3216.0,leacer,48.974,0.2812,31330.53,557055.9611,83,104
3216,3217.0,leacer,48.931,0.3438,31722.16,554728.4403,82,104
3217,3218.0,leacer,48.554,0.3438,31941.56,557058.5629,83,104
3218,3219.0,leacer,48.806,0.375,31771.69,559387.997,84,104
3219,3220.0,leacer,48.83,0.4062,31598.07,557056.9906,83,104
3220,3221.0,leacer,48.906,0.4375,31525.51,559386.7162,84,104
3221,3222.0,leacer,48.795,0.4375,31445.28,561716.1289,85,104
3222,3223.0,leacer,49.048,0.4688,31279.49,566375.6169,87,104
3223,3224.0,leacer,49.183,0.4375,31165.15,566375.108,87,104
3224,3225.0,leacer,49.067,0.4688,31448.76,564046.4028,86,105
3225,3226.0,leacer,48.81,0.4375,31879.24,564048.0947,86,105
3226,3227.0,leacer,48.382,0.4688,32566.78,564051.1442,86,105
3227,3228.0,leacer,48.672,0.4688,32450.88,559391.1178,84,105
3228,3229.0,leacer,48.182,0.5625,33032.32,561723.7062,85,105
3229,3230.0,leacer,47.237,0.5625,1859080.69,560066.2195,84,105
3230,3231.0,leacer,47.667,0.625,40014.89,557147.1991,83,105
3231,3232.0,leacer,47.226,0.625,37256.9,561752.3842,85,105
3232,3233.0,leacer,46.515,0.6562,39353.95,561772.5469,85,105
3233,3234.0,leacer,46.536,0.625,112706.09,560085.9162,84,105
3234,3235.0,leacer,44.996,0.6875,148785.63,564765.8565,86,105
3235,3236.0,leacer,45.126,0.75,1097383.61,562459.3885,85,105
3236,3237.0,leacer,44.742,0.7812,2065563.91,557852.1992,83,105
3237,3238.0,leacer,43.955,0.875,5969500.04,560181.8484,84,105
3238,3239.0,leacer,42.882,1.0312,5975508.14,562613.8516,85,105
3239,3240.0,leacer,43.157,1.0625,5977836.4,562674.9857,85,105
3240,3241.0,leacer,46.88,0.6875,44427.91,522258.4301,68,105
3241,3242.0,leacer,47.643,0.4062,41171.26,517546.5988,66,105
3242,3243.0,leacer,48.219,0.2188,37387.28,519825.5258,67,105
3243,3244.0,leacer,48.756,0.1562,33907.66,505813.5321,61,105
3244,3245.0,leacer,46.296,0.1562,33865.25,533766.9471,73,105
3245,3246.0,leacer,46.423,0.125,33813.82,543086.6695,77,105
3246,3247.0,leacer,46.87,0.125,33725.32,533766.7974,73,105
3247,3248.0,leacer,46.824,0.0938,34341.12,536100.4144,74,105
3248,3249.0,leacer,46.325,0.125,34953.94,540763.4227,76,105
3249,3250.0,leacer,47.575,0.0938,33991.19,536100.9684,74,105
3250,3251.0,leacer,46.497,0.2188,35204.33,552416.247,81,105
3251,3252.0,leacer,47.714,0.1875,33609.71,545418.296,78,105
3252,3253.0,leacer,47.86,0.2188,32901.36,545413.8488,78,105
3253,3254.0,leacer,47.583,0.1875,33209.02,552404.8361,81,105
3254,3255.0,leacer,47.401,0.2188,33670.93,552407.3956,81,105
3255,3256.0,leacer,48.133,0.25,33110.06,550075.3929,80,106
3256,3257.0,leacer,48.179,0.2812,32908.59,554734.0084,82,106
3257,3258.0,leacer,48.645,0.2812,32728.13,550073.6586,80,106
3258,3259.0,leacer,48.14,0.3438,33941.71,552409.9717,81,106
3259,3260.0,leacer,48.353,0.2812,33991.34,550080.5857,80,106
3260,3261.0,leacer,47.866,0.375,34485.58,554742.3832,82,106
3261,3262.0,leacer,48.383,0.375,33974.95,557070.313,83,106
3262,3263.0,leacer,48.129,0.4062,34232.73,559401.3441,84,106
3263,3264.0,leacer,48.434,0.375,33946.31,559400.3053,84,106
3264,3265.0,leacer,48.074,0.4062,33753.56,559398.6939,84,106
3265,3266.0,leacer,48.021,0.375,33911.12,559399.5357,84,106
3266,3267.0,leacer,47.622,0.4062,34416.87,559401.9469,84,106
3267,3268.0,leacer,47.067,0.375,34966.8,557074.5939,83,106
3268,3269.0,leacer,47.019,0.4375,37103.86,554761.2735,82,106
3269,3270.0,leacer,46.69,0.4062,36725.0,559416.5208,84,106
3270,3271.0,leacer,46.191,0.4688,37984.16,561756.6031,85,106
3271,3272.0,leacer,46.475,0.4375,37523.27,559421.0211,84,106
3272,3273.0,leacer,45.711,0.5,37994.81,564081.6207,86,106
3273,3274.0,leacer,45.661,0.5,38673.98,559426.9549,84,106
3274,3275.0,leacer,45.347,0.5938,39878.41,559437.9311,84,106
3275,3276.0,leacer,45.447,0.5938,40114.9,559441.3075,84,106
3276,3277.0,leacer,44.904,0.625,41010.08,559446.28,84,106
3277,3278.0,leacer,45.125,0.5938,40364.56,559442.4403,84,106
3278,3279.0,leacer,44.641,0.6562,40739.78,561773.845,85,106
3279,3280.0,leacer,44.423,0.625,41018.18,554785.6079,82,106
3280,3281.0,leacer,43.727,0.625,42288.01,559453.612,84,106
3281,3282.0,leacer,42.852,0.6875,43987.07,559464.9411,84,106
3282,3283.0,leacer,42.832,0.7812,43967.93,559463.8052,84,106
3283,3284.0,leacer,42.858,0.8125,43313.07,554798.1454,82,106
3284,3285.0,leacer,42.293,0.8438,44738.93,550147.2105,80,106
3285,3286.0,leacer,42.882,0.7188,43832.03,536164.2178,74,106
3286,3287.0,leacer,42.467,0.7188,44693.71,536170.4909,74,107
3287,3288.0,leacer,41.749,0.7188,48219.45,538545.2304,75,107
3288,3289.0,leacer,40.942,0.8125,49895.65,538556.8544,75,107
3289,3290.0,leacer,40.442,0.8125,49578.34,543200.1077,77,107
3290,3291.0,leacer,42.847,0.7188,44807.66,526854.0861,70,107
3291,3292.0,leacer,43.243,0.5312,44607.34,524524.6768,69,107
3292,3293.0,leacer,42.488,0.5312,43988.73,536165.9441,74,107
3293,3294.0,leacer,42.77,0.4688,42388.49,543143.5593,77,107
3294,3295.0,leacer,43.657,0.4688,39834.59,545453.5999,78,107
3295,3296.0,leacer,44.123,0.4062,39041.51,552437.6181,81,107
3296,3297.0,leacer,45.748,0.4375,37147.64,547768.3205,79,107
3297,3298.0,leacer,47.475,0.4062,34966.37,547756.8757,79,107
3298,3299.0,leacer,47.614,0.4375,34523.2,550083.6065,80,107
3299,3300.0,leacer,48.084,0.4062,33924.37,547750.7787,79,107
3300,3301.0,leacer,47.839,0.4375,33893.46,552410.1903,81,107
3301,3302.0,leacer,48.551,0.4062,33327.5,552408.0114,81,107
3302,3303.0,leacer,48.465,0.4688,33435.2,554738.508,82,107
3303,3304.0,leacer,49.066,0.4375,32976.17,559397.1829,84,107
3304,3305.0,leacer,48.363,0.4688,33397.44,561727.3189,85,107
3305,3306.0,leacer,48.58,0.4375,33126.08,559396.794,84,107
3306,3307.0,leacer,47.808,0.4688,33904.52,559399.7298,84,107
3307,3308.0,leacer,48.466,0.4375,33208.06,557067.0813,83,107
3308,3309.0,leacer,47.726,0.5,34267.24,561732.4592,85,107
3309,3310.0,leacer,48.316,0.4688,33383.8,559398.0336,84,107
3310,3311.0,leacer,48.168,0.5,33626.98,561729.2001,85,107
3311,3312.0,leacer,48.913,0.5,32984.67,561726.7856,85,107
3312,3313.0,leacer,49.216,0.5,32758.67,564056.1923,86,107
3313,3314.0,leacer,49.195,0.5312,33012.58,566387.6212,87,107
3314,3315.0,leacer,48.736,0.5312,33627.87,566390.4822,87,107
3315,3316.0,leacer,49.094,0.5,33209.1,564058.8504,86,107
3316,3317.0,leacer,48.935,0.5312,33229.56,568718.549,88,107
3317,3318.0,leacer,48.993,0.5,33098.61,566387.7112,87,108
3318,3319.0,leacer,48.782,0.5,33798.41,566392.3728,87,108
3319,3320.0,leacer,48.242,0.5,35673.37,559417.1082,84,108
3320,3321.0,leacer,47.248,0.5625,38544.93,561768.8988,85,108
3321,3322.0,leacer,47.039,0.5312,46491.89,564277.7077,86,108
3322,3323.0,leacer,47.166,0.5625,138468.08,560088.3227,84,108
3323,3324.0,leacer,46.83,0.625,607738.58,560089.8844,84,108
3324,3325.0,leacer,45.321,0.7188,1271057.34,564747.3336,86,108
3325,3326.0,leacer,44.428,0.7188,2450047.58,564765.9264,86,108
3326,3327.0,leacer,44.093,0.75,5965125.33,569450.7429,88,108
3327,3328.0,leacer,43.87,0.8438,5967084.1,567143.0915,87,108
3328,3329.0,leacer,43.649,0.9062,5969339.16,567163.7722,87,108
3329,3330.0,leacer,43.271,0.9688,5972858.55,567209.4596,87,108
3330,3331.0,leacer,46.817,0.5312,37188.81,524469.5053,69,108
3331,3332.0,leacer,47.541,0.2188,36211.14,522134.3676,68,108
3332,3333.0,leacer,46.686,0.1562,37363.34,533793.5404,73,108
3333,3334.0,leacer,47.463,0.0938,34825.42,517464.8849,66,108
3334,3335.0,leacer,46.717,0.125,33842.12,536096.4771,74,108
3335,3336.0,leacer,47.287,0.1562,33268.2,540753.9348,76,108
3336,3337.0,leacer,48.173,0.1562,32638.92,543081.8839,77,108
3337,3338.0,leacer,49.045,0.125,32020.49,545409.5429,78,108
3338,3339.0,leacer,49.003,0.1562,32337.77,550071.3526,80,108
3339,3340.0,leacer,48.791,0.1562,32587.5,550072.8377,80,108
3340,3341.0,leacer,48.204,0.25,33358.42,561726.318,85,108
3341,3342.0,leacer,48.054,0.1875,33629.52,564058.0025,86,108
3342,3343.0,leacer,47.744,0.2188,34261.41,564061.2127,86,108
3343,3344.0,leacer,48.256,0.2188,34024.59,559400.7416,84,108
3344,3345.0,leacer,49.055,0.3125,33230.31,559397.3022,84,108
3345,3346.0,leacer,49.186,0.3125,33158.92,564057.1406,86,108
3346,3347.0,leacer,48.627,0.375,33525.83,568718.0877,88,108
3347,3348.0,leacer,49.531,0.3438,32719.35,561724.7141,85,108
3348,3349.0,leacer,48.168,0.3438,33286.89,564055.6762,86,109
3349,3350.0,leacer,48.647,0.3125,33449.66,557067.8736,83,109
3350,3351.0,leacer,48.325,0.375,33712.19,564058.8628,86,109
3351,3352.0,leacer,48.823,0.3438,33251.43,561727.1775,85,109
3352,3353.0,leacer,48.543,0.4062,33662.97,559399.318,84,109
3353,3354.0,leacer,49.167,0.375,33214.32,557067.4587,83,109
3354,3355.0,leacer,47.944,0.4062,34439.43,561733.9405,85,109
3355,3356.0,leacer,48.28,0.375,34001.02,566391.2864,87,109
3356,3357.0,leacer,48.497,0.4062,34045.97,566392.3239,87,109
3357,3358.0,leacer,48.648,0.375,34062.26,566392.6855,87,109
3358,3359.0,leacer,47.973,0.4375,35063.33,571057.5547,89,109
3359,3360.0,leacer,47.817,0.4062,35885.36,568733.9803,88,109
3360,3361.0,leacer,47.371,0.4062,36550.81,566407.898,87,109
3361,3362.0,leacer,47.231,0.4688,37453.2,561754.0028,85,109
3362,3363.0,leacer,46.428,0.4688,38907.57,568752.1539,88,109
3363,3364.0,leacer,46.452,0.4688,39310.68,564095.8578,86,109
3364,3365.0,leacer,46.257,0.5625,41124.46,568776.5146,88,109
3365,3366.0,leacer,46.616,0.5312,40552.91,564110.946,86,109
3366,3367.0,leacer,45.927,0.5938,40339.77,568764.8593,88,109
3367,3368.0,leacer,45.71,0.5625,41015.38,566439.5007,87,109
3368,3369.0,leacer,44.564,0.6562,42299.45,573434.4523,90,109
3369,3370.0,leacer,44.674,0.6875,42688.18,571108.5182,89,109
3370,3371.0,leacer,44.293,0.75,43329.48,561795.4235,85,109
3371,3372.0,leacer,44.127,0.7188,44101.61,559473.465,84,109
3372,3373.0,leacer,44.049,0.7812,48742.83,559556.8368,84,109
3373,3374.0,leacer,43.903,0.8125,47876.6,557200.8555,83,109
3374,3375.0,leacer,42.857,0.8438,48611.72,557194.4595,83,109
3375,3376.0,leacer,44.209,0.6875,46491.99,550191.0638,80,109
3376,3377.0,leacer,43.162,0.6562,47541.28,554860.8442,82,109
3377,3378.0,leacer,43.163,0.6562,51788.59,554947.5307,82,109
3378,3379.0,leacer,43.243,0.6875,52105.15,554971.8448,82,109
3379,3380.0,leacer,43.041,0.75,50223.52,554923.7872,82,110
3380,3381.0,leacer,45.502,0.5312,41555.01,533844.24,73,110
3381,3382.0,leacer,46.473,0.375,38794.17,531482.5219,72,110
3382,3383.0,leacer,44.748,0.3125,38895.53,545449.4983,78,110
3383,3384.0,leacer,45.103,0.25,38545.56,543116.0303,77,110
3384,3385.0,leacer,44.416,0.3125,52968.9,552873.2501,81,110
3385,3386.0,leacer,44.686,0.2812,136280.63,553085.9389,81,110
3386,3387.0,leacer,45.29,0.3438,144916.15,553075.992,81,110
3387,3388.0,leacer,45.955,0.3438,1719010.75,553072.1974,81,110
3388,3389.0,leacer,46.748,0.3438,5956944.08,553070.5984,81,110
3389,3390.0,leacer,47.065,0.375,5956555.21,555398.9903,82,110
3390,3391.0,leacer,47.16,0.4375,5956516.25,557728.9314,83,110
3391,3392.0,leacer,47.067,0.4375,5956541.2,562388.8754,85,110
3392,3393.0,leacer,46.889,0.4688,5956604.04,567048.9397,87,110
3393,3394.0,leacer,46.79,0.4688,5956702.53,571709.21,89,110
3394,3395.0,leacer,46.119,0.5,5957060.17,569380.3106,88,110
3395,3396.0,leacer,46.409,0.4688,5956936.63,567050.345,87,110
3396,3397.0,leacer,46.035,0.5,5957410.14,571712.6462,89,110
3397,3398.0,leacer,46.251,0.5,5957449.08,569383.6307,88,110
3398,3399.0,leacer,46.005,0.5312,5957783.34,569385.1633,88,110
3399,3400.0,leacer,45.961,0.5625,5958124.71,571717.5387,89,110
3400,3401.0,leacer,45.916,0.5938,5958304.77,574049.6753,90,110
3401,3402.0,leacer,46.085,0.5938,5958346.6,569391.4436,88,110
3402,3403.0,leacer,46.098,0.625,5959025.01,571728.564,89,110
3403,3404.0,leacer,46.183,0.625,5958992.35,574059.0546,90,110
3404,3405.0,leacer,46.105,0.6562,5959203.17,576390.3202,91,110
3405,3406.0,leacer,46.334,0.625,5958955.51,574059.3439,90,110
3406,3407.0,leacer,45.93,0.6562,5959322.48,571731.1493,89,110
3407,3408.0,leacer,45.201,0.625,5959952.45,576393.4731,91,110
3408,3409.0,leacer,44.018,0.6562,5960688.67,578725.0301,92,110
3409,3410.0,leacer,43.574,0.625,5962413.01,578737.8268,92,110
3410,3411.0,leacer,43.731,0.6875,5963168.23,578746.8541,92,111
3411,3412.0,leacer,44.431,0.7188,5962539.07,569423.8832,88,111
3412,3413.0,leacer,43.542,0.8125,5964479.58,567108.1899,87,111
3413,3414.0,leacer,43.281,0.8125,5968012.45,571816.629,89,111
3414,3415.0,leacer,42.839,0.875,5967768.39,578791.6353,92,111
3415,3416.0,leacer,43.23,0.8438,5965583.28,576435.7282,91,111
3416,3417.0,leacer,42.854,0.9375,5965947.52,574105.8769,90,111
3417,3418.0,leacer,42.369,0.9062,5965187.41,574091.902,90,111
3418,3419.0,leacer,41.33,0.9688,5967164.2,576434.7379,91,111
3419,3420.0,leacer,41.298,1.0312,5967993.57,576442.4529,91,111
3420,3421.0,leacer,47.02,0.5625,35879.79,536112.2714,74,111
3421,3422.0,leacer,47.246,0.3438,35587.84,531449.7319,72,111
3422,3423.0,leacer,45.883,0.2812,36609.93,540772.5219,76,111
3423,3424.0,leacer,45.666,0.25,36284.9,538439.2604,75,111
3424,3425.0,leacer,44.138,0.2812,37700.58,552425.3953,81,111
3425,3426.0,leacer,44.894,0.3125,37354.49,559415.1137,84,111
3426,3427.0,leacer,46.395,0.2812,36174.48,561742.0251,85,111
3427,3428.0,leacer,47.033,0.3125,36881.23,564084.6933,86,111
3428,3429.0,leacer,46.366,0.375,38665.41,568761.9787,88,111
3429,3430.0,leacer,47.816,0.3438,38273.09,561780.7826,85,111
3430,3431.0,leacer,46.838,0.375,39733.2,568774.5228,88,111
3431,3432.0,leacer,47.189,0.4062,39237.1,568767.9064,88,111
3432,3433.0,leacer,47.844,0.4375,38619.96,566432.0956,87,111
3433,3434.0,leacer,47.963,0.4688,38269.85,568757.6888,88,111
3434,3435.0,leacer,47.658,0.5,37465.01,571077.9153,89,111
3435,3436.0,leacer,48.128,0.5,36474.41,566410.9078,87,111
3436,3437.0,leacer,48.059,0.5312,36137.84,571066.252,89,111
3437,3438.0,leacer,47.964,0.5,36393.21,568737.8673,88,111
3438,3439.0,leacer,47.491,0.5312,36783.95,571069.4197,89,111
3439,3440.0,leacer,47.469,0.5625,36978.91,568740.9702,88,111
3440,3441.0,leacer,47.469,0.5938,37771.2,571079.394,89,111
3441,3442.0,leacer,47.631,0.5938,37489.76,571076.2163,89,112
3442,3443.0,leacer,46.93,0.6562,37200.81,568741.9499,88,112
3443,3444.0,leacer,47.655,0.625,36376.9,566407.725,87,112
3444,3445.0,leacer,47.15,0.6562,36487.27,568736.7135,88,112
3445,3446.0,leacer,47.617,0.625,36128.44,571065.3991,89,112
3446,3447.0,leacer,46.816,0.6562,37216.31,575730.231,91,112
3447,3448.0,leacer,47.283,0.625,36566.91,575726.8175,91,112
3448,3449.0,leacer,47.901,0.625,35977.85,571064.1466,89,112
3449,3450.0,leacer,47.722,0.6562,36678.7,573398.4877,90,112
3450,3451.0,leacer,46.944,0.6875,37215.33,575730.089,91,112
3451,3452.0,leacer,47.263,0.6562,37075.63,575730.5037,91,112
3452,3453.0,leacer,46.092,0.6875,38033.11,580395.8927,93,112
3453,3454.0,leacer,46.461,0.6562,38613.49,575742.3756,91,112
3454,3455.0,leacer,46.622,0.6875,39061.29,575747.472,91,112
3455,3456.0,leacer,46.313,0.6875,40255.53,568767.3167,88,112
3456,3457.0,leacer,45.652,0.75,40736.81,568769.2848,88,112
3457,3458.0,leacer,44.412,0.7188,41987.68,561785.6684,85,112
3458,3459.0,leacer,43.753,0.75,43952.43,566464.7118,87,112
3459,3460.0,leacer,43.466,0.75,45301.78,561825.8708,85,112
3460,3461.0,leacer,42.987,0.9062,48868.7,564229.333,86,112
3461,3462.0,leacer,43.29,0.875,51290.39,557305.2195,83,112
3462,3463.0,leacer,42.893,0.875,51784.62,564307.6578,86,112
3463,3464.0,leacer,43.025,0.9688,54287.13,566679.9098,87,112
3464,3465.0,leacer,42.075,1.0,52677.98,575959.1363,91,112
3465,3466.0,leacer,42.903,0.875,50406.75,564287.9242,86,112
3466,3467.0,leacer,42.265,0.8125,49226.32,566591.977,87,112
3467,3468.0,leacer,42.395,0.7188,46929.8,566533.5828,87,112
3468,3469.0,leacer,42.27,0.6875,45810.89,564157.1903,86,112
3469,3470.0,leacer,42.111,0.7188,48903.71,557197.9194,83,112
3470,3471.0,leacer,43.795,0.5312,122919.64,546113.2331,78,112
3471,3472.0,leacer,44.542,0.4062,180951.7,541448.9925,76,112
3472,3473.0,leacer,43.934,0.3438,1543783.82,548432.9279,79,113
3473,3474.0,leacer,44.63,0.2812,5960348.31,548428.0487,79,113
3474,3475.0,leacer,44.764,0.3125,5959500.49,553081.949,81,113
3475,3476.0,leacer,44.829,0.3125,5959351.85,560070.8874,84,113
3476,3477.0,leacer,46.595,0.3438,5957184.74,553071.3056,81,113
3477,3478.0,leacer,47.388,0.3438,5956494.79,555398.6768,82,113
3478,3479.0,leacer,48.331,0.4062,5955671.05,557725.659,83,113
3479,3480.0,leacer,48.48,0.375,5955325.79,555394.1155,82,113
3480,3481.0,leacer,47.388,0.4062,5956306.1,567047.9476,87,113
3481,3482.0,leacer,47.699,0.375,5955587.69,564714.5096,86,113
3482,3483.0,leacer,46.507,0.4688,5956340.29,574036.6856,90,113
3483,3484.0,leacer,46.508,0.4375,5956295.12,574036.3948,90,113
3484,3485.0,leacer,46.27,0.5312,5956617.54,578697.7398,92,113
3485,3486.0,leacer,46.641,0.5,5956248.09,576366.2942,91,113
3486,3487.0,leacer,46.611,0.5625,5956417.75,578697.158,92,113
3487,3488.0,leacer,46.55,0.5312,5956479.13,576367.4184,91,113
3488,3489.0,leacer,45.936,0.5938,5957440.94,581032.205,93,113
3489,3490.0,leacer,46.328,0.5625,5956880.34,576369.4489,91,113
3490,3491.0,leacer,46.29,0.625,5956975.19,576369.3941,91,113
3491,3492.0,leacer,45.891,0.5938,5957270.04,576370.5856,91,113
3492,3493.0,leacer,46.443,0.625,5956845.47,569379.393,88,113
3493,3494.0,leacer,46.286,0.625,5957029.13,576370.4527,91,113
3494,3495.0,leacer,45.81,0.6562,5957746.53,576373.8834,91,113
3495,3496.0,leacer,45.981,0.625,5957806.79,576374.9357,91,113
3496,3497.0,leacer,45.21,0.6875,5958197.87,571716.4573,89,113
3497,3498.0,leacer,45.244,0.6875,5958354.69,574047.8862,90,113
3498,3499.0,leacer,45.821,0.75,5958269.54,567058.8799,87,113
3499,3500.0,leacer,45.808,0.7188,5958795.5,569393.2681,88,113
3500,3501.0,leacer,45.281,0.7812,5960580.72,571738.5009,89,113
3501,3502.0,leacer,44.981,0.75,5963619.02,571778.6813,89,113
3502,3503.0,leacer,43.305,0.8125,5982265.24,577167.2232,91,113
3503,3504.0,leacer,43.043,0.8438,6267749.13,575971.7603,89,114
3504,3505.0,leacer,43.17,0.9375,5969173.39,578820.774,92,114
3505,3506.0,leacer,42.513,1.0,5971000.18,576501.1823,91,114
3506,3507.0,leacer,42.567,1.0625,5968565.46,576464.6651,91,114
3507,3508.0,leacer,42.584,1.125,5970604.72,574155.6707,90,114
3508,3509.0,leacer,41.637,1.1562,5972604.86,581164.4972,93,114
3509,3510.0,leacer,41.326,1.2188,5974626.07,583523.8287,94,114
3510,3511.0,leacer,46.457,0.6875,42555.98,533857.7219,73,114
3511,3512.0,leacer,46.628,0.3438,40790.51,533832.762,73,114
3512,3513.0,leacer,44.696,0.1875,39816.59,545455.2295,78,114
3513,3514.0,leacer,45.829,0.0938,36468.04,533782.0194,73,114
3514,3515.0,leacer,45.63,0.1875,36355.16,550091.9888,80,114
3515,3516.0,leacer,45.638,0.1875,35796.11,557077.0257,83,114
3516,3517.0,leacer,47.08,0.2812,34409.79,552411.2839,81,114
3517,3518.0,leacer,47.044,0.25,34355.5,566390.2733,87,114
3518,3519.0,leacer,46.633,0.25,34694.32,580371.304,93,114
3519,3520.0,leacer,47.266,0.1875,34273.91,575710.1567,91,114
3520,3521.0,leacer,47.09,0.3125,34748.59,578042.9096,92,114
3521,3522.0,leacer,47.761,0.25,34006.87,578039.6212,92,114
3522,3523.0,leacer,47.648,0.2812,34161.07,585030.1462,95,114
3523,3524.0,leacer,48.372,0.2812,33327.15,585026.5152,95,114
3524,3525.0,leacer,48.689,0.3438,33155.3,585025.7729,95,114
3525,3526.0,leacer,49.128,0.3125,32831.07,582694.9089,94,114
3526,3527.0,leacer,48.583,0.3125,33507.78,587358.066,96,114
3527,3528.0,leacer,49.014,0.3125,33377.01,587358.2441,96,114
3528,3529.0,leacer,49.387,0.375,33265.68,582698.578,94,114
3529,3530.0,leacer,49.552,0.4062,33782.96,587362.8356,96,114
3530,3531.0,leacer,49.563,0.4375,34657.12,589703.3629,97,114
3531,3532.0,leacer,49.771,0.4688,34740.23,589704.4063,97,114
3532,3533.0,leacer,48.971,0.5,35867.46,594369.699,99,114
3533,3534.0,leacer,48.924,0.4688,35623.8,594367.0935,99,114
3534,3535.0,leacer,48.502,0.5625,35909.4,594367.7598,99,115
3535,3536.0,leacer,49.243,0.5312,35068.5,587372.8751,96,115
3536,3537.0,leacer,48.285,0.5625,35776.03,594364.7188,99,115
3537,3538.0,leacer,48.322,0.5312,35645.84,594363.6285,99,115
3538,3539.0,leacer,48.001,0.5625,35731.91,596692.8807,100,115
3539,3540.0,leacer,47.604,0.5312,36733.7,592039.1667,98,115
3540,3541.0,leacer,46.325,0.5625,37192.37,599029.4544,101,115
3541,3542.0,leacer,46.371,0.5625,36959.35,596697.9969,100,115
3542,3543.0,leacer,46.653,0.5938,37050.62,592039.4014,98,115
3543,3544.0,leacer,46.901,0.5625,37125.45,589710.4275,97,115
3544,3545.0,leacer,46.608,0.5938,38802.84,589726.5183,97,115
3545,3546.0,leacer,46.27,0.625,38741.07,589722.6692,97,115
3546,3547.0,leacer,46.009,0.6562,38795.28,596711.2445,100,115
3547,3548.0,leacer,46.149,0.6562,38651.21,594380.6837,99,115
3548,3549.0,leacer,45.463,0.7188,40205.97,599053.2294,101,115
3549,3550.0,leacer,44.406,0.6875,42899.12,592089.2925,98,115
3550,3551.0,leacer,44.397,0.7188,43597.58,585105.4175,95,115
3551,3552.0,leacer,43.674,0.7812,45610.03,582791.7187,94,115
3552,3553.0,leacer,41.336,0.8438,47275.2,587462.2977,96,115
3553,3554.0,leacer,42.225,0.8438,48046.61,585159.1514,95,115
3554,3555.0,leacer,42.321,0.875,49010.0,589840.6779,97,115
3555,3556.0,leacer,42.263,0.75,47403.75,587483.3893,96,115
3556,3557.0,leacer,42.047,0.625,46510.96,585141.893,95,115
3557,3558.0,leacer,42.897,0.5312,44671.32,582790.153,94,115
3558,3559.0,leacer,42.994,0.5,46613.02,580485.6186,93,115
3559,3560.0,leacer,42.682,0.5,47187.87,580483.6743,93,115
3560,3561.0,leacer,46.481,0.3125,37703.97,566418.1693,87,115
3561,3562.0,leacer,46.156,0.3125,36964.05,571068.4362,89,115
3562,3563.0,leacer,45.04,0.3125,37224.94,585047.3352,95,115
3563,3564.0,leacer,46.28,0.2812,36665.5,580390.9392,93,115
3564,3565.0,leacer,46.983,0.3438,35056.9,587367.4046,96,115
3565,3566.0,leacer,46.906,0.3438,37821.04,594390.7172,99,116
3566,3567.0,leacer,47.889,0.375,33466.68,585027.087,95,116
3567,3568.0,leacer,48.399,0.375,32498.59,589681.8971,97,116
3568,3569.0,leacer,47.863,0.4062,32865.97,596672.7855,100,116
3569,3570.0,leacer,47.969,0.4062,32340.46,594339.7391,99,116
3570,3571.0,leacer,48.134,0.4375,32120.24,598998.192,101,116
3571,3572.0,leacer,48.593,0.4688,31688.92,596666.6511,100,116
3572,3573.0,leacer,48.526,0.5,31873.36,598997.7085,101,116
3573,3574.0,leacer,48.855,0.5,31586.18,598996.7692,101,116
3574,3575.0,leacer,47.882,0.5312,31942.48,596667.3981,100,116
3575,3576.0,leacer,48.409,0.5,31519.6,594336.1041,99,116
3576,3577.0,leacer,48.09,0.5312,32003.27,596668.433,100,116
3577,3578.0,leacer,48.193,0.5312,31701.01,596666.7797,100,116
3578,3579.0,leacer,48.292,0.5625,31644.62,598996.6501,101,116
3579,3580.0,leacer,48.39,0.5312,31633.94,598996.689,101,116
3580,3581.0,leacer,48.483,0.5938,31726.42,603657.4159,103,116
3581,3582.0,leacer,48.901,0.5625,31362.89,598995.9469,101,116
3582,3583.0,leacer,48.679,0.5938,31711.73,598997.5361,101,116
3583,3584.0,leacer,48.974,0.5625,31455.85,601326.4993,102,116
3584,3585.0,leacer,48.108,0.5938,32186.13,603658.5542,103,116
3585,3586.0,leacer,48.619,0.5625,31780.22,598997.1116,101,116
3586,3587.0,leacer,47.71,0.5938,32983.37,599002.4457,101,116
3587,3588.0,leacer,47.577,0.5625,33308.92,601334.5422,102,116
3588,3589.0,leacer,46.752,0.5938,34529.7,606001.6972,104,116
3589,3590.0,leacer,46.097,0.625,38160.82,592071.4003,98,116
3590,3591.0,leacer,45.82,0.6875,40150.03,594435.5595,99,116
3591,3592.0,leacer,44.834,0.6875,44862.84,587499.2514,96,116
3592,3593.0,leacer,44.234,0.6875,51229.8,585334.0154,95,116
3593,3594.0,leacer,43.793,0.6875,54487.07,585513.9036,95,116
3594,3595.0,leacer,42.862,0.875,53866.11,583056.302,94,116
3595,3596.0,leacer,42.814,1.0312,53944.95,578376.3278,92,116
3596,3597.0,leacer,42.814,1.0938,51911.97,575971.6623,91,117
3597,3598.0,leacer,43.281,1.125,49927.67,573600.425,90,117
3598,3599.0,leacer,42.7,1.125,51349.25,575946.5106,91,117
3599,3600.0,leacer,41.837,1.1562,53573.46,575957.9684,91,117
